ISO-10303-21;
HEADER;
/* Generated by software containing ST-Developer
 * from STEP Tools, Inc. (www.steptools.com) 
 */

FILE_DESCRIPTION(
/* description */ (''),
/* implementation_level */ '2;1');

FILE_NAME(
/* name */ 'cgbucart_snapfit_10_2_26.step',
/* time_stamp */ '2026-10-02T20:24:44-07:00',
/* author */ (''),
/* organization */ (''),
/* preprocessor_version */ 'ST-DEVELOPER v20.1',
/* originating_system */ 'Autodesk Translation Framework v15.8.0.0',
/* authorisation */ '');

FILE_SCHEMA (('AUTOMOTIVE_DESIGN { 1 0 10303 214 3 1 1 }'));
ENDSEC;

DATA;
#10=MECHANICAL_DESIGN_GEOMETRIC_PRESENTATION_REPRESENTATION('',(#25,#26),
#5742);
#11=ITEM_DEFINED_TRANSFORMATION($,$,#3337,#3653);
#12=ITEM_DEFINED_TRANSFORMATION($,$,#3543,#3654);
#13=(
REPRESENTATION_RELATIONSHIP($,$,#5756,#5755)
REPRESENTATION_RELATIONSHIP_WITH_TRANSFORMATION(#11)
SHAPE_REPRESENTATION_RELATIONSHIP()
);
#14=(
REPRESENTATION_RELATIONSHIP($,$,#5757,#5755)
REPRESENTATION_RELATIONSHIP_WITH_TRANSFORMATION(#12)
SHAPE_REPRESENTATION_RELATIONSHIP()
);
#15=CONTEXT_DEPENDENT_SHAPE_REPRESENTATION(#13,#5753);
#16=CONTEXT_DEPENDENT_SHAPE_REPRESENTATION(#14,#5754);
#17=NEXT_ASSEMBLY_USAGE_OCCURRENCE('TopShell:1','TopShell:1',
'TopShell:1',#5759,#5760,'TopShell:1');
#18=NEXT_ASSEMBLY_USAGE_OCCURRENCE('BottomShell:1','BottomShell:1',
'BottomShell:1',#5759,#5761,'BottomShell:1');
#19=FACE_BOUND('',#1171,.T.);
#20=FACE_BOUND('',#1172,.T.);
#21=SHAPE_REPRESENTATION_RELATIONSHIP('SRR','None',#5756,#23);
#22=SHAPE_REPRESENTATION_RELATIONSHIP('SRR','None',#5757,#24);
#23=ADVANCED_BREP_SHAPE_REPRESENTATION('',(#27),#5740);
#24=ADVANCED_BREP_SHAPE_REPRESENTATION('',(#28),#5741);
#25=STYLED_ITEM('',(#5775),#27);
#26=STYLED_ITEM('',(#5775),#28);
#27=MANIFOLD_SOLID_BREP('Body1',#3311);
#28=MANIFOLD_SOLID_BREP('Body1',#3312);
#29=PLANE('',#3408);
#30=PLANE('',#3409);
#31=PLANE('',#3412);
#32=PLANE('',#3415);
#33=PLANE('',#3416);
#34=PLANE('',#3417);
#35=PLANE('',#3420);
#36=PLANE('',#3423);
#37=PLANE('',#3426);
#38=PLANE('',#3429);
#39=PLANE('',#3432);
#40=PLANE('',#3437);
#41=PLANE('',#3438);
#42=PLANE('',#3444);
#43=PLANE('',#3446);
#44=PLANE('',#3447);
#45=PLANE('',#3449);
#46=PLANE('',#3453);
#47=PLANE('',#3459);
#48=PLANE('',#3461);
#49=PLANE('',#3462);
#50=PLANE('',#3464);
#51=PLANE('',#3468);
#52=PLANE('',#3469);
#53=PLANE('',#3470);
#54=PLANE('',#3477);
#55=PLANE('',#3478);
#56=PLANE('',#3479);
#57=PLANE('',#3481);
#58=PLANE('',#3484);
#59=PLANE('',#3485);
#60=PLANE('',#3486);
#61=PLANE('',#3487);
#62=PLANE('',#3489);
#63=PLANE('',#3490);
#64=PLANE('',#3491);
#65=PLANE('',#3496);
#66=PLANE('',#3497);
#67=PLANE('',#3498);
#68=PLANE('',#3501);
#69=PLANE('',#3510);
#70=PLANE('',#3511);
#71=PLANE('',#3512);
#72=PLANE('',#3515);
#73=PLANE('',#3520);
#74=PLANE('',#3521);
#75=PLANE('',#3522);
#76=PLANE('',#3523);
#77=PLANE('',#3524);
#78=PLANE('',#3525);
#79=PLANE('',#3530);
#80=PLANE('',#3533);
#81=PLANE('',#3534);
#82=PLANE('',#3536);
#83=PLANE('',#3538);
#84=PLANE('',#3542);
#85=PLANE('',#3547);
#86=PLANE('',#3565);
#87=PLANE('',#3569);
#88=PLANE('',#3570);
#89=PLANE('',#3572);
#90=PLANE('',#3588);
#91=PLANE('',#3589);
#92=PLANE('',#3590);
#93=PLANE('',#3591);
#94=PLANE('',#3592);
#95=PLANE('',#3593);
#96=PLANE('',#3594);
#97=PLANE('',#3597);
#98=PLANE('',#3598);
#99=PLANE('',#3599);
#100=PLANE('',#3602);
#101=PLANE('',#3603);
#102=PLANE('',#3604);
#103=PLANE('',#3605);
#104=PLANE('',#3606);
#105=PLANE('',#3609);
#106=PLANE('',#3610);
#107=PLANE('',#3611);
#108=PLANE('',#3612);
#109=PLANE('',#3613);
#110=PLANE('',#3616);
#111=PLANE('',#3617);
#112=PLANE('',#3620);
#113=PLANE('',#3621);
#114=PLANE('',#3624);
#115=PLANE('',#3625);
#116=PLANE('',#3626);
#117=PLANE('',#3629);
#118=PLANE('',#3632);
#119=PLANE('',#3635);
#120=PLANE('',#3636);
#121=PLANE('',#3639);
#122=PLANE('',#3640);
#123=PLANE('',#3641);
#124=PLANE('',#3642);
#125=PLANE('',#3643);
#126=PLANE('',#3644);
#127=PLANE('',#3647);
#128=PLANE('',#3650);
#129=PLANE('',#3651);
#130=PLANE('',#3652);
#131=B_SPLINE_CURVE_WITH_KNOTS('',3,(#4762,#4763,#4764,#4765,#4766,#4767,
#4768,#4769,#4770,#4771,#4772,#4773),.UNSPECIFIED.,.F.,.F.,(4,2,2,2,2,4),
(0.238214601278652,0.260198629808958,0.282182658339264,0.303133872429942,
0.313609479475281,0.313658491340154),.UNSPECIFIED.);
#132=B_SPLINE_CURVE_WITH_KNOTS('',3,(#4844,#4845,#4846,#4847),
 .UNSPECIFIED.,.F.,.F.,(4,4),(0.839756691640491,0.844310542662404),
 .UNSPECIFIED.);
#133=B_SPLINE_CURVE_WITH_KNOTS('',3,(#4849,#4850,#4851,#4852,#4853,#4854,
#4855,#4856,#4857,#4858,#4859,#4860,#4861,#4862,#4863,#4864,#4865,#4866,
#4867),.UNSPECIFIED.,.F.,.F.,(4,2,2,2,3,2,2,2,4),(0.323843069116036,0.334233110018166,
0.347930092821551,0.358653810970879,0.363904715539297,0.373877701162117,
0.385391456275454,0.400941356807886,0.402820264696475),.UNSPECIFIED.);
#134=B_SPLINE_CURVE_WITH_KNOTS('',3,(#4869,#4870,#4871,#4872),
 .UNSPECIFIED.,.F.,.F.,(4,4),(0.112292816742987,0.116846660269408),
 .UNSPECIFIED.);
#135=B_SPLINE_CURVE_WITH_KNOTS('',3,(#4910,#4911,#4912,#4913,#4914,#4915,
#4916,#4917),.UNSPECIFIED.,.F.,.F.,(4,2,2,4),(0.0100500239119235,0.0428988861430556,
0.0694097785643371,0.116846639291879),.UNSPECIFIED.);
#136=B_SPLINE_CURVE_WITH_KNOTS('',3,(#4919,#4920,#4921,#4922,#4923,#4924,
#4925,#4926,#4927),.UNSPECIFIED.,.F.,.F.,(4,2,3,4),(0.115268957299379,0.116454090152035,
0.120899653985954,0.125553149634327),.UNSPECIFIED.);
#137=B_SPLINE_CURVE_WITH_KNOTS('',3,(#5414,#5415,#5416,#5417,#5418,#5419,
#5420,#5421),.UNSPECIFIED.,.F.,.F.,(4,2,2,4),(0.,0.0306734862754437,0.0483797016367434,
0.0621855273724488),.UNSPECIFIED.);
#138=TOROIDAL_SURFACE('',#3353,1.29375,0.79375);
#139=TOROIDAL_SURFACE('',#3376,1.29375,0.79375);
#140=TOROIDAL_SURFACE('',#3393,1.29375,0.79375);
#141=TOROIDAL_SURFACE('',#3406,1.29375,0.79375);
#142=(
BOUNDED_SURFACE()
B_SPLINE_SURFACE(2,2,((#4680,#4681,#4682),(#4683,#4684,#4685),(#4686,#4687,
#4688)),.UNSPECIFIED.,.F.,.F.,.F.)
B_SPLINE_SURFACE_WITH_KNOTS((3,3),(3,3),(-1.19279007892233E-16,1.5707963267949),
(-3.14159265358979,-1.5707963267949),.UNSPECIFIED.)
GEOMETRIC_REPRESENTATION_ITEM()
RATIONAL_B_SPLINE_SURFACE(((1.,0.707106781186548,1.),(0.707106781186545,
0.499999999999999,0.707106781186545),(1.,0.707106781186548,1.)))
REPRESENTATION_ITEM('')
SURFACE()
);
#143=(
BOUNDED_SURFACE()
B_SPLINE_SURFACE(2,2,((#4715,#4716,#4717),(#4718,#4719,#4720),(#4721,#4722,
#4723)),.UNSPECIFIED.,.F.,.F.,.F.)
B_SPLINE_SURFACE_WITH_KNOTS((3,3),(3,3),(0.,1.57079632679494),(1.57079632679489,
3.14159265358979),.UNSPECIFIED.)
GEOMETRIC_REPRESENTATION_ITEM()
RATIONAL_B_SPLINE_SURFACE(((1.,0.707106781186544,1.),(0.707106781186529,
0.499999999999984,0.707106781186529),(1.,0.707106781186544,1.)))
REPRESENTATION_ITEM('')
SURFACE()
);
#144=(
BOUNDED_SURFACE()
B_SPLINE_SURFACE(2,2,((#4738,#4739,#4740),(#4741,#4742,#4743),(#4744,#4745,
#4746)),.UNSPECIFIED.,.F.,.F.,.F.)
B_SPLINE_SURFACE_WITH_KNOTS((3,3),(3,3),(-1.19279007892233E-16,1.5707963267949),
(-1.5707963267949,4.71303465126407E-16),.UNSPECIFIED.)
GEOMETRIC_REPRESENTATION_ITEM()
RATIONAL_B_SPLINE_SURFACE(((1.,0.707106781186547,1.),(0.707106781186546,
0.499999999999999,0.707106781186546),(1.,0.707106781186547,1.)))
REPRESENTATION_ITEM('')
SURFACE()
);
#145=(
BOUNDED_SURFACE()
B_SPLINE_SURFACE(2,2,((#4801,#4802,#4803),(#4804,#4805,#4806),(#4807,#4808,
#4809)),.UNSPECIFIED.,.F.,.F.,.F.)
B_SPLINE_SURFACE_WITH_KNOTS((3,3),(3,3),(-1.19279007892233E-16,1.57079632679491),
(-1.57079632679491,4.71303465126407E-16),.UNSPECIFIED.)
GEOMETRIC_REPRESENTATION_ITEM()
RATIONAL_B_SPLINE_SURFACE(((1.,0.707106781186544,1.),(0.707106781186544,
0.499999999999995,0.707106781186544),(1.,0.707106781186544,1.)))
REPRESENTATION_ITEM('')
SURFACE()
);
#146=(
BOUNDED_SURFACE()
B_SPLINE_SURFACE(2,2,((#4821,#4822,#4823),(#4824,#4825,#4826),(#4827,#4828,
#4829)),.UNSPECIFIED.,.F.,.F.,.F.)
B_SPLINE_SURFACE_WITH_KNOTS((3,3),(3,3),(0.,1.57079632679492),(0.,1.5707963267949),
 .UNSPECIFIED.)
GEOMETRIC_REPRESENTATION_ITEM()
RATIONAL_B_SPLINE_SURFACE(((1.,0.707106781186548,1.),(0.70710678118654,
0.499999999999994,0.70710678118654),(1.,0.707106781186548,1.)))
REPRESENTATION_ITEM('')
SURFACE()
);
#147=(
BOUNDED_SURFACE()
B_SPLINE_SURFACE(2,2,((#4888,#4889,#4890),(#4891,#4892,#4893),(#4894,#4895,
#4896)),.UNSPECIFIED.,.F.,.F.,.F.)
B_SPLINE_SURFACE_WITH_KNOTS((3,3),(3,3),(-1.19279007892233E-16,1.57079632679493),
(-1.57079632679491,4.71303465126402E-16),.UNSPECIFIED.)
GEOMETRIC_REPRESENTATION_ITEM()
RATIONAL_B_SPLINE_SURFACE(((1.,0.707106781186544,1.),(0.707106781186541,
0.499999999999992,0.707106781186541),(1.,0.707106781186544,1.)))
REPRESENTATION_ITEM('')
SURFACE()
);
#148=LINE('',#4665,#479);
#149=LINE('',#4669,#480);
#150=LINE('',#4676,#481);
#151=LINE('',#4679,#482);
#152=LINE('',#4696,#483);
#153=LINE('',#4698,#484);
#154=LINE('',#4701,#485);
#155=LINE('',#4702,#486);
#156=LINE('',#4713,#487);
#157=LINE('',#4714,#488);
#158=LINE('',#4730,#489);
#159=LINE('',#4731,#490);
#160=LINE('',#4734,#491);
#161=LINE('',#4737,#492);
#162=LINE('',#4756,#493);
#163=LINE('',#4758,#494);
#164=LINE('',#4776,#495);
#165=LINE('',#4780,#496);
#166=LINE('',#4784,#497);
#167=LINE('',#4799,#498);
#168=LINE('',#4800,#499);
#169=LINE('',#4819,#500);
#170=LINE('',#4820,#501);
#171=LINE('',#4839,#502);
#172=LINE('',#4840,#503);
#173=LINE('',#4880,#504);
#174=LINE('',#4881,#505);
#175=LINE('',#4884,#506);
#176=LINE('',#4887,#507);
#177=LINE('',#4906,#508);
#178=LINE('',#4907,#509);
#179=LINE('',#4929,#510);
#180=LINE('',#4931,#511);
#181=LINE('',#4933,#512);
#182=LINE('',#4937,#513);
#183=LINE('',#4940,#514);
#184=LINE('',#4943,#515);
#185=LINE('',#4945,#516);
#186=LINE('',#4947,#517);
#187=LINE('',#4948,#518);
#188=LINE('',#4951,#519);
#189=LINE('',#4955,#520);
#190=LINE('',#4956,#521);
#191=LINE('',#4959,#522);
#192=LINE('',#4960,#523);
#193=LINE('',#4963,#524);
#194=LINE('',#4965,#525);
#195=LINE('',#4967,#526);
#196=LINE('',#4968,#527);
#197=LINE('',#4971,#528);
#198=LINE('',#4975,#529);
#199=LINE('',#4976,#530);
#200=LINE('',#4979,#531);
#201=LINE('',#4983,#532);
#202=LINE('',#4985,#533);
#203=LINE('',#4987,#534);
#204=LINE('',#4988,#535);
#205=LINE('',#4991,#536);
#206=LINE('',#4995,#537);
#207=LINE('',#4997,#538);
#208=LINE('',#4999,#539);
#209=LINE('',#5001,#540);
#210=LINE('',#5003,#541);
#211=LINE('',#5005,#542);
#212=LINE('',#5007,#543);
#213=LINE('',#5008,#544);
#214=LINE('',#5011,#545);
#215=LINE('',#5015,#546);
#216=LINE('',#5016,#547);
#217=LINE('',#5019,#548);
#218=LINE('',#5023,#549);
#219=LINE('',#5025,#550);
#220=LINE('',#5026,#551);
#221=LINE('',#5029,#552);
#222=LINE('',#5032,#553);
#223=LINE('',#5035,#554);
#224=LINE('',#5038,#555);
#225=LINE('',#5041,#556);
#226=LINE('',#5042,#557);
#227=LINE('',#5045,#558);
#228=LINE('',#5047,#559);
#229=LINE('',#5049,#560);
#230=LINE('',#5051,#561);
#231=LINE('',#5053,#562);
#232=LINE('',#5055,#563);
#233=LINE('',#5056,#564);
#234=LINE('',#5062,#565);
#235=LINE('',#5066,#566);
#236=LINE('',#5070,#567);
#237=LINE('',#5074,#568);
#238=LINE('',#5077,#569);
#239=LINE('',#5080,#570);
#240=LINE('',#5081,#571);
#241=LINE('',#5084,#572);
#242=LINE('',#5088,#573);
#243=LINE('',#5090,#574);
#244=LINE('',#5092,#575);
#245=LINE('',#5096,#576);
#246=LINE('',#5099,#577);
#247=LINE('',#5102,#578);
#248=LINE('',#5103,#579);
#249=LINE('',#5109,#580);
#250=LINE('',#5115,#581);
#251=LINE('',#5118,#582);
#252=LINE('',#5121,#583);
#253=LINE('',#5124,#584);
#254=LINE('',#5127,#585);
#255=LINE('',#5128,#586);
#256=LINE('',#5131,#587);
#257=LINE('',#5135,#588);
#258=LINE('',#5136,#589);
#259=LINE('',#5141,#590);
#260=LINE('',#5146,#591);
#261=LINE('',#5148,#592);
#262=LINE('',#5150,#593);
#263=LINE('',#5151,#594);
#264=LINE('',#5154,#595);
#265=LINE('',#5156,#596);
#266=LINE('',#5158,#597);
#267=LINE('',#5160,#598);
#268=LINE('',#5162,#599);
#269=LINE('',#5164,#600);
#270=LINE('',#5165,#601);
#271=LINE('',#5167,#602);
#272=LINE('',#5168,#603);
#273=LINE('',#5169,#604);
#274=LINE('',#5172,#605);
#275=LINE('',#5180,#606);
#276=LINE('',#5188,#607);
#277=LINE('',#5190,#608);
#278=LINE('',#5191,#609);
#279=LINE('',#5193,#610);
#280=LINE('',#5195,#611);
#281=LINE('',#5197,#612);
#282=LINE('',#5204,#613);
#283=LINE('',#5206,#614);
#284=LINE('',#5207,#615);
#285=LINE('',#5208,#616);
#286=LINE('',#5211,#617);
#287=LINE('',#5212,#618);
#288=LINE('',#5214,#619);
#289=LINE('',#5216,#620);
#290=LINE('',#5220,#621);
#291=LINE('',#5221,#622);
#292=LINE('',#5223,#623);
#293=LINE('',#5227,#624);
#294=LINE('',#5229,#625);
#295=LINE('',#5230,#626);
#296=LINE('',#5232,#627);
#297=LINE('',#5233,#628);
#298=LINE('',#5236,#629);
#299=LINE('',#5238,#630);
#300=LINE('',#5240,#631);
#301=LINE('',#5241,#632);
#302=LINE('',#5247,#633);
#303=LINE('',#5249,#634);
#304=LINE('',#5255,#635);
#305=LINE('',#5258,#636);
#306=LINE('',#5261,#637);
#307=LINE('',#5263,#638);
#308=LINE('',#5264,#639);
#309=LINE('',#5269,#640);
#310=LINE('',#5270,#641);
#311=LINE('',#5273,#642);
#312=LINE('',#5279,#643);
#313=LINE('',#5280,#644);
#314=LINE('',#5284,#645);
#315=LINE('',#5286,#646);
#316=LINE('',#5288,#647);
#317=LINE('',#5293,#648);
#318=LINE('',#5297,#649);
#319=LINE('',#5299,#650);
#320=LINE('',#5300,#651);
#321=LINE('',#5307,#652);
#322=LINE('',#5308,#653);
#323=LINE('',#5310,#654);
#324=LINE('',#5312,#655);
#325=LINE('',#5314,#656);
#326=LINE('',#5316,#657);
#327=LINE('',#5321,#658);
#328=LINE('',#5324,#659);
#329=LINE('',#5325,#660);
#330=LINE('',#5330,#661);
#331=LINE('',#5333,#662);
#332=LINE('',#5335,#663);
#333=LINE('',#5337,#664);
#334=LINE('',#5339,#665);
#335=LINE('',#5341,#666);
#336=LINE('',#5343,#667);
#337=LINE('',#5355,#668);
#338=LINE('',#5358,#669);
#339=LINE('',#5361,#670);
#340=LINE('',#5363,#671);
#341=LINE('',#5365,#672);
#342=LINE('',#5367,#673);
#343=LINE('',#5369,#674);
#344=LINE('',#5371,#675);
#345=LINE('',#5372,#676);
#346=LINE('',#5377,#677);
#347=LINE('',#5383,#678);
#348=LINE('',#5392,#679);
#349=LINE('',#5395,#680);
#350=LINE('',#5400,#681);
#351=LINE('',#5407,#682);
#352=LINE('',#5411,#683);
#353=LINE('',#5423,#684);
#354=LINE('',#5424,#685);
#355=LINE('',#5429,#686);
#356=LINE('',#5432,#687);
#357=LINE('',#5433,#688);
#358=LINE('',#5438,#689);
#359=LINE('',#5439,#690);
#360=LINE('',#5442,#691);
#361=LINE('',#5446,#692);
#362=LINE('',#5448,#693);
#363=LINE('',#5450,#694);
#364=LINE('',#5454,#695);
#365=LINE('',#5456,#696);
#366=LINE('',#5458,#697);
#367=LINE('',#5460,#698);
#368=LINE('',#5462,#699);
#369=LINE('',#5466,#700);
#370=LINE('',#5468,#701);
#371=LINE('',#5472,#702);
#372=LINE('',#5476,#703);
#373=LINE('',#5478,#704);
#374=LINE('',#5482,#705);
#375=LINE('',#5484,#706);
#376=LINE('',#5486,#707);
#377=LINE('',#5488,#708);
#378=LINE('',#5490,#709);
#379=LINE('',#5494,#710);
#380=LINE('',#5496,#711);
#381=LINE('',#5498,#712);
#382=LINE('',#5504,#713);
#383=LINE('',#5506,#714);
#384=LINE('',#5508,#715);
#385=LINE('',#5510,#716);
#386=LINE('',#5512,#717);
#387=LINE('',#5515,#718);
#388=LINE('',#5518,#719);
#389=LINE('',#5520,#720);
#390=LINE('',#5522,#721);
#391=LINE('',#5524,#722);
#392=LINE('',#5528,#723);
#393=LINE('',#5530,#724);
#394=LINE('',#5532,#725);
#395=LINE('',#5535,#726);
#396=LINE('',#5538,#727);
#397=LINE('',#5541,#728);
#398=LINE('',#5545,#729);
#399=LINE('',#5547,#730);
#400=LINE('',#5548,#731);
#401=LINE('',#5551,#732);
#402=LINE('',#5553,#733);
#403=LINE('',#5554,#734);
#404=LINE('',#5557,#735);
#405=LINE('',#5558,#736);
#406=LINE('',#5561,#737);
#407=LINE('',#5562,#738);
#408=LINE('',#5565,#739);
#409=LINE('',#5566,#740);
#410=LINE('',#5572,#741);
#411=LINE('',#5574,#742);
#412=LINE('',#5575,#743);
#413=LINE('',#5578,#744);
#414=LINE('',#5579,#745);
#415=LINE('',#5582,#746);
#416=LINE('',#5585,#747);
#417=LINE('',#5587,#748);
#418=LINE('',#5589,#749);
#419=LINE('',#5592,#750);
#420=LINE('',#5594,#751);
#421=LINE('',#5595,#752);
#422=LINE('',#5598,#753);
#423=LINE('',#5599,#754);
#424=LINE('',#5602,#755);
#425=LINE('',#5603,#756);
#426=LINE('',#5607,#757);
#427=LINE('',#5609,#758);
#428=LINE('',#5613,#759);
#429=LINE('',#5615,#760);
#430=LINE('',#5616,#761);
#431=LINE('',#5619,#762);
#432=LINE('',#5620,#763);
#433=LINE('',#5623,#764);
#434=LINE('',#5624,#765);
#435=LINE('',#5628,#766);
#436=LINE('',#5630,#767);
#437=LINE('',#5634,#768);
#438=LINE('',#5635,#769);
#439=LINE('',#5636,#770);
#440=LINE('',#5641,#771);
#441=LINE('',#5642,#772);
#442=LINE('',#5644,#773);
#443=LINE('',#5648,#774);
#444=LINE('',#5649,#775);
#445=LINE('',#5650,#776);
#446=LINE('',#5654,#777);
#447=LINE('',#5657,#778);
#448=LINE('',#5659,#779);
#449=LINE('',#5660,#780);
#450=LINE('',#5663,#781);
#451=LINE('',#5664,#782);
#452=LINE('',#5667,#783);
#453=LINE('',#5668,#784);
#454=LINE('',#5673,#785);
#455=LINE('',#5674,#786);
#456=LINE('',#5680,#787);
#457=LINE('',#5681,#788);
#458=LINE('',#5682,#789);
#459=LINE('',#5687,#790);
#460=LINE('',#5688,#791);
#461=LINE('',#5690,#792);
#462=LINE('',#5694,#793);
#463=LINE('',#5695,#794);
#464=LINE('',#5696,#795);
#465=LINE('',#5700,#796);
#466=LINE('',#5702,#797);
#467=LINE('',#5706,#798);
#468=LINE('',#5707,#799);
#469=LINE('',#5710,#800);
#470=LINE('',#5711,#801);
#471=LINE('',#5714,#802);
#472=LINE('',#5715,#803);
#473=LINE('',#5718,#804);
#474=LINE('',#5719,#805);
#475=LINE('',#5724,#806);
#476=LINE('',#5725,#807);
#477=LINE('',#5729,#808);
#478=LINE('',#5731,#809);
#479=VECTOR('',#3667,10.);
#480=VECTOR('',#3670,10.);
#481=VECTOR('',#3677,10.);
#482=VECTOR('',#3680,10.);
#483=VECTOR('',#3689,10.);
#484=VECTOR('',#3690,10.);
#485=VECTOR('',#3695,10.);
#486=VECTOR('',#3696,10.);
#487=VECTOR('',#3709,10.);
#488=VECTOR('',#3710,10.);
#489=VECTOR('',#3719,10.);
#490=VECTOR('',#3720,10.);
#491=VECTOR('',#3723,10.);
#492=VECTOR('',#3726,10.);
#493=VECTOR('',#3737,10.);
#494=VECTOR('',#3738,10.);
#495=VECTOR('',#3745,10.);
#496=VECTOR('',#3748,10.);
#497=VECTOR('',#3751,10.);
#498=VECTOR('',#3768,10.);
#499=VECTOR('',#3769,10.);
#500=VECTOR('',#3780,10.);
#501=VECTOR('',#3781,10.);
#502=VECTOR('',#3792,10.);
#503=VECTOR('',#3793,10.);
#504=VECTOR('',#3806,10.);
#505=VECTOR('',#3807,10.);
#506=VECTOR('',#3810,10.);
#507=VECTOR('',#3813,10.);
#508=VECTOR('',#3824,10.);
#509=VECTOR('',#3825,10.);
#510=VECTOR('',#3832,10.);
#511=VECTOR('',#3835,10.);
#512=VECTOR('',#3836,10.);
#513=VECTOR('',#3839,10.);
#514=VECTOR('',#3842,10.);
#515=VECTOR('',#3845,10.);
#516=VECTOR('',#3846,10.);
#517=VECTOR('',#3847,10.);
#518=VECTOR('',#3848,10.);
#519=VECTOR('',#3851,10.);
#520=VECTOR('',#3856,10.);
#521=VECTOR('',#3857,10.);
#522=VECTOR('',#3860,10.);
#523=VECTOR('',#3861,10.);
#524=VECTOR('',#3864,10.);
#525=VECTOR('',#3865,10.);
#526=VECTOR('',#3866,10.);
#527=VECTOR('',#3867,10.);
#528=VECTOR('',#3870,10.);
#529=VECTOR('',#3875,10.);
#530=VECTOR('',#3876,10.);
#531=VECTOR('',#3879,1.);
#532=VECTOR('',#3884,10.);
#533=VECTOR('',#3885,10.);
#534=VECTOR('',#3886,10.);
#535=VECTOR('',#3887,10.);
#536=VECTOR('',#3890,10.);
#537=VECTOR('',#3895,10.);
#538=VECTOR('',#3896,10.);
#539=VECTOR('',#3897,10.);
#540=VECTOR('',#3898,10.);
#541=VECTOR('',#3899,10.);
#542=VECTOR('',#3900,10.);
#543=VECTOR('',#3901,10.);
#544=VECTOR('',#3902,10.);
#545=VECTOR('',#3905,1.);
#546=VECTOR('',#3910,10.);
#547=VECTOR('',#3911,10.);
#548=VECTOR('',#3914,10.);
#549=VECTOR('',#3919,10.);
#550=VECTOR('',#3920,10.);
#551=VECTOR('',#3921,10.);
#552=VECTOR('',#3924,10.);
#553=VECTOR('',#3927,10.);
#554=VECTOR('',#3930,10.);
#555=VECTOR('',#3933,10.);
#556=VECTOR('',#3936,10.);
#557=VECTOR('',#3937,10.);
#558=VECTOR('',#3940,10.);
#559=VECTOR('',#3941,10.);
#560=VECTOR('',#3942,10.);
#561=VECTOR('',#3943,10.);
#562=VECTOR('',#3944,10.);
#563=VECTOR('',#3945,10.);
#564=VECTOR('',#3946,10.);
#565=VECTOR('',#3951,10.);
#566=VECTOR('',#3954,10.);
#567=VECTOR('',#3957,10.);
#568=VECTOR('',#3962,10.);
#569=VECTOR('',#3965,10.);
#570=VECTOR('',#3968,10.);
#571=VECTOR('',#3969,10.);
#572=VECTOR('',#3972,10.);
#573=VECTOR('',#3977,10.);
#574=VECTOR('',#3978,10.);
#575=VECTOR('',#3979,10.);
#576=VECTOR('',#3984,10.);
#577=VECTOR('',#3987,10.);
#578=VECTOR('',#3990,10.);
#579=VECTOR('',#3991,10.);
#580=VECTOR('',#3996,10.);
#581=VECTOR('',#4001,10.);
#582=VECTOR('',#4004,10.);
#583=VECTOR('',#4007,10.);
#584=VECTOR('',#4010,10.);
#585=VECTOR('',#4013,10.);
#586=VECTOR('',#4014,10.);
#587=VECTOR('',#4017,10.);
#588=VECTOR('',#4022,10.);
#589=VECTOR('',#4023,10.);
#590=VECTOR('',#4028,10.);
#591=VECTOR('',#4033,10.);
#592=VECTOR('',#4034,10.);
#593=VECTOR('',#4035,10.);
#594=VECTOR('',#4036,10.);
#595=VECTOR('',#4039,10.);
#596=VECTOR('',#4040,10.);
#597=VECTOR('',#4041,10.);
#598=VECTOR('',#4042,10.);
#599=VECTOR('',#4043,10.);
#600=VECTOR('',#4044,10.);
#601=VECTOR('',#4045,10.);
#602=VECTOR('',#4046,10.);
#603=VECTOR('',#4047,10.);
#604=VECTOR('',#4048,10.);
#605=VECTOR('',#4051,10.);
#606=VECTOR('',#4058,10.);
#607=VECTOR('',#4067,10.);
#608=VECTOR('',#4068,10.);
#609=VECTOR('',#4069,10.);
#610=VECTOR('',#4072,10.);
#611=VECTOR('',#4075,10.);
#612=VECTOR('',#4076,10.);
#613=VECTOR('',#4085,10.);
#614=VECTOR('',#4086,10.);
#615=VECTOR('',#4087,10.);
#616=VECTOR('',#4088,10.);
#617=VECTOR('',#4091,10.);
#618=VECTOR('',#4092,10.);
#619=VECTOR('',#4095,10.);
#620=VECTOR('',#4098,10.);
#621=VECTOR('',#4101,10.);
#622=VECTOR('',#4102,10.);
#623=VECTOR('',#4103,10.);
#624=VECTOR('',#4106,10.);
#625=VECTOR('',#4107,10.);
#626=VECTOR('',#4108,10.);
#627=VECTOR('',#4111,10.);
#628=VECTOR('',#4112,10.);
#629=VECTOR('',#4117,10.);
#630=VECTOR('',#4118,10.);
#631=VECTOR('',#4119,10.);
#632=VECTOR('',#4120,10.);
#633=VECTOR('',#4129,10.);
#634=VECTOR('',#4132,10.);
#635=VECTOR('',#4139,10.);
#636=VECTOR('',#4142,10.);
#637=VECTOR('',#4145,10.);
#638=VECTOR('',#4146,10.);
#639=VECTOR('',#4147,10.);
#640=VECTOR('',#4152,10.);
#641=VECTOR('',#4153,10.);
#642=VECTOR('',#4156,0.5);
#643=VECTOR('',#4163,10.);
#644=VECTOR('',#4164,10.);
#645=VECTOR('',#4169,0.5);
#646=VECTOR('',#4172,10.);
#647=VECTOR('',#4175,10.);
#648=VECTOR('',#4180,10.);
#649=VECTOR('',#4185,10.);
#650=VECTOR('',#4186,10.);
#651=VECTOR('',#4187,10.);
#652=VECTOR('',#4198,10.);
#653=VECTOR('',#4199,10.);
#654=VECTOR('',#4202,10.);
#655=VECTOR('',#4205,10.);
#656=VECTOR('',#4208,10.);
#657=VECTOR('',#4211,10.);
#658=VECTOR('',#4216,10.);
#659=VECTOR('',#4219,10.);
#660=VECTOR('',#4220,10.);
#661=VECTOR('',#4227,10.);
#662=VECTOR('',#4232,0.5);
#663=VECTOR('',#4235,10.);
#664=VECTOR('',#4238,10.);
#665=VECTOR('',#4241,10.);
#666=VECTOR('',#4244,10.);
#667=VECTOR('',#4247,10.);
#668=VECTOR('',#4264,10.);
#669=VECTOR('',#4267,10.);
#670=VECTOR('',#4270,10.);
#671=VECTOR('',#4271,10.);
#672=VECTOR('',#4272,10.);
#673=VECTOR('',#4273,10.);
#674=VECTOR('',#4274,10.);
#675=VECTOR('',#4275,10.);
#676=VECTOR('',#4276,10.);
#677=VECTOR('',#4281,10.);
#678=VECTOR('',#4288,10.);
#679=VECTOR('',#4297,10.);
#680=VECTOR('',#4300,10.);
#681=VECTOR('',#4305,0.79375);
#682=VECTOR('',#4312,10.);
#683=VECTOR('',#4315,10.);
#684=VECTOR('',#4320,10.);
#685=VECTOR('',#4321,10.);
#686=VECTOR('',#4326,0.79375);
#687=VECTOR('',#4331,10.);
#688=VECTOR('',#4332,10.);
#689=VECTOR('',#4337,10.);
#690=VECTOR('',#4338,10.);
#691=VECTOR('',#4341,10.);
#692=VECTOR('',#4344,10.);
#693=VECTOR('',#4345,10.);
#694=VECTOR('',#4346,10.);
#695=VECTOR('',#4349,10.);
#696=VECTOR('',#4350,10.);
#697=VECTOR('',#4351,10.);
#698=VECTOR('',#4352,10.);
#699=VECTOR('',#4353,10.);
#700=VECTOR('',#4356,10.);
#701=VECTOR('',#4357,10.);
#702=VECTOR('',#4360,10.);
#703=VECTOR('',#4363,10.);
#704=VECTOR('',#4364,10.);
#705=VECTOR('',#4367,10.);
#706=VECTOR('',#4368,10.);
#707=VECTOR('',#4369,10.);
#708=VECTOR('',#4370,10.);
#709=VECTOR('',#4371,10.);
#710=VECTOR('',#4374,10.);
#711=VECTOR('',#4375,10.);
#712=VECTOR('',#4376,10.);
#713=VECTOR('',#4383,10.);
#714=VECTOR('',#4384,10.);
#715=VECTOR('',#4385,10.);
#716=VECTOR('',#4386,10.);
#717=VECTOR('',#4387,10.);
#718=VECTOR('',#4390,10.);
#719=VECTOR('',#4391,10.);
#720=VECTOR('',#4392,10.);
#721=VECTOR('',#4393,10.);
#722=VECTOR('',#4394,10.);
#723=VECTOR('',#4397,10.);
#724=VECTOR('',#4398,10.);
#725=VECTOR('',#4399,10.);
#726=VECTOR('',#4402,10.);
#727=VECTOR('',#4405,0.79375);
#728=VECTOR('',#4410,10.);
#729=VECTOR('',#4415,10.);
#730=VECTOR('',#4416,10.);
#731=VECTOR('',#4417,10.);
#732=VECTOR('',#4420,10.);
#733=VECTOR('',#4421,10.);
#734=VECTOR('',#4422,10.);
#735=VECTOR('',#4425,10.);
#736=VECTOR('',#4426,10.);
#737=VECTOR('',#4429,10.);
#738=VECTOR('',#4430,10.);
#739=VECTOR('',#4433,10.);
#740=VECTOR('',#4434,10.);
#741=VECTOR('',#4443,10.);
#742=VECTOR('',#4444,10.);
#743=VECTOR('',#4445,10.);
#744=VECTOR('',#4448,10.);
#745=VECTOR('',#4449,10.);
#746=VECTOR('',#4452,10.);
#747=VECTOR('',#4455,10.);
#748=VECTOR('',#4458,10.);
#749=VECTOR('',#4461,10.);
#750=VECTOR('',#4464,10.);
#751=VECTOR('',#4465,10.);
#752=VECTOR('',#4466,10.);
#753=VECTOR('',#4469,10.);
#754=VECTOR('',#4470,10.);
#755=VECTOR('',#4473,10.);
#756=VECTOR('',#4474,10.);
#757=VECTOR('',#4479,10.);
#758=VECTOR('',#4482,10.);
#759=VECTOR('',#4487,10.);
#760=VECTOR('',#4488,10.);
#761=VECTOR('',#4489,10.);
#762=VECTOR('',#4492,10.);
#763=VECTOR('',#4493,10.);
#764=VECTOR('',#4496,10.);
#765=VECTOR('',#4497,10.);
#766=VECTOR('',#4502,10.);
#767=VECTOR('',#4505,10.);
#768=VECTOR('',#4508,10.);
#769=VECTOR('',#4509,10.);
#770=VECTOR('',#4510,10.);
#771=VECTOR('',#4515,10.);
#772=VECTOR('',#4516,10.);
#773=VECTOR('',#4519,10.);
#774=VECTOR('',#4522,10.);
#775=VECTOR('',#4523,10.);
#776=VECTOR('',#4524,10.);
#777=VECTOR('',#4529,10.);
#778=VECTOR('',#4532,10.);
#779=VECTOR('',#4533,10.);
#780=VECTOR('',#4534,10.);
#781=VECTOR('',#4537,10.);
#782=VECTOR('',#4538,10.);
#783=VECTOR('',#4541,10.);
#784=VECTOR('',#4542,10.);
#785=VECTOR('',#4549,10.);
#786=VECTOR('',#4550,10.);
#787=VECTOR('',#4557,10.);
#788=VECTOR('',#4558,10.);
#789=VECTOR('',#4559,10.);
#790=VECTOR('',#4564,10.);
#791=VECTOR('',#4565,10.);
#792=VECTOR('',#4568,10.);
#793=VECTOR('',#4571,10.);
#794=VECTOR('',#4572,10.);
#795=VECTOR('',#4573,10.);
#796=VECTOR('',#4578,10.);
#797=VECTOR('',#4581,10.);
#798=VECTOR('',#4586,10.);
#799=VECTOR('',#4587,10.);
#800=VECTOR('',#4590,10.);
#801=VECTOR('',#4591,10.);
#802=VECTOR('',#4594,10.);
#803=VECTOR('',#4595,10.);
#804=VECTOR('',#4598,10.);
#805=VECTOR('',#4599,10.);
#806=VECTOR('',#4606,10.);
#807=VECTOR('',#4607,10.);
#808=VECTOR('',#4614,10.);
#809=VECTOR('',#4617,10.);
#810=CYLINDRICAL_SURFACE('',#3341,0.79375);
#811=CYLINDRICAL_SURFACE('',#3344,0.79375);
#812=CYLINDRICAL_SURFACE('',#3350,0.79375);
#813=CYLINDRICAL_SURFACE('',#3352,0.79375);
#814=CYLINDRICAL_SURFACE('',#3357,0.79375);
#815=CYLINDRICAL_SURFACE('',#3362,0.79375);
#816=CYLINDRICAL_SURFACE('',#3363,0.79375);
#817=CYLINDRICAL_SURFACE('',#3368,0.79375);
#818=CYLINDRICAL_SURFACE('',#3371,0.79375);
#819=CYLINDRICAL_SURFACE('',#3373,0.79375);
#820=CYLINDRICAL_SURFACE('',#3381,0.79375);
#821=CYLINDRICAL_SURFACE('',#3386,0.79375);
#822=CYLINDRICAL_SURFACE('',#3391,0.79375);
#823=CYLINDRICAL_SURFACE('',#3398,0.79375);
#824=CYLINDRICAL_SURFACE('',#3399,0.79375);
#825=CYLINDRICAL_SURFACE('',#3404,0.79375);
#826=CYLINDRICAL_SURFACE('',#3413,1.);
#827=CYLINDRICAL_SURFACE('',#3418,0.5);
#828=CYLINDRICAL_SURFACE('',#3421,1.);
#829=CYLINDRICAL_SURFACE('',#3424,0.5);
#830=CYLINDRICAL_SURFACE('',#3427,1.);
#831=CYLINDRICAL_SURFACE('',#3430,0.5);
#832=CYLINDRICAL_SURFACE('',#3433,0.5);
#833=CYLINDRICAL_SURFACE('',#3435,0.5);
#834=CYLINDRICAL_SURFACE('',#3439,0.79375);
#835=CYLINDRICAL_SURFACE('',#3451,0.79375);
#836=CYLINDRICAL_SURFACE('',#3454,0.79375);
#837=CYLINDRICAL_SURFACE('',#3465,0.79375);
#838=CYLINDRICAL_SURFACE('',#3492,0.5);
#839=CYLINDRICAL_SURFACE('',#3494,0.5);
#840=CYLINDRICAL_SURFACE('',#3502,0.5);
#841=CYLINDRICAL_SURFACE('',#3504,0.5);
#842=CYLINDRICAL_SURFACE('',#3506,0.5);
#843=CYLINDRICAL_SURFACE('',#3508,0.5);
#844=CYLINDRICAL_SURFACE('',#3516,1.5);
#845=CYLINDRICAL_SURFACE('',#3518,1.5);
#846=CYLINDRICAL_SURFACE('',#3528,0.5);
#847=CYLINDRICAL_SURFACE('',#3532,0.5);
#848=CYLINDRICAL_SURFACE('',#3535,0.5);
#849=CYLINDRICAL_SURFACE('',#3537,0.5);
#850=CYLINDRICAL_SURFACE('',#3539,1.);
#851=CYLINDRICAL_SURFACE('',#3540,1.);
#852=CYLINDRICAL_SURFACE('',#3541,1.);
#853=CYLINDRICAL_SURFACE('',#3544,0.79375);
#854=CYLINDRICAL_SURFACE('',#3548,0.793749999999999);
#855=CYLINDRICAL_SURFACE('',#3551,0.74375);
#856=CYLINDRICAL_SURFACE('',#3555,0.79375);
#857=CYLINDRICAL_SURFACE('',#3558,0.743750000000001);
#858=CYLINDRICAL_SURFACE('',#3562,0.79375);
#859=CYLINDRICAL_SURFACE('',#3566,0.79375);
#860=CYLINDRICAL_SURFACE('',#3586,0.74375);
#861=CYLINDRICAL_SURFACE('',#3595,0.500001333574771);
#862=CYLINDRICAL_SURFACE('',#3600,0.500001333581781);
#863=CYLINDRICAL_SURFACE('',#3607,0.500001333575);
#864=CYLINDRICAL_SURFACE('',#3614,0.50000133357478);
#865=CYLINDRICAL_SURFACE('',#3618,0.5);
#866=CYLINDRICAL_SURFACE('',#3622,0.5);
#867=CYLINDRICAL_SURFACE('',#3627,0.79375);
#868=CYLINDRICAL_SURFACE('',#3630,0.79375);
#869=CYLINDRICAL_SURFACE('',#3633,0.5);
#870=CYLINDRICAL_SURFACE('',#3637,0.5);
#871=CYLINDRICAL_SURFACE('',#3645,0.79375);
#872=CYLINDRICAL_SURFACE('',#3648,0.79375);
#873=FACE_OUTER_BOUND('',#1049,.T.);
#874=FACE_OUTER_BOUND('',#1050,.T.);
#875=FACE_OUTER_BOUND('',#1051,.T.);
#876=FACE_OUTER_BOUND('',#1052,.T.);
#877=FACE_OUTER_BOUND('',#1053,.T.);
#878=FACE_OUTER_BOUND('',#1054,.T.);
#879=FACE_OUTER_BOUND('',#1055,.T.);
#880=FACE_OUTER_BOUND('',#1056,.T.);
#881=FACE_OUTER_BOUND('',#1057,.T.);
#882=FACE_OUTER_BOUND('',#1058,.T.);
#883=FACE_OUTER_BOUND('',#1059,.T.);
#884=FACE_OUTER_BOUND('',#1060,.T.);
#885=FACE_OUTER_BOUND('',#1061,.T.);
#886=FACE_OUTER_BOUND('',#1062,.T.);
#887=FACE_OUTER_BOUND('',#1063,.T.);
#888=FACE_OUTER_BOUND('',#1064,.T.);
#889=FACE_OUTER_BOUND('',#1065,.T.);
#890=FACE_OUTER_BOUND('',#1066,.T.);
#891=FACE_OUTER_BOUND('',#1067,.T.);
#892=FACE_OUTER_BOUND('',#1068,.T.);
#893=FACE_OUTER_BOUND('',#1069,.T.);
#894=FACE_OUTER_BOUND('',#1070,.T.);
#895=FACE_OUTER_BOUND('',#1071,.T.);
#896=FACE_OUTER_BOUND('',#1072,.T.);
#897=FACE_OUTER_BOUND('',#1073,.T.);
#898=FACE_OUTER_BOUND('',#1074,.T.);
#899=FACE_OUTER_BOUND('',#1075,.T.);
#900=FACE_OUTER_BOUND('',#1076,.T.);
#901=FACE_OUTER_BOUND('',#1077,.T.);
#902=FACE_OUTER_BOUND('',#1078,.T.);
#903=FACE_OUTER_BOUND('',#1079,.T.);
#904=FACE_OUTER_BOUND('',#1080,.T.);
#905=FACE_OUTER_BOUND('',#1081,.T.);
#906=FACE_OUTER_BOUND('',#1082,.T.);
#907=FACE_OUTER_BOUND('',#1083,.T.);
#908=FACE_OUTER_BOUND('',#1084,.T.);
#909=FACE_OUTER_BOUND('',#1085,.T.);
#910=FACE_OUTER_BOUND('',#1086,.T.);
#911=FACE_OUTER_BOUND('',#1087,.T.);
#912=FACE_OUTER_BOUND('',#1088,.T.);
#913=FACE_OUTER_BOUND('',#1089,.T.);
#914=FACE_OUTER_BOUND('',#1090,.T.);
#915=FACE_OUTER_BOUND('',#1091,.T.);
#916=FACE_OUTER_BOUND('',#1092,.T.);
#917=FACE_OUTER_BOUND('',#1093,.T.);
#918=FACE_OUTER_BOUND('',#1094,.T.);
#919=FACE_OUTER_BOUND('',#1095,.T.);
#920=FACE_OUTER_BOUND('',#1096,.T.);
#921=FACE_OUTER_BOUND('',#1097,.T.);
#922=FACE_OUTER_BOUND('',#1098,.T.);
#923=FACE_OUTER_BOUND('',#1099,.T.);
#924=FACE_OUTER_BOUND('',#1100,.T.);
#925=FACE_OUTER_BOUND('',#1101,.T.);
#926=FACE_OUTER_BOUND('',#1102,.T.);
#927=FACE_OUTER_BOUND('',#1103,.T.);
#928=FACE_OUTER_BOUND('',#1104,.T.);
#929=FACE_OUTER_BOUND('',#1105,.T.);
#930=FACE_OUTER_BOUND('',#1106,.T.);
#931=FACE_OUTER_BOUND('',#1107,.T.);
#932=FACE_OUTER_BOUND('',#1108,.T.);
#933=FACE_OUTER_BOUND('',#1109,.T.);
#934=FACE_OUTER_BOUND('',#1110,.T.);
#935=FACE_OUTER_BOUND('',#1111,.T.);
#936=FACE_OUTER_BOUND('',#1112,.T.);
#937=FACE_OUTER_BOUND('',#1113,.T.);
#938=FACE_OUTER_BOUND('',#1114,.T.);
#939=FACE_OUTER_BOUND('',#1115,.T.);
#940=FACE_OUTER_BOUND('',#1116,.T.);
#941=FACE_OUTER_BOUND('',#1117,.T.);
#942=FACE_OUTER_BOUND('',#1118,.T.);
#943=FACE_OUTER_BOUND('',#1119,.T.);
#944=FACE_OUTER_BOUND('',#1120,.T.);
#945=FACE_OUTER_BOUND('',#1121,.T.);
#946=FACE_OUTER_BOUND('',#1122,.T.);
#947=FACE_OUTER_BOUND('',#1123,.T.);
#948=FACE_OUTER_BOUND('',#1124,.T.);
#949=FACE_OUTER_BOUND('',#1125,.T.);
#950=FACE_OUTER_BOUND('',#1126,.T.);
#951=FACE_OUTER_BOUND('',#1127,.T.);
#952=FACE_OUTER_BOUND('',#1128,.T.);
#953=FACE_OUTER_BOUND('',#1129,.T.);
#954=FACE_OUTER_BOUND('',#1130,.T.);
#955=FACE_OUTER_BOUND('',#1131,.T.);
#956=FACE_OUTER_BOUND('',#1132,.T.);
#957=FACE_OUTER_BOUND('',#1133,.T.);
#958=FACE_OUTER_BOUND('',#1134,.T.);
#959=FACE_OUTER_BOUND('',#1135,.T.);
#960=FACE_OUTER_BOUND('',#1136,.T.);
#961=FACE_OUTER_BOUND('',#1137,.T.);
#962=FACE_OUTER_BOUND('',#1138,.T.);
#963=FACE_OUTER_BOUND('',#1139,.T.);
#964=FACE_OUTER_BOUND('',#1140,.T.);
#965=FACE_OUTER_BOUND('',#1141,.T.);
#966=FACE_OUTER_BOUND('',#1142,.T.);
#967=FACE_OUTER_BOUND('',#1143,.T.);
#968=FACE_OUTER_BOUND('',#1144,.T.);
#969=FACE_OUTER_BOUND('',#1145,.T.);
#970=FACE_OUTER_BOUND('',#1146,.T.);
#971=FACE_OUTER_BOUND('',#1147,.T.);
#972=FACE_OUTER_BOUND('',#1148,.T.);
#973=FACE_OUTER_BOUND('',#1149,.T.);
#974=FACE_OUTER_BOUND('',#1150,.T.);
#975=FACE_OUTER_BOUND('',#1151,.T.);
#976=FACE_OUTER_BOUND('',#1152,.T.);
#977=FACE_OUTER_BOUND('',#1153,.T.);
#978=FACE_OUTER_BOUND('',#1154,.T.);
#979=FACE_OUTER_BOUND('',#1155,.T.);
#980=FACE_OUTER_BOUND('',#1156,.T.);
#981=FACE_OUTER_BOUND('',#1157,.T.);
#982=FACE_OUTER_BOUND('',#1158,.T.);
#983=FACE_OUTER_BOUND('',#1159,.T.);
#984=FACE_OUTER_BOUND('',#1160,.T.);
#985=FACE_OUTER_BOUND('',#1161,.T.);
#986=FACE_OUTER_BOUND('',#1162,.T.);
#987=FACE_OUTER_BOUND('',#1163,.T.);
#988=FACE_OUTER_BOUND('',#1164,.T.);
#989=FACE_OUTER_BOUND('',#1165,.T.);
#990=FACE_OUTER_BOUND('',#1166,.T.);
#991=FACE_OUTER_BOUND('',#1167,.T.);
#992=FACE_OUTER_BOUND('',#1168,.T.);
#993=FACE_OUTER_BOUND('',#1169,.T.);
#994=FACE_OUTER_BOUND('',#1170,.T.);
#995=FACE_OUTER_BOUND('',#1173,.T.);
#996=FACE_OUTER_BOUND('',#1174,.T.);
#997=FACE_OUTER_BOUND('',#1175,.T.);
#998=FACE_OUTER_BOUND('',#1176,.T.);
#999=FACE_OUTER_BOUND('',#1177,.T.);
#1000=FACE_OUTER_BOUND('',#1178,.T.);
#1001=FACE_OUTER_BOUND('',#1179,.T.);
#1002=FACE_OUTER_BOUND('',#1180,.T.);
#1003=FACE_OUTER_BOUND('',#1181,.T.);
#1004=FACE_OUTER_BOUND('',#1182,.T.);
#1005=FACE_OUTER_BOUND('',#1183,.T.);
#1006=FACE_OUTER_BOUND('',#1184,.T.);
#1007=FACE_OUTER_BOUND('',#1185,.T.);
#1008=FACE_OUTER_BOUND('',#1186,.T.);
#1009=FACE_OUTER_BOUND('',#1187,.T.);
#1010=FACE_OUTER_BOUND('',#1188,.T.);
#1011=FACE_OUTER_BOUND('',#1189,.T.);
#1012=FACE_OUTER_BOUND('',#1190,.T.);
#1013=FACE_OUTER_BOUND('',#1191,.T.);
#1014=FACE_OUTER_BOUND('',#1192,.T.);
#1015=FACE_OUTER_BOUND('',#1193,.T.);
#1016=FACE_OUTER_BOUND('',#1194,.T.);
#1017=FACE_OUTER_BOUND('',#1195,.T.);
#1018=FACE_OUTER_BOUND('',#1196,.T.);
#1019=FACE_OUTER_BOUND('',#1197,.T.);
#1020=FACE_OUTER_BOUND('',#1198,.T.);
#1021=FACE_OUTER_BOUND('',#1199,.T.);
#1022=FACE_OUTER_BOUND('',#1200,.T.);
#1023=FACE_OUTER_BOUND('',#1201,.T.);
#1024=FACE_OUTER_BOUND('',#1202,.T.);
#1025=FACE_OUTER_BOUND('',#1203,.T.);
#1026=FACE_OUTER_BOUND('',#1204,.T.);
#1027=FACE_OUTER_BOUND('',#1205,.T.);
#1028=FACE_OUTER_BOUND('',#1206,.T.);
#1029=FACE_OUTER_BOUND('',#1207,.T.);
#1030=FACE_OUTER_BOUND('',#1208,.T.);
#1031=FACE_OUTER_BOUND('',#1209,.T.);
#1032=FACE_OUTER_BOUND('',#1210,.T.);
#1033=FACE_OUTER_BOUND('',#1211,.T.);
#1034=FACE_OUTER_BOUND('',#1212,.T.);
#1035=FACE_OUTER_BOUND('',#1213,.T.);
#1036=FACE_OUTER_BOUND('',#1214,.T.);
#1037=FACE_OUTER_BOUND('',#1215,.T.);
#1038=FACE_OUTER_BOUND('',#1216,.T.);
#1039=FACE_OUTER_BOUND('',#1217,.T.);
#1040=FACE_OUTER_BOUND('',#1218,.T.);
#1041=FACE_OUTER_BOUND('',#1219,.T.);
#1042=FACE_OUTER_BOUND('',#1220,.T.);
#1043=FACE_OUTER_BOUND('',#1221,.T.);
#1044=FACE_OUTER_BOUND('',#1222,.T.);
#1045=FACE_OUTER_BOUND('',#1223,.T.);
#1046=FACE_OUTER_BOUND('',#1224,.T.);
#1047=FACE_OUTER_BOUND('',#1225,.T.);
#1048=FACE_OUTER_BOUND('',#1226,.T.);
#1049=EDGE_LOOP('',(#2168,#2169,#2170));
#1050=EDGE_LOOP('',(#2171,#2172,#2173,#2174));
#1051=EDGE_LOOP('',(#2175,#2176,#2177,#2178));
#1052=EDGE_LOOP('',(#2179,#2180,#2181,#2182));
#1053=EDGE_LOOP('',(#2183,#2184,#2185,#2186));
#1054=EDGE_LOOP('',(#2187,#2188,#2189,#2190));
#1055=EDGE_LOOP('',(#2191,#2192,#2193,#2194));
#1056=EDGE_LOOP('',(#2195,#2196,#2197,#2198));
#1057=EDGE_LOOP('',(#2199,#2200,#2201,#2202));
#1058=EDGE_LOOP('',(#2203,#2204,#2205,#2206));
#1059=EDGE_LOOP('',(#2207,#2208,#2209,#2210));
#1060=EDGE_LOOP('',(#2211,#2212,#2213,#2214));
#1061=EDGE_LOOP('',(#2215,#2216,#2217,#2218,#2219));
#1062=EDGE_LOOP('',(#2220,#2221,#2222,#2223));
#1063=EDGE_LOOP('',(#2224,#2225,#2226,#2227));
#1064=EDGE_LOOP('',(#2228,#2229,#2230,#2231));
#1065=EDGE_LOOP('',(#2232,#2233,#2234,#2235));
#1066=EDGE_LOOP('',(#2236,#2237,#2238,#2239));
#1067=EDGE_LOOP('',(#2240,#2241,#2242,#2243));
#1068=EDGE_LOOP('',(#2244,#2245,#2246,#2247));
#1069=EDGE_LOOP('',(#2248,#2249,#2250,#2251));
#1070=EDGE_LOOP('',(#2252,#2253,#2254,#2255,#2256,#2257,#2258,#2259));
#1071=EDGE_LOOP('',(#2260,#2261,#2262,#2263));
#1072=EDGE_LOOP('',(#2264,#2265,#2266,#2267));
#1073=EDGE_LOOP('',(#2268,#2269,#2270,#2271));
#1074=EDGE_LOOP('',(#2272,#2273,#2274,#2275));
#1075=EDGE_LOOP('',(#2276,#2277,#2278,#2279,#2280));
#1076=EDGE_LOOP('',(#2281,#2282,#2283,#2284,#2285,#2286,#2287,#2288));
#1077=EDGE_LOOP('',(#2289,#2290,#2291,#2292,#2293,#2294,#2295,#2296,#2297,
#2298,#2299,#2300,#2301,#2302,#2303,#2304,#2305,#2306,#2307,#2308,#2309,
#2310,#2311,#2312));
#1078=EDGE_LOOP('',(#2313,#2314,#2315,#2316,#2317));
#1079=EDGE_LOOP('',(#2318,#2319,#2320,#2321));
#1080=EDGE_LOOP('',(#2322,#2323,#2324,#2325));
#1081=EDGE_LOOP('',(#2326,#2327,#2328,#2329));
#1082=EDGE_LOOP('',(#2330,#2331,#2332,#2333,#2334,#2335));
#1083=EDGE_LOOP('',(#2336,#2337,#2338,#2339));
#1084=EDGE_LOOP('',(#2340,#2341,#2342,#2343));
#1085=EDGE_LOOP('',(#2344,#2345,#2346,#2347));
#1086=EDGE_LOOP('',(#2348,#2349,#2350,#2351,#2352,#2353));
#1087=EDGE_LOOP('',(#2354,#2355,#2356,#2357));
#1088=EDGE_LOOP('',(#2358,#2359,#2360,#2361,#2362,#2363,#2364,#2365,#2366,
#2367));
#1089=EDGE_LOOP('',(#2368,#2369,#2370,#2371));
#1090=EDGE_LOOP('',(#2372,#2373,#2374,#2375,#2376));
#1091=EDGE_LOOP('',(#2377,#2378,#2379,#2380,#2381));
#1092=EDGE_LOOP('',(#2382,#2383,#2384,#2385));
#1093=EDGE_LOOP('',(#2386,#2387,#2388,#2389));
#1094=EDGE_LOOP('',(#2390,#2391,#2392,#2393,#2394));
#1095=EDGE_LOOP('',(#2395,#2396,#2397,#2398,#2399));
#1096=EDGE_LOOP('',(#2400,#2401,#2402,#2403,#2404,#2405,#2406,#2407));
#1097=EDGE_LOOP('',(#2408,#2409,#2410,#2411,#2412,#2413,#2414));
#1098=EDGE_LOOP('',(#2415,#2416,#2417,#2418));
#1099=EDGE_LOOP('',(#2419,#2420,#2421,#2422));
#1100=EDGE_LOOP('',(#2423,#2424,#2425,#2426));
#1101=EDGE_LOOP('',(#2427,#2428,#2429,#2430,#2431,#2432));
#1102=EDGE_LOOP('',(#2433,#2434,#2435,#2436,#2437,#2438,#2439));
#1103=EDGE_LOOP('',(#2440,#2441,#2442,#2443));
#1104=EDGE_LOOP('',(#2444,#2445,#2446,#2447,#2448,#2449,#2450));
#1105=EDGE_LOOP('',(#2451,#2452,#2453,#2454));
#1106=EDGE_LOOP('',(#2455,#2456,#2457,#2458));
#1107=EDGE_LOOP('',(#2459,#2460,#2461,#2462));
#1108=EDGE_LOOP('',(#2463,#2464,#2465,#2466));
#1109=EDGE_LOOP('',(#2467,#2468,#2469,#2470,#2471,#2472,#2473));
#1110=EDGE_LOOP('',(#2474,#2475,#2476,#2477));
#1111=EDGE_LOOP('',(#2478,#2479,#2480,#2481,#2482,#2483,#2484,#2485,#2486,
#2487,#2488,#2489,#2490,#2491));
#1112=EDGE_LOOP('',(#2492,#2493,#2494,#2495,#2496,#2497,#2498,#2499,#2500,
#2501));
#1113=EDGE_LOOP('',(#2502,#2503,#2504,#2505));
#1114=EDGE_LOOP('',(#2506,#2507,#2508,#2509));
#1115=EDGE_LOOP('',(#2510,#2511,#2512,#2513,#2514,#2515,#2516,#2517,#2518,
#2519,#2520,#2521));
#1116=EDGE_LOOP('',(#2522,#2523,#2524,#2525,#2526,#2527,#2528,#2529,#2530,
#2531,#2532,#2533));
#1117=EDGE_LOOP('',(#2534,#2535,#2536,#2537));
#1118=EDGE_LOOP('',(#2538,#2539,#2540,#2541));
#1119=EDGE_LOOP('',(#2542,#2543,#2544,#2545,#2546,#2547));
#1120=EDGE_LOOP('',(#2548,#2549,#2550,#2551,#2552,#2553,#2554,#2555));
#1121=EDGE_LOOP('',(#2556,#2557,#2558,#2559,#2560,#2561,#2562,#2563));
#1122=EDGE_LOOP('',(#2564,#2565,#2566,#2567));
#1123=EDGE_LOOP('',(#2568,#2569,#2570,#2571,#2572,#2573));
#1124=EDGE_LOOP('',(#2574,#2575,#2576,#2577));
#1125=EDGE_LOOP('',(#2578,#2579,#2580,#2581));
#1126=EDGE_LOOP('',(#2582,#2583,#2584,#2585,#2586,#2587,#2588));
#1127=EDGE_LOOP('',(#2589,#2590,#2591,#2592,#2593,#2594));
#1128=EDGE_LOOP('',(#2595,#2596,#2597,#2598,#2599,#2600,#2601));
#1129=EDGE_LOOP('',(#2602,#2603,#2604,#2605,#2606,#2607,#2608,#2609,#2610,
#2611,#2612,#2613,#2614,#2615));
#1130=EDGE_LOOP('',(#2616,#2617,#2618,#2619));
#1131=EDGE_LOOP('',(#2620,#2621,#2622,#2623));
#1132=EDGE_LOOP('',(#2624,#2625,#2626,#2627));
#1133=EDGE_LOOP('',(#2628,#2629,#2630,#2631));
#1134=EDGE_LOOP('',(#2632,#2633,#2634,#2635));
#1135=EDGE_LOOP('',(#2636,#2637,#2638,#2639));
#1136=EDGE_LOOP('',(#2640,#2641,#2642,#2643,#2644,#2645,#2646,#2647));
#1137=EDGE_LOOP('',(#2648,#2649,#2650,#2651));
#1138=EDGE_LOOP('',(#2652,#2653,#2654,#2655,#2656,#2657));
#1139=EDGE_LOOP('',(#2658,#2659,#2660,#2661,#2662,#2663));
#1140=EDGE_LOOP('',(#2664,#2665,#2666,#2667,#2668,#2669,#2670,#2671,#2672,
#2673,#2674,#2675));
#1141=EDGE_LOOP('',(#2676,#2677,#2678,#2679));
#1142=EDGE_LOOP('',(#2680,#2681,#2682,#2683,#2684));
#1143=EDGE_LOOP('',(#2685,#2686,#2687,#2688));
#1144=EDGE_LOOP('',(#2689,#2690,#2691,#2692,#2693,#2694));
#1145=EDGE_LOOP('',(#2695,#2696,#2697,#2698,#2699,#2700,#2701,#2702));
#1146=EDGE_LOOP('',(#2703,#2704,#2705,#2706));
#1147=EDGE_LOOP('',(#2707,#2708,#2709,#2710,#2711,#2712,#2713,#2714));
#1148=EDGE_LOOP('',(#2715,#2716,#2717,#2718));
#1149=EDGE_LOOP('',(#2719,#2720,#2721,#2722));
#1150=EDGE_LOOP('',(#2723,#2724,#2725,#2726));
#1151=EDGE_LOOP('',(#2727,#2728,#2729,#2730));
#1152=EDGE_LOOP('',(#2731,#2732,#2733,#2734));
#1153=EDGE_LOOP('',(#2735,#2736,#2737,#2738));
#1154=EDGE_LOOP('',(#2739,#2740,#2741,#2742,#2743,#2744));
#1155=EDGE_LOOP('',(#2745,#2746,#2747,#2748));
#1156=EDGE_LOOP('',(#2749,#2750,#2751,#2752));
#1157=EDGE_LOOP('',(#2753,#2754,#2755,#2756));
#1158=EDGE_LOOP('',(#2757,#2758,#2759,#2760,#2761));
#1159=EDGE_LOOP('',(#2762,#2763,#2764,#2765));
#1160=EDGE_LOOP('',(#2766,#2767,#2768,#2769,#2770,#2771,#2772,#2773));
#1161=EDGE_LOOP('',(#2774,#2775,#2776,#2777));
#1162=EDGE_LOOP('',(#2778,#2779,#2780,#2781,#2782));
#1163=EDGE_LOOP('',(#2783,#2784,#2785,#2786));
#1164=EDGE_LOOP('',(#2787,#2788,#2789,#2790,#2791));
#1165=EDGE_LOOP('',(#2792,#2793,#2794,#2795,#2796));
#1166=EDGE_LOOP('',(#2797,#2798,#2799,#2800));
#1167=EDGE_LOOP('',(#2801,#2802,#2803,#2804));
#1168=EDGE_LOOP('',(#2805,#2806,#2807,#2808,#2809,#2810));
#1169=EDGE_LOOP('',(#2811,#2812,#2813,#2814));
#1170=EDGE_LOOP('',(#2815,#2816,#2817,#2818,#2819,#2820,#2821,#2822,#2823,
#2824,#2825,#2826,#2827,#2828,#2829,#2830,#2831,#2832,#2833,#2834,#2835,
#2836,#2837,#2838,#2839,#2840,#2841,#2842,#2843,#2844,#2845,#2846,#2847,
#2848,#2849,#2850,#2851,#2852,#2853,#2854,#2855,#2856,#2857,#2858,#2859,
#2860,#2861,#2862,#2863,#2864));
#1171=EDGE_LOOP('',(#2865,#2866,#2867,#2868,#2869));
#1172=EDGE_LOOP('',(#2870,#2871,#2872,#2873,#2874));
#1173=EDGE_LOOP('',(#2875,#2876,#2877,#2878,#2879));
#1174=EDGE_LOOP('',(#2880,#2881,#2882,#2883));
#1175=EDGE_LOOP('',(#2884,#2885,#2886,#2887,#2888,#2889));
#1176=EDGE_LOOP('',(#2890,#2891,#2892,#2893,#2894,#2895,#2896,#2897));
#1177=EDGE_LOOP('',(#2898,#2899,#2900,#2901));
#1178=EDGE_LOOP('',(#2902,#2903,#2904,#2905));
#1179=EDGE_LOOP('',(#2906,#2907,#2908,#2909));
#1180=EDGE_LOOP('',(#2910,#2911,#2912,#2913));
#1181=EDGE_LOOP('',(#2914,#2915,#2916,#2917));
#1182=EDGE_LOOP('',(#2918,#2919,#2920,#2921,#2922));
#1183=EDGE_LOOP('',(#2923,#2924,#2925,#2926));
#1184=EDGE_LOOP('',(#2927,#2928,#2929,#2930));
#1185=EDGE_LOOP('',(#2931,#2932,#2933,#2934));
#1186=EDGE_LOOP('',(#2935,#2936,#2937,#2938));
#1187=EDGE_LOOP('',(#2939,#2940,#2941,#2942,#2943));
#1188=EDGE_LOOP('',(#2944,#2945,#2946,#2947));
#1189=EDGE_LOOP('',(#2948,#2949,#2950,#2951));
#1190=EDGE_LOOP('',(#2952,#2953,#2954,#2955));
#1191=EDGE_LOOP('',(#2956,#2957,#2958,#2959));
#1192=EDGE_LOOP('',(#2960,#2961,#2962,#2963));
#1193=EDGE_LOOP('',(#2964,#2965,#2966,#2967,#2968));
#1194=EDGE_LOOP('',(#2969,#2970,#2971,#2972));
#1195=EDGE_LOOP('',(#2973,#2974,#2975,#2976));
#1196=EDGE_LOOP('',(#2977,#2978,#2979,#2980));
#1197=EDGE_LOOP('',(#2981,#2982,#2983,#2984));
#1198=EDGE_LOOP('',(#2985,#2986,#2987,#2988,#2989));
#1199=EDGE_LOOP('',(#2990,#2991,#2992,#2993,#2994,#2995,#2996,#2997));
#1200=EDGE_LOOP('',(#2998,#2999,#3000,#3001));
#1201=EDGE_LOOP('',(#3002,#3003,#3004,#3005));
#1202=EDGE_LOOP('',(#3006,#3007,#3008,#3009));
#1203=EDGE_LOOP('',(#3010,#3011,#3012,#3013));
#1204=EDGE_LOOP('',(#3014,#3015,#3016,#3017));
#1205=EDGE_LOOP('',(#3018,#3019,#3020,#3021));
#1206=EDGE_LOOP('',(#3022,#3023,#3024,#3025));
#1207=EDGE_LOOP('',(#3026,#3027,#3028,#3029));
#1208=EDGE_LOOP('',(#3030,#3031,#3032,#3033));
#1209=EDGE_LOOP('',(#3034,#3035,#3036,#3037));
#1210=EDGE_LOOP('',(#3038,#3039,#3040,#3041,#3042,#3043,#3044,#3045));
#1211=EDGE_LOOP('',(#3046,#3047,#3048,#3049));
#1212=EDGE_LOOP('',(#3050,#3051,#3052,#3053));
#1213=EDGE_LOOP('',(#3054,#3055,#3056,#3057));
#1214=EDGE_LOOP('',(#3058,#3059,#3060,#3061));
#1215=EDGE_LOOP('',(#3062,#3063,#3064,#3065));
#1216=EDGE_LOOP('',(#3066,#3067,#3068,#3069));
#1217=EDGE_LOOP('',(#3070,#3071,#3072,#3073));
#1218=EDGE_LOOP('',(#3074,#3075,#3076,#3077));
#1219=EDGE_LOOP('',(#3078,#3079,#3080,#3081));
#1220=EDGE_LOOP('',(#3082,#3083,#3084,#3085));
#1221=EDGE_LOOP('',(#3086,#3087,#3088,#3089));
#1222=EDGE_LOOP('',(#3090,#3091,#3092,#3093));
#1223=EDGE_LOOP('',(#3094,#3095,#3096,#3097));
#1224=EDGE_LOOP('',(#3098,#3099,#3100,#3101,#3102,#3103));
#1225=EDGE_LOOP('',(#3104,#3105,#3106,#3107,#3108,#3109,#3110,#3111));
#1226=EDGE_LOOP('',(#3112,#3113,#3114,#3115,#3116,#3117,#3118,#3119,#3120,
#3121,#3122,#3123,#3124,#3125,#3126,#3127,#3128,#3129,#3130,#3131,#3132,
#3133));
#1227=ELLIPSE('',#3339,0.846361698684433,0.79375);
#1228=ELLIPSE('',#3340,0.846361698684431,0.79375);
#1229=ELLIPSE('',#3343,0.859148808982087,0.79375);
#1230=ELLIPSE('',#3351,0.859148808982087,0.79375);
#1231=ELLIPSE('',#3374,0.859148650515747,0.79375);
#1232=ELLIPSE('',#3375,0.859148808982103,0.79375);
#1233=ELLIPSE('',#3440,1.12253201513364,0.79375);
#1234=ELLIPSE('',#3448,1.12253201513364,0.79375);
#1235=ELLIPSE('',#3456,1.12253201513363,0.79375);
#1236=ELLIPSE('',#3460,1.12253201513363,0.79375);
#1237=ELLIPSE('',#3553,1.05182133701499,0.74375);
#1238=ELLIPSE('',#3560,1.05182133701499,0.743750000000001);
#1239=ELLIPSE('',#3571,1.05182133701499,0.74375);
#1240=CIRCLE('',#3338,0.499999999999998);
#1241=CIRCLE('',#3342,0.79375);
#1242=CIRCLE('',#3345,0.79375);
#1243=CIRCLE('',#3346,0.79375);
#1244=CIRCLE('',#3347,0.79375);
#1245=CIRCLE('',#3348,1.);
#1246=CIRCLE('',#3349,0.20625);
#1247=CIRCLE('',#3354,0.79375);
#1248=CIRCLE('',#3355,0.5);
#1249=CIRCLE('',#3356,1.29375);
#1250=CIRCLE('',#3358,0.79375);
#1251=CIRCLE('',#3359,0.79375);
#1252=CIRCLE('',#3360,1.);
#1253=CIRCLE('',#3361,0.20625);
#1254=CIRCLE('',#3364,0.79375);
#1255=CIRCLE('',#3365,0.79375);
#1256=CIRCLE('',#3366,1.);
#1257=CIRCLE('',#3367,0.20625);
#1258=CIRCLE('',#3369,0.79375);
#1259=CIRCLE('',#3370,0.79375);
#1260=CIRCLE('',#3372,0.79375);
#1261=CIRCLE('',#3377,0.79375);
#1262=CIRCLE('',#3378,1.29375);
#1263=CIRCLE('',#3379,0.79375);
#1264=CIRCLE('',#3380,0.5);
#1265=CIRCLE('',#3382,0.79375);
#1266=CIRCLE('',#3383,0.79375);
#1267=CIRCLE('',#3384,1.);
#1268=CIRCLE('',#3385,0.20625);
#1269=CIRCLE('',#3387,0.79375);
#1270=CIRCLE('',#3388,0.79375);
#1271=CIRCLE('',#3389,1.);
#1272=CIRCLE('',#3390,0.20625);
#1273=CIRCLE('',#3392,0.79375);
#1274=CIRCLE('',#3394,1.29375);
#1275=CIRCLE('',#3395,0.79375);
#1276=CIRCLE('',#3396,0.5);
#1277=CIRCLE('',#3397,1.29375);
#1278=CIRCLE('',#3400,0.79375);
#1279=CIRCLE('',#3401,0.79375);
#1280=CIRCLE('',#3402,1.);
#1281=CIRCLE('',#3403,0.20625);
#1282=CIRCLE('',#3405,0.79375);
#1283=CIRCLE('',#3407,0.5);
#1284=CIRCLE('',#3410,0.5);
#1285=CIRCLE('',#3411,0.5);
#1286=CIRCLE('',#3414,1.);
#1287=CIRCLE('',#3419,0.5);
#1288=CIRCLE('',#3422,1.);
#1289=CIRCLE('',#3425,0.5);
#1290=CIRCLE('',#3428,1.);
#1291=CIRCLE('',#3431,0.5);
#1292=CIRCLE('',#3434,0.5);
#1293=CIRCLE('',#3436,0.5);
#1294=CIRCLE('',#3441,0.79375);
#1295=CIRCLE('',#3442,0.79375);
#1296=CIRCLE('',#3443,0.79375);
#1297=CIRCLE('',#3445,0.79375);
#1298=CIRCLE('',#3450,0.79375);
#1299=CIRCLE('',#3452,0.79375);
#1300=CIRCLE('',#3455,0.79375);
#1301=CIRCLE('',#3457,0.79375);
#1302=CIRCLE('',#3458,0.79375);
#1303=CIRCLE('',#3463,0.79375);
#1304=CIRCLE('',#3466,0.79375);
#1305=CIRCLE('',#3467,0.79375);
#1306=CIRCLE('',#3471,1.5);
#1307=CIRCLE('',#3472,0.5);
#1308=CIRCLE('',#3473,0.5);
#1309=CIRCLE('',#3474,0.5);
#1310=CIRCLE('',#3475,0.5);
#1311=CIRCLE('',#3476,1.5);
#1312=CIRCLE('',#3480,0.5);
#1313=CIRCLE('',#3482,0.5);
#1314=CIRCLE('',#3483,0.5);
#1315=CIRCLE('',#3488,1.);
#1316=CIRCLE('',#3493,0.5);
#1317=CIRCLE('',#3495,0.5);
#1318=CIRCLE('',#3499,1.);
#1319=CIRCLE('',#3500,0.5);
#1320=CIRCLE('',#3503,0.5);
#1321=CIRCLE('',#3505,0.5);
#1322=CIRCLE('',#3507,0.5);
#1323=CIRCLE('',#3509,0.5);
#1324=CIRCLE('',#3513,1.5);
#1325=CIRCLE('',#3514,1.5);
#1326=CIRCLE('',#3517,1.5);
#1327=CIRCLE('',#3519,1.5);
#1328=CIRCLE('',#3526,0.5);
#1329=CIRCLE('',#3527,0.5);
#1330=CIRCLE('',#3529,0.5);
#1331=CIRCLE('',#3531,1.);
#1332=CIRCLE('',#3545,0.79375);
#1333=CIRCLE('',#3546,0.79375);
#1334=CIRCLE('',#3549,0.793749999999999);
#1335=CIRCLE('',#3550,0.793749999999999);
#1336=CIRCLE('',#3552,0.74375);
#1337=CIRCLE('',#3554,0.74375);
#1338=CIRCLE('',#3556,0.79375);
#1339=CIRCLE('',#3557,0.79375);
#1340=CIRCLE('',#3559,0.743750000000001);
#1341=CIRCLE('',#3561,0.743750000000001);
#1342=CIRCLE('',#3563,0.79375);
#1343=CIRCLE('',#3564,0.79375);
#1344=CIRCLE('',#3567,0.79375);
#1345=CIRCLE('',#3568,0.79375);
#1346=CIRCLE('',#3573,0.79375);
#1347=CIRCLE('',#3574,0.500001333581781);
#1348=CIRCLE('',#3575,0.5);
#1349=CIRCLE('',#3576,0.5);
#1350=CIRCLE('',#3577,0.5);
#1351=CIRCLE('',#3578,0.5);
#1352=CIRCLE('',#3579,0.50000133357478);
#1353=CIRCLE('',#3580,0.79375);
#1354=CIRCLE('',#3581,0.74375);
#1355=CIRCLE('',#3582,0.79375);
#1356=CIRCLE('',#3583,0.79375);
#1357=CIRCLE('',#3584,0.500001333574771);
#1358=CIRCLE('',#3585,0.500001333575);
#1359=CIRCLE('',#3587,0.74375);
#1360=CIRCLE('',#3596,0.500001333574771);
#1361=CIRCLE('',#3601,0.500001333581781);
#1362=CIRCLE('',#3608,0.500001333575);
#1363=CIRCLE('',#3615,0.50000133357478);
#1364=CIRCLE('',#3619,0.5);
#1365=CIRCLE('',#3623,0.5);
#1366=CIRCLE('',#3628,0.79375);
#1367=CIRCLE('',#3631,0.79375);
#1368=CIRCLE('',#3634,0.5);
#1369=CIRCLE('',#3638,0.5);
#1370=CIRCLE('',#3646,0.79375);
#1371=CIRCLE('',#3649,0.79375);
#1372=VERTEX_POINT('',#4656);
#1373=VERTEX_POINT('',#4657);
#1374=VERTEX_POINT('',#4659);
#1375=VERTEX_POINT('',#4663);
#1376=VERTEX_POINT('',#4664);
#1377=VERTEX_POINT('',#4666);
#1378=VERTEX_POINT('',#4668);
#1379=VERTEX_POINT('',#4672);
#1380=VERTEX_POINT('',#4673);
#1381=VERTEX_POINT('',#4675);
#1382=VERTEX_POINT('',#4677);
#1383=VERTEX_POINT('',#4689);
#1384=VERTEX_POINT('',#4690);
#1385=VERTEX_POINT('',#4695);
#1386=VERTEX_POINT('',#4697);
#1387=VERTEX_POINT('',#4704);
#1388=VERTEX_POINT('',#4705);
#1389=VERTEX_POINT('',#4710);
#1390=VERTEX_POINT('',#4711);
#1391=VERTEX_POINT('',#4724);
#1392=VERTEX_POINT('',#4725);
#1393=VERTEX_POINT('',#4733);
#1394=VERTEX_POINT('',#4735);
#1395=VERTEX_POINT('',#4747);
#1396=VERTEX_POINT('',#4748);
#1397=VERTEX_POINT('',#4753);
#1398=VERTEX_POINT('',#4754);
#1399=VERTEX_POINT('',#4757);
#1400=VERTEX_POINT('',#4761);
#1401=VERTEX_POINT('',#4774);
#1402=VERTEX_POINT('',#4778);
#1403=VERTEX_POINT('',#4779);
#1404=VERTEX_POINT('',#4781);
#1405=VERTEX_POINT('',#4783);
#1406=VERTEX_POINT('',#4787);
#1407=VERTEX_POINT('',#4788);
#1408=VERTEX_POINT('',#4790);
#1409=VERTEX_POINT('',#4792);
#1410=VERTEX_POINT('',#4796);
#1411=VERTEX_POINT('',#4797);
#1412=VERTEX_POINT('',#4810);
#1413=VERTEX_POINT('',#4811);
#1414=VERTEX_POINT('',#4816);
#1415=VERTEX_POINT('',#4817);
#1416=VERTEX_POINT('',#4830);
#1417=VERTEX_POINT('',#4831);
#1418=VERTEX_POINT('',#4836);
#1419=VERTEX_POINT('',#4837);
#1420=VERTEX_POINT('',#4842);
#1421=VERTEX_POINT('',#4843);
#1422=VERTEX_POINT('',#4848);
#1423=VERTEX_POINT('',#4868);
#1424=VERTEX_POINT('',#4873);
#1425=VERTEX_POINT('',#4875);
#1426=VERTEX_POINT('',#4883);
#1427=VERTEX_POINT('',#4885);
#1428=VERTEX_POINT('',#4897);
#1429=VERTEX_POINT('',#4898);
#1430=VERTEX_POINT('',#4903);
#1431=VERTEX_POINT('',#4904);
#1432=VERTEX_POINT('',#4909);
#1433=VERTEX_POINT('',#4932);
#1434=VERTEX_POINT('',#4934);
#1435=VERTEX_POINT('',#4936);
#1436=VERTEX_POINT('',#4938);
#1437=VERTEX_POINT('',#4942);
#1438=VERTEX_POINT('',#4944);
#1439=VERTEX_POINT('',#4946);
#1440=VERTEX_POINT('',#4950);
#1441=VERTEX_POINT('',#4954);
#1442=VERTEX_POINT('',#4958);
#1443=VERTEX_POINT('',#4962);
#1444=VERTEX_POINT('',#4964);
#1445=VERTEX_POINT('',#4966);
#1446=VERTEX_POINT('',#4970);
#1447=VERTEX_POINT('',#4974);
#1448=VERTEX_POINT('',#4978);
#1449=VERTEX_POINT('',#4982);
#1450=VERTEX_POINT('',#4984);
#1451=VERTEX_POINT('',#4986);
#1452=VERTEX_POINT('',#4990);
#1453=VERTEX_POINT('',#4994);
#1454=VERTEX_POINT('',#4996);
#1455=VERTEX_POINT('',#4998);
#1456=VERTEX_POINT('',#5000);
#1457=VERTEX_POINT('',#5002);
#1458=VERTEX_POINT('',#5004);
#1459=VERTEX_POINT('',#5006);
#1460=VERTEX_POINT('',#5010);
#1461=VERTEX_POINT('',#5014);
#1462=VERTEX_POINT('',#5018);
#1463=VERTEX_POINT('',#5022);
#1464=VERTEX_POINT('',#5024);
#1465=VERTEX_POINT('',#5028);
#1466=VERTEX_POINT('',#5030);
#1467=VERTEX_POINT('',#5034);
#1468=VERTEX_POINT('',#5036);
#1469=VERTEX_POINT('',#5040);
#1470=VERTEX_POINT('',#5044);
#1471=VERTEX_POINT('',#5046);
#1472=VERTEX_POINT('',#5048);
#1473=VERTEX_POINT('',#5050);
#1474=VERTEX_POINT('',#5052);
#1475=VERTEX_POINT('',#5054);
#1476=VERTEX_POINT('',#5058);
#1477=VERTEX_POINT('',#5059);
#1478=VERTEX_POINT('',#5061);
#1479=VERTEX_POINT('',#5063);
#1480=VERTEX_POINT('',#5065);
#1481=VERTEX_POINT('',#5067);
#1482=VERTEX_POINT('',#5069);
#1483=VERTEX_POINT('',#5073);
#1484=VERTEX_POINT('',#5075);
#1485=VERTEX_POINT('',#5079);
#1486=VERTEX_POINT('',#5083);
#1487=VERTEX_POINT('',#5087);
#1488=VERTEX_POINT('',#5089);
#1489=VERTEX_POINT('',#5091);
#1490=VERTEX_POINT('',#5095);
#1491=VERTEX_POINT('',#5097);
#1492=VERTEX_POINT('',#5101);
#1493=VERTEX_POINT('',#5105);
#1494=VERTEX_POINT('',#5106);
#1495=VERTEX_POINT('',#5108);
#1496=VERTEX_POINT('',#5110);
#1497=VERTEX_POINT('',#5112);
#1498=VERTEX_POINT('',#5114);
#1499=VERTEX_POINT('',#5116);
#1500=VERTEX_POINT('',#5120);
#1501=VERTEX_POINT('',#5122);
#1502=VERTEX_POINT('',#5126);
#1503=VERTEX_POINT('',#5130);
#1504=VERTEX_POINT('',#5134);
#1505=VERTEX_POINT('',#5138);
#1506=VERTEX_POINT('',#5140);
#1507=VERTEX_POINT('',#5144);
#1508=VERTEX_POINT('',#5145);
#1509=VERTEX_POINT('',#5147);
#1510=VERTEX_POINT('',#5149);
#1511=VERTEX_POINT('',#5153);
#1512=VERTEX_POINT('',#5155);
#1513=VERTEX_POINT('',#5157);
#1514=VERTEX_POINT('',#5159);
#1515=VERTEX_POINT('',#5161);
#1516=VERTEX_POINT('',#5163);
#1517=VERTEX_POINT('',#5166);
#1518=VERTEX_POINT('',#5171);
#1519=VERTEX_POINT('',#5173);
#1520=VERTEX_POINT('',#5175);
#1521=VERTEX_POINT('',#5177);
#1522=VERTEX_POINT('',#5179);
#1523=VERTEX_POINT('',#5181);
#1524=VERTEX_POINT('',#5183);
#1525=VERTEX_POINT('',#5187);
#1526=VERTEX_POINT('',#5189);
#1527=VERTEX_POINT('',#5196);
#1528=VERTEX_POINT('',#5201);
#1529=VERTEX_POINT('',#5203);
#1530=VERTEX_POINT('',#5205);
#1531=VERTEX_POINT('',#5210);
#1532=VERTEX_POINT('',#5218);
#1533=VERTEX_POINT('',#5219);
#1534=VERTEX_POINT('',#5222);
#1535=VERTEX_POINT('',#5224);
#1536=VERTEX_POINT('',#5226);
#1537=VERTEX_POINT('',#5228);
#1538=VERTEX_POINT('',#5237);
#1539=VERTEX_POINT('',#5239);
#1540=VERTEX_POINT('',#5245);
#1541=VERTEX_POINT('',#5252);
#1542=VERTEX_POINT('',#5254);
#1543=VERTEX_POINT('',#5256);
#1544=VERTEX_POINT('',#5260);
#1545=VERTEX_POINT('',#5262);
#1546=VERTEX_POINT('',#5266);
#1547=VERTEX_POINT('',#5267);
#1548=VERTEX_POINT('',#5272);
#1549=VERTEX_POINT('',#5276);
#1550=VERTEX_POINT('',#5277);
#1551=VERTEX_POINT('',#5282);
#1552=VERTEX_POINT('',#5290);
#1553=VERTEX_POINT('',#5292);
#1554=VERTEX_POINT('',#5296);
#1555=VERTEX_POINT('',#5298);
#1556=VERTEX_POINT('',#5306);
#1557=VERTEX_POINT('',#5318);
#1558=VERTEX_POINT('',#5320);
#1559=VERTEX_POINT('',#5322);
#1560=VERTEX_POINT('',#5329);
#1561=VERTEX_POINT('',#5351);
#1562=VERTEX_POINT('',#5352);
#1563=VERTEX_POINT('',#5354);
#1564=VERTEX_POINT('',#5356);
#1565=VERTEX_POINT('',#5360);
#1566=VERTEX_POINT('',#5362);
#1567=VERTEX_POINT('',#5364);
#1568=VERTEX_POINT('',#5366);
#1569=VERTEX_POINT('',#5368);
#1570=VERTEX_POINT('',#5370);
#1571=VERTEX_POINT('',#5374);
#1572=VERTEX_POINT('',#5376);
#1573=VERTEX_POINT('',#5380);
#1574=VERTEX_POINT('',#5382);
#1575=VERTEX_POINT('',#5384);
#1576=VERTEX_POINT('',#5388);
#1577=VERTEX_POINT('',#5389);
#1578=VERTEX_POINT('',#5391);
#1579=VERTEX_POINT('',#5393);
#1580=VERTEX_POINT('',#5397);
#1581=VERTEX_POINT('',#5399);
#1582=VERTEX_POINT('',#5401);
#1583=VERTEX_POINT('',#5405);
#1584=VERTEX_POINT('',#5406);
#1585=VERTEX_POINT('',#5408);
#1586=VERTEX_POINT('',#5410);
#1587=VERTEX_POINT('',#5412);
#1588=VERTEX_POINT('',#5426);
#1589=VERTEX_POINT('',#5428);
#1590=VERTEX_POINT('',#5435);
#1591=VERTEX_POINT('',#5436);
#1592=VERTEX_POINT('',#5441);
#1593=VERTEX_POINT('',#5443);
#1594=VERTEX_POINT('',#5445);
#1595=VERTEX_POINT('',#5447);
#1596=VERTEX_POINT('',#5449);
#1597=VERTEX_POINT('',#5451);
#1598=VERTEX_POINT('',#5453);
#1599=VERTEX_POINT('',#5455);
#1600=VERTEX_POINT('',#5457);
#1601=VERTEX_POINT('',#5459);
#1602=VERTEX_POINT('',#5461);
#1603=VERTEX_POINT('',#5463);
#1604=VERTEX_POINT('',#5465);
#1605=VERTEX_POINT('',#5467);
#1606=VERTEX_POINT('',#5469);
#1607=VERTEX_POINT('',#5471);
#1608=VERTEX_POINT('',#5473);
#1609=VERTEX_POINT('',#5475);
#1610=VERTEX_POINT('',#5477);
#1611=VERTEX_POINT('',#5479);
#1612=VERTEX_POINT('',#5481);
#1613=VERTEX_POINT('',#5483);
#1614=VERTEX_POINT('',#5485);
#1615=VERTEX_POINT('',#5487);
#1616=VERTEX_POINT('',#5489);
#1617=VERTEX_POINT('',#5491);
#1618=VERTEX_POINT('',#5493);
#1619=VERTEX_POINT('',#5495);
#1620=VERTEX_POINT('',#5497);
#1621=VERTEX_POINT('',#5501);
#1622=VERTEX_POINT('',#5503);
#1623=VERTEX_POINT('',#5505);
#1624=VERTEX_POINT('',#5507);
#1625=VERTEX_POINT('',#5509);
#1626=VERTEX_POINT('',#5511);
#1627=VERTEX_POINT('',#5513);
#1628=VERTEX_POINT('',#5516);
#1629=VERTEX_POINT('',#5517);
#1630=VERTEX_POINT('',#5519);
#1631=VERTEX_POINT('',#5521);
#1632=VERTEX_POINT('',#5523);
#1633=VERTEX_POINT('',#5526);
#1634=VERTEX_POINT('',#5527);
#1635=VERTEX_POINT('',#5529);
#1636=VERTEX_POINT('',#5531);
#1637=VERTEX_POINT('',#5533);
#1638=VERTEX_POINT('',#5537);
#1639=VERTEX_POINT('',#5544);
#1640=VERTEX_POINT('',#5546);
#1641=VERTEX_POINT('',#5550);
#1642=VERTEX_POINT('',#5552);
#1643=VERTEX_POINT('',#5556);
#1644=VERTEX_POINT('',#5560);
#1645=VERTEX_POINT('',#5564);
#1646=VERTEX_POINT('',#5571);
#1647=VERTEX_POINT('',#5573);
#1648=VERTEX_POINT('',#5577);
#1649=VERTEX_POINT('',#5581);
#1650=VERTEX_POINT('',#5583);
#1651=VERTEX_POINT('',#5591);
#1652=VERTEX_POINT('',#5593);
#1653=VERTEX_POINT('',#5597);
#1654=VERTEX_POINT('',#5601);
#1655=VERTEX_POINT('',#5605);
#1656=VERTEX_POINT('',#5612);
#1657=VERTEX_POINT('',#5614);
#1658=VERTEX_POINT('',#5618);
#1659=VERTEX_POINT('',#5622);
#1660=VERTEX_POINT('',#5626);
#1661=VERTEX_POINT('',#5632);
#1662=VERTEX_POINT('',#5633);
#1663=VERTEX_POINT('',#5638);
#1664=VERTEX_POINT('',#5639);
#1665=VERTEX_POINT('',#5646);
#1666=VERTEX_POINT('',#5647);
#1667=VERTEX_POINT('',#5652);
#1668=VERTEX_POINT('',#5656);
#1669=VERTEX_POINT('',#5658);
#1670=VERTEX_POINT('',#5662);
#1671=VERTEX_POINT('',#5666);
#1672=VERTEX_POINT('',#5672);
#1673=VERTEX_POINT('',#5678);
#1674=VERTEX_POINT('',#5679);
#1675=VERTEX_POINT('',#5684);
#1676=VERTEX_POINT('',#5685);
#1677=VERTEX_POINT('',#5692);
#1678=VERTEX_POINT('',#5693);
#1679=VERTEX_POINT('',#5698);
#1680=VERTEX_POINT('',#5705);
#1681=VERTEX_POINT('',#5709);
#1682=VERTEX_POINT('',#5713);
#1683=VERTEX_POINT('',#5717);
#1684=VERTEX_POINT('',#5723);
#1685=EDGE_CURVE('',#1372,#1373,#1240,.T.);
#1686=EDGE_CURVE('',#1373,#1374,#1227,.T.);
#1687=EDGE_CURVE('',#1374,#1372,#1228,.T.);
#1688=EDGE_CURVE('',#1375,#1376,#148,.T.);
#1689=EDGE_CURVE('',#1376,#1377,#1241,.T.);
#1690=EDGE_CURVE('',#1377,#1378,#149,.T.);
#1691=EDGE_CURVE('',#1378,#1375,#1229,.T.);
#1692=EDGE_CURVE('',#1379,#1380,#1242,.T.);
#1693=EDGE_CURVE('',#1380,#1381,#150,.T.);
#1694=EDGE_CURVE('',#1381,#1382,#1243,.T.);
#1695=EDGE_CURVE('',#1382,#1379,#151,.T.);
#1696=EDGE_CURVE('',#1383,#1384,#1244,.T.);
#1697=EDGE_CURVE('',#1384,#1380,#1245,.T.);
#1698=EDGE_CURVE('',#1379,#1383,#1246,.T.);
#1699=EDGE_CURVE('',#1385,#1384,#152,.T.);
#1700=EDGE_CURVE('',#1383,#1386,#153,.T.);
#1701=EDGE_CURVE('',#1386,#1385,#1230,.T.);
#1702=EDGE_CURVE('',#1378,#1385,#154,.T.);
#1703=EDGE_CURVE('',#1386,#1375,#155,.T.);
#1704=EDGE_CURVE('',#1387,#1388,#1247,.T.);
#1705=EDGE_CURVE('',#1388,#1377,#1248,.T.);
#1706=EDGE_CURVE('',#1376,#1387,#1249,.T.);
#1707=EDGE_CURVE('',#1389,#1390,#1250,.T.);
#1708=EDGE_CURVE('',#1390,#1388,#156,.T.);
#1709=EDGE_CURVE('',#1387,#1389,#157,.T.);
#1710=EDGE_CURVE('',#1391,#1392,#1251,.T.);
#1711=EDGE_CURVE('',#1392,#1390,#1252,.T.);
#1712=EDGE_CURVE('',#1389,#1391,#1253,.T.);
#1713=EDGE_CURVE('',#1373,#1392,#158,.T.);
#1714=EDGE_CURVE('',#1391,#1374,#159,.T.);
#1715=EDGE_CURVE('',#1374,#1393,#160,.T.);
#1716=EDGE_CURVE('',#1393,#1394,#1254,.T.);
#1717=EDGE_CURVE('',#1394,#1372,#161,.T.);
#1718=EDGE_CURVE('',#1395,#1396,#1255,.T.);
#1719=EDGE_CURVE('',#1396,#1394,#1256,.T.);
#1720=EDGE_CURVE('',#1393,#1395,#1257,.T.);
#1721=EDGE_CURVE('',#1397,#1398,#1258,.T.);
#1722=EDGE_CURVE('',#1398,#1396,#162,.T.);
#1723=EDGE_CURVE('',#1395,#1399,#163,.T.);
#1724=EDGE_CURVE('',#1399,#1397,#1259,.T.);
#1725=EDGE_CURVE('',#1400,#1397,#131,.F.);
#1726=EDGE_CURVE('',#1400,#1401,#1260,.T.);
#1727=EDGE_CURVE('',#1401,#1398,#164,.T.);
#1728=EDGE_CURVE('',#1402,#1403,#165,.T.);
#1729=EDGE_CURVE('',#1403,#1404,#1231,.T.);
#1730=EDGE_CURVE('',#1404,#1405,#166,.T.);
#1731=EDGE_CURVE('',#1405,#1402,#1232,.T.);
#1732=EDGE_CURVE('',#1406,#1407,#1261,.T.);
#1733=EDGE_CURVE('',#1407,#1408,#1262,.T.);
#1734=EDGE_CURVE('',#1408,#1409,#1263,.T.);
#1735=EDGE_CURVE('',#1409,#1406,#1264,.T.);
#1736=EDGE_CURVE('',#1410,#1411,#1265,.T.);
#1737=EDGE_CURVE('',#1411,#1409,#167,.T.);
#1738=EDGE_CURVE('',#1408,#1410,#168,.T.);
#1739=EDGE_CURVE('',#1412,#1413,#1266,.T.);
#1740=EDGE_CURVE('',#1413,#1411,#1267,.T.);
#1741=EDGE_CURVE('',#1410,#1412,#1268,.T.);
#1742=EDGE_CURVE('',#1414,#1415,#1269,.T.);
#1743=EDGE_CURVE('',#1415,#1413,#169,.T.);
#1744=EDGE_CURVE('',#1412,#1414,#170,.T.);
#1745=EDGE_CURVE('',#1416,#1417,#1270,.T.);
#1746=EDGE_CURVE('',#1417,#1415,#1271,.T.);
#1747=EDGE_CURVE('',#1414,#1416,#1272,.T.);
#1748=EDGE_CURVE('',#1418,#1419,#1273,.T.);
#1749=EDGE_CURVE('',#1419,#1417,#171,.T.);
#1750=EDGE_CURVE('',#1416,#1418,#172,.T.);
#1751=EDGE_CURVE('',#1420,#1421,#132,.T.);
#1752=EDGE_CURVE('',#1421,#1422,#133,.T.);
#1753=EDGE_CURVE('',#1423,#1422,#134,.F.);
#1754=EDGE_CURVE('',#1423,#1424,#1274,.T.);
#1755=EDGE_CURVE('',#1424,#1425,#1275,.T.);
#1756=EDGE_CURVE('',#1425,#1419,#1276,.T.);
#1757=EDGE_CURVE('',#1418,#1420,#1277,.T.);
#1758=EDGE_CURVE('',#1403,#1425,#173,.T.);
#1759=EDGE_CURVE('',#1424,#1404,#174,.T.);
#1760=EDGE_CURVE('',#1405,#1426,#175,.T.);
#1761=EDGE_CURVE('',#1426,#1427,#1278,.T.);
#1762=EDGE_CURVE('',#1427,#1402,#176,.T.);
#1763=EDGE_CURVE('',#1428,#1429,#1279,.T.);
#1764=EDGE_CURVE('',#1429,#1427,#1280,.T.);
#1765=EDGE_CURVE('',#1426,#1428,#1281,.T.);
#1766=EDGE_CURVE('',#1430,#1431,#1282,.T.);
#1767=EDGE_CURVE('',#1431,#1429,#177,.T.);
#1768=EDGE_CURVE('',#1428,#1430,#178,.T.);
#1769=EDGE_CURVE('',#1432,#1407,#135,.T.);
#1770=EDGE_CURVE('',#1406,#1401,#1283,.T.);
#1771=EDGE_CURVE('',#1432,#1400,#136,.F.);
#1772=EDGE_CURVE('',#1407,#1420,#179,.T.);
#1773=EDGE_CURVE('',#1382,#1430,#180,.F.);
#1774=EDGE_CURVE('',#1423,#1433,#181,.T.);
#1775=EDGE_CURVE('',#1434,#1433,#1284,.T.);
#1776=EDGE_CURVE('',#1434,#1435,#182,.T.);
#1777=EDGE_CURVE('',#1436,#1435,#1285,.T.);
#1778=EDGE_CURVE('',#1436,#1399,#183,.T.);
#1779=EDGE_CURVE('',#1437,#1380,#184,.T.);
#1780=EDGE_CURVE('',#1438,#1437,#185,.T.);
#1781=EDGE_CURVE('',#1439,#1438,#186,.T.);
#1782=EDGE_CURVE('',#1439,#1381,#187,.T.);
#1783=EDGE_CURVE('',#1384,#1440,#188,.T.);
#1784=EDGE_CURVE('',#1440,#1437,#1286,.F.);
#1785=EDGE_CURVE('',#1441,#1385,#189,.T.);
#1786=EDGE_CURVE('',#1440,#1441,#190,.T.);
#1787=EDGE_CURVE('',#1378,#1442,#191,.T.);
#1788=EDGE_CURVE('',#1442,#1441,#192,.T.);
#1789=EDGE_CURVE('',#1443,#1377,#193,.T.);
#1790=EDGE_CURVE('',#1444,#1443,#194,.F.);
#1791=EDGE_CURVE('',#1445,#1444,#195,.F.);
#1792=EDGE_CURVE('',#1442,#1445,#196,.F.);
#1793=EDGE_CURVE('',#1388,#1446,#197,.T.);
#1794=EDGE_CURVE('',#1446,#1443,#1287,.T.);
#1795=EDGE_CURVE('',#1447,#1390,#198,.T.);
#1796=EDGE_CURVE('',#1446,#1447,#199,.F.);
#1797=EDGE_CURVE('',#1448,#1392,#200,.T.);
#1798=EDGE_CURVE('',#1448,#1447,#1288,.T.);
#1799=EDGE_CURVE('',#1373,#1449,#201,.T.);
#1800=EDGE_CURVE('',#1449,#1450,#202,.T.);
#1801=EDGE_CURVE('',#1451,#1450,#203,.T.);
#1802=EDGE_CURVE('',#1448,#1451,#204,.T.);
#1803=EDGE_CURVE('',#1372,#1452,#205,.T.);
#1804=EDGE_CURVE('',#1452,#1449,#1289,.F.);
#1805=EDGE_CURVE('',#1453,#1394,#206,.T.);
#1806=EDGE_CURVE('',#1453,#1454,#207,.F.);
#1807=EDGE_CURVE('',#1454,#1455,#208,.T.);
#1808=EDGE_CURVE('',#1456,#1455,#209,.T.);
#1809=EDGE_CURVE('',#1457,#1456,#210,.T.);
#1810=EDGE_CURVE('',#1458,#1457,#211,.T.);
#1811=EDGE_CURVE('',#1459,#1458,#212,.T.);
#1812=EDGE_CURVE('',#1459,#1452,#213,.T.);
#1813=EDGE_CURVE('',#1460,#1396,#214,.T.);
#1814=EDGE_CURVE('',#1460,#1453,#1290,.T.);
#1815=EDGE_CURVE('',#1461,#1401,#215,.T.);
#1816=EDGE_CURVE('',#1460,#1461,#216,.F.);
#1817=EDGE_CURVE('',#1409,#1462,#217,.T.);
#1818=EDGE_CURVE('',#1462,#1461,#1291,.T.);
#1819=EDGE_CURVE('',#1402,#1463,#218,.T.);
#1820=EDGE_CURVE('',#1463,#1464,#219,.T.);
#1821=EDGE_CURVE('',#1464,#1403,#220,.T.);
#1822=EDGE_CURVE('',#1465,#1421,#221,.T.);
#1823=EDGE_CURVE('',#1465,#1466,#1292,.F.);
#1824=EDGE_CURVE('',#1422,#1466,#222,.F.);
#1825=EDGE_CURVE('',#1397,#1467,#223,.T.);
#1826=EDGE_CURVE('',#1467,#1468,#1293,.F.);
#1827=EDGE_CURVE('',#1432,#1468,#224,.T.);
#1828=EDGE_CURVE('',#1436,#1469,#225,.T.);
#1829=EDGE_CURVE('',#1469,#1467,#226,.T.);
#1830=EDGE_CURVE('',#1470,#1415,#227,.T.);
#1831=EDGE_CURVE('',#1471,#1470,#228,.T.);
#1832=EDGE_CURVE('',#1472,#1471,#229,.T.);
#1833=EDGE_CURVE('',#1472,#1473,#230,.T.);
#1834=EDGE_CURVE('',#1474,#1473,#231,.T.);
#1835=EDGE_CURVE('',#1474,#1475,#232,.F.);
#1836=EDGE_CURVE('',#1413,#1475,#233,.T.);
#1837=EDGE_CURVE('',#1476,#1477,#1233,.T.);
#1838=EDGE_CURVE('',#1477,#1478,#234,.T.);
#1839=EDGE_CURVE('',#1478,#1479,#1294,.T.);
#1840=EDGE_CURVE('',#1479,#1480,#235,.T.);
#1841=EDGE_CURVE('',#1481,#1480,#1295,.T.);
#1842=EDGE_CURVE('',#1481,#1482,#236,.T.);
#1843=EDGE_CURVE('',#1482,#1476,#1296,.T.);
#1844=EDGE_CURVE('',#1483,#1478,#237,.F.);
#1845=EDGE_CURVE('',#1484,#1483,#1297,.T.);
#1846=EDGE_CURVE('',#1479,#1484,#238,.T.);
#1847=EDGE_CURVE('',#1485,#1477,#239,.T.);
#1848=EDGE_CURVE('',#1483,#1485,#240,.T.);
#1849=EDGE_CURVE('',#1476,#1486,#241,.T.);
#1850=EDGE_CURVE('',#1485,#1486,#1234,.T.);
#1851=EDGE_CURVE('',#1482,#1487,#242,.T.);
#1852=EDGE_CURVE('',#1487,#1488,#243,.T.);
#1853=EDGE_CURVE('',#1488,#1489,#244,.T.);
#1854=EDGE_CURVE('',#1486,#1489,#1298,.T.);
#1855=EDGE_CURVE('',#1489,#1490,#245,.T.);
#1856=EDGE_CURVE('',#1490,#1491,#1299,.F.);
#1857=EDGE_CURVE('',#1491,#1484,#246,.T.);
#1858=EDGE_CURVE('',#1492,#1488,#247,.T.);
#1859=EDGE_CURVE('',#1492,#1490,#248,.T.);
#1860=EDGE_CURVE('',#1493,#1494,#1300,.T.);
#1861=EDGE_CURVE('',#1494,#1495,#249,.T.);
#1862=EDGE_CURVE('',#1495,#1496,#1235,.T.);
#1863=EDGE_CURVE('',#1496,#1497,#1301,.T.);
#1864=EDGE_CURVE('',#1497,#1498,#250,.T.);
#1865=EDGE_CURVE('',#1498,#1499,#1302,.F.);
#1866=EDGE_CURVE('',#1499,#1493,#251,.T.);
#1867=EDGE_CURVE('',#1495,#1500,#252,.T.);
#1868=EDGE_CURVE('',#1501,#1500,#1236,.T.);
#1869=EDGE_CURVE('',#1501,#1496,#253,.T.);
#1870=EDGE_CURVE('',#1494,#1502,#254,.F.);
#1871=EDGE_CURVE('',#1500,#1502,#255,.T.);
#1872=EDGE_CURVE('',#1493,#1503,#256,.T.);
#1873=EDGE_CURVE('',#1502,#1503,#1303,.T.);
#1874=EDGE_CURVE('',#1499,#1504,#257,.T.);
#1875=EDGE_CURVE('',#1503,#1504,#258,.T.);
#1876=EDGE_CURVE('',#1505,#1504,#1304,.T.);
#1877=EDGE_CURVE('',#1505,#1506,#259,.T.);
#1878=EDGE_CURVE('',#1506,#1501,#1305,.T.);
#1879=EDGE_CURVE('',#1507,#1508,#260,.T.);
#1880=EDGE_CURVE('',#1508,#1509,#261,.T.);
#1881=EDGE_CURVE('',#1509,#1510,#262,.T.);
#1882=EDGE_CURVE('',#1510,#1507,#263,.T.);
#1883=EDGE_CURVE('',#1511,#1509,#264,.T.);
#1884=EDGE_CURVE('',#1512,#1511,#265,.T.);
#1885=EDGE_CURVE('',#1512,#1513,#266,.F.);
#1886=EDGE_CURVE('',#1514,#1513,#267,.T.);
#1887=EDGE_CURVE('',#1515,#1514,#268,.T.);
#1888=EDGE_CURVE('',#1515,#1516,#269,.T.);
#1889=EDGE_CURVE('',#1516,#1492,#270,.T.);
#1890=EDGE_CURVE('',#1487,#1517,#271,.T.);
#1891=EDGE_CURVE('',#1517,#1459,#272,.T.);
#1892=EDGE_CURVE('',#1510,#1458,#273,.T.);
#1893=EDGE_CURVE('',#1518,#1508,#274,.T.);
#1894=EDGE_CURVE('',#1519,#1518,#1306,.F.);
#1895=EDGE_CURVE('',#1520,#1519,#1307,.T.);
#1896=EDGE_CURVE('',#1521,#1520,#1308,.F.);
#1897=EDGE_CURVE('',#1522,#1521,#275,.F.);
#1898=EDGE_CURVE('',#1523,#1522,#1309,.F.);
#1899=EDGE_CURVE('',#1523,#1524,#1310,.F.);
#1900=EDGE_CURVE('',#1511,#1524,#1311,.F.);
#1901=EDGE_CURVE('',#1525,#1497,#276,.T.);
#1902=EDGE_CURVE('',#1526,#1525,#277,.T.);
#1903=EDGE_CURVE('',#1526,#1498,#278,.T.);
#1904=EDGE_CURVE('',#1481,#1517,#279,.T.);
#1905=EDGE_CURVE('',#1480,#1491,#280,.T.);
#1906=EDGE_CURVE('',#1527,#1516,#281,.T.);
#1907=EDGE_CURVE('',#1450,#1527,#1312,.T.);
#1908=EDGE_CURVE('',#1473,#1455,#1313,.F.);
#1909=EDGE_CURVE('',#1528,#1472,#1314,.T.);
#1910=EDGE_CURVE('',#1528,#1529,#282,.T.);
#1911=EDGE_CURVE('',#1530,#1529,#283,.T.);
#1912=EDGE_CURVE('',#1505,#1530,#284,.T.);
#1913=EDGE_CURVE('',#1456,#1526,#285,.T.);
#1914=EDGE_CURVE('',#1531,#1530,#286,.T.);
#1915=EDGE_CURVE('',#1506,#1531,#287,.T.);
#1916=EDGE_CURVE('',#1457,#1507,#288,.T.);
#1917=EDGE_CURVE('',#1531,#1525,#289,.T.);
#1918=EDGE_CURVE('',#1532,#1533,#290,.T.);
#1919=EDGE_CURVE('',#1533,#1464,#291,.F.);
#1920=EDGE_CURVE('',#1463,#1534,#292,.T.);
#1921=EDGE_CURVE('',#1535,#1534,#1315,.F.);
#1922=EDGE_CURVE('',#1535,#1536,#293,.T.);
#1923=EDGE_CURVE('',#1537,#1536,#294,.T.);
#1924=EDGE_CURVE('',#1537,#1532,#295,.T.);
#1925=EDGE_CURVE('',#1445,#1515,#296,.T.);
#1926=EDGE_CURVE('',#1438,#1514,#297,.T.);
#1927=EDGE_CURVE('',#1529,#1532,#298,.T.);
#1928=EDGE_CURVE('',#1538,#1528,#299,.T.);
#1929=EDGE_CURVE('',#1538,#1539,#300,.F.);
#1930=EDGE_CURVE('',#1533,#1539,#301,.T.);
#1931=EDGE_CURVE('',#1538,#1471,#1316,.T.);
#1932=EDGE_CURVE('',#1451,#1540,#1317,.T.);
#1933=EDGE_CURVE('',#1527,#1540,#302,.T.);
#1934=EDGE_CURVE('',#1444,#1540,#303,.F.);
#1935=EDGE_CURVE('',#1541,#1470,#1318,.T.);
#1936=EDGE_CURVE('',#1541,#1542,#304,.F.);
#1937=EDGE_CURVE('',#1543,#1542,#1319,.T.);
#1938=EDGE_CURVE('',#1543,#1539,#305,.F.);
#1939=EDGE_CURVE('',#1544,#1537,#306,.T.);
#1940=EDGE_CURVE('',#1545,#1544,#307,.T.);
#1941=EDGE_CURVE('',#1518,#1545,#308,.T.);
#1942=EDGE_CURVE('',#1546,#1547,#1320,.T.);
#1943=EDGE_CURVE('',#1547,#1521,#309,.T.);
#1944=EDGE_CURVE('',#1520,#1546,#310,.T.);
#1945=EDGE_CURVE('',#1519,#1548,#311,.T.);
#1946=EDGE_CURVE('',#1548,#1546,#1321,.F.);
#1947=EDGE_CURVE('',#1549,#1550,#1322,.T.);
#1948=EDGE_CURVE('',#1550,#1523,#312,.T.);
#1949=EDGE_CURVE('',#1522,#1549,#313,.T.);
#1950=EDGE_CURVE('',#1551,#1550,#1323,.T.);
#1951=EDGE_CURVE('',#1551,#1524,#314,.T.);
#1952=EDGE_CURVE('',#1547,#1549,#315,.T.);
#1953=EDGE_CURVE('',#1513,#1439,#316,.T.);
#1954=EDGE_CURVE('',#1552,#1548,#1324,.T.);
#1955=EDGE_CURVE('',#1553,#1552,#317,.T.);
#1956=EDGE_CURVE('',#1551,#1553,#1325,.T.);
#1957=EDGE_CURVE('',#1554,#1552,#318,.T.);
#1958=EDGE_CURVE('',#1554,#1555,#319,.F.);
#1959=EDGE_CURVE('',#1553,#1555,#320,.T.);
#1960=EDGE_CURVE('',#1555,#1512,#1326,.T.);
#1961=EDGE_CURVE('',#1545,#1554,#1327,.T.);
#1962=EDGE_CURVE('',#1556,#1544,#321,.T.);
#1963=EDGE_CURVE('',#1431,#1556,#322,.F.);
#1964=EDGE_CURVE('',#1536,#1556,#323,.T.);
#1965=EDGE_CURVE('',#1429,#1535,#324,.T.);
#1966=EDGE_CURVE('',#1534,#1427,#325,.T.);
#1967=EDGE_CURVE('',#1425,#1543,#326,.T.);
#1968=EDGE_CURVE('',#1557,#1469,#1328,.F.);
#1969=EDGE_CURVE('',#1558,#1557,#327,.T.);
#1970=EDGE_CURVE('',#1559,#1558,#1329,.F.);
#1971=EDGE_CURVE('',#1466,#1559,#328,.T.);
#1972=EDGE_CURVE('',#1468,#1465,#329,.T.);
#1973=EDGE_CURVE('',#1474,#1454,#1330,.T.);
#1974=EDGE_CURVE('',#1462,#1560,#330,.F.);
#1975=EDGE_CURVE('',#1475,#1560,#1331,.T.);
#1976=EDGE_CURVE('',#1542,#1419,#331,.T.);
#1977=EDGE_CURVE('',#1417,#1541,#332,.T.);
#1978=EDGE_CURVE('',#1560,#1411,#333,.T.);
#1979=EDGE_CURVE('',#1435,#1557,#334,.T.);
#1980=EDGE_CURVE('',#1434,#1558,#335,.T.);
#1981=EDGE_CURVE('',#1433,#1559,#336,.T.);
#1982=EDGE_CURVE('',#1561,#1562,#1332,.T.);
#1983=EDGE_CURVE('',#1562,#1563,#337,.T.);
#1984=EDGE_CURVE('',#1563,#1564,#1333,.T.);
#1985=EDGE_CURVE('',#1564,#1561,#338,.T.);
#1986=EDGE_CURVE('',#1562,#1565,#339,.T.);
#1987=EDGE_CURVE('',#1566,#1565,#340,.T.);
#1988=EDGE_CURVE('',#1566,#1567,#341,.F.);
#1989=EDGE_CURVE('',#1567,#1568,#342,.T.);
#1990=EDGE_CURVE('',#1568,#1569,#343,.T.);
#1991=EDGE_CURVE('',#1569,#1570,#344,.T.);
#1992=EDGE_CURVE('',#1563,#1570,#345,.T.);
#1993=EDGE_CURVE('',#1565,#1571,#1334,.T.);
#1994=EDGE_CURVE('',#1571,#1572,#346,.T.);
#1995=EDGE_CURVE('',#1572,#1566,#1335,.T.);
#1996=EDGE_CURVE('',#1571,#1573,#1336,.T.);
#1997=EDGE_CURVE('',#1573,#1574,#347,.T.);
#1998=EDGE_CURVE('',#1575,#1574,#1237,.T.);
#1999=EDGE_CURVE('',#1575,#1572,#1337,.F.);
#2000=EDGE_CURVE('',#1576,#1577,#1338,.T.);
#2001=EDGE_CURVE('',#1577,#1578,#348,.T.);
#2002=EDGE_CURVE('',#1578,#1579,#1339,.T.);
#2003=EDGE_CURVE('',#1579,#1576,#349,.T.);
#2004=EDGE_CURVE('',#1577,#1580,#1340,.T.);
#2005=EDGE_CURVE('',#1580,#1581,#350,.T.);
#2006=EDGE_CURVE('',#1582,#1581,#1238,.T.);
#2007=EDGE_CURVE('',#1582,#1578,#1341,.F.);
#2008=EDGE_CURVE('',#1583,#1584,#351,.T.);
#2009=EDGE_CURVE('',#1584,#1585,#1342,.T.);
#2010=EDGE_CURVE('',#1585,#1586,#352,.T.);
#2011=EDGE_CURVE('',#1586,#1587,#1343,.T.);
#2012=EDGE_CURVE('',#1587,#1583,#137,.T.);
#2013=EDGE_CURVE('',#1587,#1582,#353,.T.);
#2014=EDGE_CURVE('',#1581,#1583,#354,.T.);
#2015=EDGE_CURVE('',#1588,#1585,#1344,.F.);
#2016=EDGE_CURVE('',#1588,#1589,#355,.T.);
#2017=EDGE_CURVE('',#1589,#1586,#1345,.T.);
#2018=EDGE_CURVE('',#1580,#1584,#356,.T.);
#2019=EDGE_CURVE('',#1576,#1588,#357,.F.);
#2020=EDGE_CURVE('',#1590,#1591,#1239,.T.);
#2021=EDGE_CURVE('',#1591,#1575,#358,.T.);
#2022=EDGE_CURVE('',#1574,#1590,#359,.T.);
#2023=EDGE_CURVE('',#1589,#1592,#360,.F.);
#2024=EDGE_CURVE('',#1593,#1592,#1346,.T.);
#2025=EDGE_CURVE('',#1594,#1593,#361,.T.);
#2026=EDGE_CURVE('',#1595,#1594,#362,.T.);
#2027=EDGE_CURVE('',#1595,#1596,#363,.T.);
#2028=EDGE_CURVE('',#1596,#1597,#1347,.T.);
#2029=EDGE_CURVE('',#1597,#1598,#364,.T.);
#2030=EDGE_CURVE('',#1598,#1599,#365,.T.);
#2031=EDGE_CURVE('',#1599,#1600,#366,.T.);
#2032=EDGE_CURVE('',#1600,#1601,#367,.T.);
#2033=EDGE_CURVE('',#1601,#1602,#368,.T.);
#2034=EDGE_CURVE('',#1602,#1603,#1348,.T.);
#2035=EDGE_CURVE('',#1603,#1604,#369,.T.);
#2036=EDGE_CURVE('',#1604,#1605,#370,.T.);
#2037=EDGE_CURVE('',#1605,#1606,#1349,.T.);
#2038=EDGE_CURVE('',#1607,#1606,#371,.T.);
#2039=EDGE_CURVE('',#1608,#1607,#1350,.T.);
#2040=EDGE_CURVE('',#1609,#1608,#372,.T.);
#2041=EDGE_CURVE('',#1610,#1609,#373,.T.);
#2042=EDGE_CURVE('',#1611,#1610,#1351,.T.);
#2043=EDGE_CURVE('',#1612,#1611,#374,.T.);
#2044=EDGE_CURVE('',#1613,#1612,#375,.T.);
#2045=EDGE_CURVE('',#1613,#1614,#376,.T.);
#2046=EDGE_CURVE('',#1614,#1615,#377,.T.);
#2047=EDGE_CURVE('',#1615,#1616,#378,.T.);
#2048=EDGE_CURVE('',#1616,#1617,#1352,.T.);
#2049=EDGE_CURVE('',#1618,#1617,#379,.T.);
#2050=EDGE_CURVE('',#1618,#1619,#380,.T.);
#2051=EDGE_CURVE('',#1619,#1620,#381,.T.);
#2052=EDGE_CURVE('',#1620,#1567,#1353,.T.);
#2053=EDGE_CURVE('',#1564,#1591,#1354,.F.);
#2054=EDGE_CURVE('',#1570,#1621,#1355,.T.);
#2055=EDGE_CURVE('',#1621,#1622,#382,.T.);
#2056=EDGE_CURVE('',#1622,#1623,#383,.T.);
#2057=EDGE_CURVE('',#1623,#1624,#384,.T.);
#2058=EDGE_CURVE('',#1625,#1624,#385,.T.);
#2059=EDGE_CURVE('',#1626,#1625,#386,.T.);
#2060=EDGE_CURVE('',#1627,#1626,#1356,.T.);
#2061=EDGE_CURVE('',#1627,#1579,#387,.T.);
#2062=EDGE_CURVE('',#1628,#1629,#388,.T.);
#2063=EDGE_CURVE('',#1629,#1630,#389,.T.);
#2064=EDGE_CURVE('',#1630,#1631,#390,.T.);
#2065=EDGE_CURVE('',#1631,#1632,#391,.T.);
#2066=EDGE_CURVE('',#1632,#1628,#1357,.T.);
#2067=EDGE_CURVE('',#1633,#1634,#392,.T.);
#2068=EDGE_CURVE('',#1634,#1635,#393,.T.);
#2069=EDGE_CURVE('',#1635,#1636,#394,.T.);
#2070=EDGE_CURVE('',#1636,#1637,#1358,.T.);
#2071=EDGE_CURVE('',#1637,#1633,#395,.T.);
#2072=EDGE_CURVE('',#1590,#1638,#396,.T.);
#2073=EDGE_CURVE('',#1638,#1561,#1359,.T.);
#2074=EDGE_CURVE('',#1638,#1573,#397,.F.);
#2075=EDGE_CURVE('',#1639,#1627,#398,.T.);
#2076=EDGE_CURVE('',#1640,#1639,#399,.T.);
#2077=EDGE_CURVE('',#1592,#1640,#400,.T.);
#2078=EDGE_CURVE('',#1628,#1641,#401,.T.);
#2079=EDGE_CURVE('',#1642,#1641,#402,.T.);
#2080=EDGE_CURVE('',#1629,#1642,#403,.T.);
#2081=EDGE_CURVE('',#1643,#1642,#404,.T.);
#2082=EDGE_CURVE('',#1630,#1643,#405,.T.);
#2083=EDGE_CURVE('',#1644,#1643,#406,.T.);
#2084=EDGE_CURVE('',#1631,#1644,#407,.T.);
#2085=EDGE_CURVE('',#1645,#1644,#408,.T.);
#2086=EDGE_CURVE('',#1632,#1645,#409,.T.);
#2087=EDGE_CURVE('',#1641,#1645,#1360,.T.);
#2088=EDGE_CURVE('',#1598,#1646,#410,.T.);
#2089=EDGE_CURVE('',#1647,#1646,#411,.T.);
#2090=EDGE_CURVE('',#1599,#1647,#412,.T.);
#2091=EDGE_CURVE('',#1648,#1647,#413,.T.);
#2092=EDGE_CURVE('',#1600,#1648,#414,.T.);
#2093=EDGE_CURVE('',#1596,#1649,#415,.T.);
#2094=EDGE_CURVE('',#1650,#1649,#1361,.T.);
#2095=EDGE_CURVE('',#1597,#1650,#416,.T.);
#2096=EDGE_CURVE('',#1646,#1650,#417,.T.);
#2097=EDGE_CURVE('',#1649,#1648,#418,.T.);
#2098=EDGE_CURVE('',#1633,#1651,#419,.T.);
#2099=EDGE_CURVE('',#1652,#1651,#420,.T.);
#2100=EDGE_CURVE('',#1634,#1652,#421,.T.);
#2101=EDGE_CURVE('',#1653,#1652,#422,.T.);
#2102=EDGE_CURVE('',#1635,#1653,#423,.T.);
#2103=EDGE_CURVE('',#1654,#1653,#424,.T.);
#2104=EDGE_CURVE('',#1636,#1654,#425,.T.);
#2105=EDGE_CURVE('',#1655,#1654,#1362,.T.);
#2106=EDGE_CURVE('',#1637,#1655,#426,.T.);
#2107=EDGE_CURVE('',#1651,#1655,#427,.T.);
#2108=EDGE_CURVE('',#1613,#1656,#428,.T.);
#2109=EDGE_CURVE('',#1657,#1656,#429,.T.);
#2110=EDGE_CURVE('',#1614,#1657,#430,.T.);
#2111=EDGE_CURVE('',#1658,#1657,#431,.T.);
#2112=EDGE_CURVE('',#1615,#1658,#432,.T.);
#2113=EDGE_CURVE('',#1659,#1658,#433,.T.);
#2114=EDGE_CURVE('',#1616,#1659,#434,.T.);
#2115=EDGE_CURVE('',#1660,#1659,#1363,.T.);
#2116=EDGE_CURVE('',#1617,#1660,#435,.T.);
#2117=EDGE_CURVE('',#1656,#1660,#436,.T.);
#2118=EDGE_CURVE('',#1661,#1662,#437,.T.);
#2119=EDGE_CURVE('',#1662,#1618,#438,.T.);
#2120=EDGE_CURVE('',#1661,#1612,#439,.F.);
#2121=EDGE_CURVE('',#1663,#1664,#1364,.T.);
#2122=EDGE_CURVE('',#1663,#1611,#440,.T.);
#2123=EDGE_CURVE('',#1664,#1610,#441,.T.);
#2124=EDGE_CURVE('',#1663,#1661,#442,.T.);
#2125=EDGE_CURVE('',#1665,#1666,#443,.T.);
#2126=EDGE_CURVE('',#1665,#1609,#444,.T.);
#2127=EDGE_CURVE('',#1666,#1608,#445,.T.);
#2128=EDGE_CURVE('',#1667,#1666,#1365,.T.);
#2129=EDGE_CURVE('',#1667,#1607,#446,.T.);
#2130=EDGE_CURVE('',#1668,#1622,#447,.T.);
#2131=EDGE_CURVE('',#1668,#1669,#448,.T.);
#2132=EDGE_CURVE('',#1669,#1623,#449,.T.);
#2133=EDGE_CURVE('',#1662,#1670,#450,.T.);
#2134=EDGE_CURVE('',#1670,#1619,#451,.T.);
#2135=EDGE_CURVE('',#1671,#1620,#452,.T.);
#2136=EDGE_CURVE('',#1670,#1671,#453,.T.);
#2137=EDGE_CURVE('',#1568,#1671,#1366,.T.);
#2138=EDGE_CURVE('',#1621,#1672,#454,.T.);
#2139=EDGE_CURVE('',#1668,#1672,#455,.T.);
#2140=EDGE_CURVE('',#1672,#1569,#1367,.T.);
#2141=EDGE_CURVE('',#1673,#1674,#456,.T.);
#2142=EDGE_CURVE('',#1673,#1601,#457,.F.);
#2143=EDGE_CURVE('',#1674,#1595,#458,.T.);
#2144=EDGE_CURVE('',#1675,#1676,#1368,.T.);
#2145=EDGE_CURVE('',#1676,#1603,#459,.T.);
#2146=EDGE_CURVE('',#1675,#1602,#460,.T.);
#2147=EDGE_CURVE('',#1675,#1673,#461,.T.);
#2148=EDGE_CURVE('',#1677,#1678,#462,.T.);
#2149=EDGE_CURVE('',#1678,#1605,#463,.T.);
#2150=EDGE_CURVE('',#1677,#1604,#464,.T.);
#2151=EDGE_CURVE('',#1679,#1678,#1369,.T.);
#2152=EDGE_CURVE('',#1679,#1606,#465,.T.);
#2153=EDGE_CURVE('',#1667,#1679,#466,.T.);
#2154=EDGE_CURVE('',#1680,#1669,#467,.T.);
#2155=EDGE_CURVE('',#1680,#1624,#468,.T.);
#2156=EDGE_CURVE('',#1681,#1680,#469,.T.);
#2157=EDGE_CURVE('',#1681,#1625,#470,.T.);
#2158=EDGE_CURVE('',#1682,#1594,#471,.T.);
#2159=EDGE_CURVE('',#1674,#1682,#472,.T.);
#2160=EDGE_CURVE('',#1683,#1593,#473,.T.);
#2161=EDGE_CURVE('',#1682,#1683,#474,.T.);
#2162=EDGE_CURVE('',#1640,#1683,#1370,.T.);
#2163=EDGE_CURVE('',#1626,#1684,#475,.T.);
#2164=EDGE_CURVE('',#1681,#1684,#476,.T.);
#2165=EDGE_CURVE('',#1684,#1639,#1371,.T.);
#2166=EDGE_CURVE('',#1677,#1665,#477,.T.);
#2167=EDGE_CURVE('',#1676,#1664,#478,.T.);
#2168=ORIENTED_EDGE('',*,*,#1685,.T.);
#2169=ORIENTED_EDGE('',*,*,#1686,.T.);
#2170=ORIENTED_EDGE('',*,*,#1687,.T.);
#2171=ORIENTED_EDGE('',*,*,#1688,.T.);
#2172=ORIENTED_EDGE('',*,*,#1689,.T.);
#2173=ORIENTED_EDGE('',*,*,#1690,.T.);
#2174=ORIENTED_EDGE('',*,*,#1691,.T.);
#2175=ORIENTED_EDGE('',*,*,#1692,.T.);
#2176=ORIENTED_EDGE('',*,*,#1693,.T.);
#2177=ORIENTED_EDGE('',*,*,#1694,.T.);
#2178=ORIENTED_EDGE('',*,*,#1695,.T.);
#2179=ORIENTED_EDGE('',*,*,#1696,.T.);
#2180=ORIENTED_EDGE('',*,*,#1697,.T.);
#2181=ORIENTED_EDGE('',*,*,#1692,.F.);
#2182=ORIENTED_EDGE('',*,*,#1698,.T.);
#2183=ORIENTED_EDGE('',*,*,#1699,.T.);
#2184=ORIENTED_EDGE('',*,*,#1696,.F.);
#2185=ORIENTED_EDGE('',*,*,#1700,.T.);
#2186=ORIENTED_EDGE('',*,*,#1701,.T.);
#2187=ORIENTED_EDGE('',*,*,#1702,.T.);
#2188=ORIENTED_EDGE('',*,*,#1701,.F.);
#2189=ORIENTED_EDGE('',*,*,#1703,.T.);
#2190=ORIENTED_EDGE('',*,*,#1691,.F.);
#2191=ORIENTED_EDGE('',*,*,#1704,.T.);
#2192=ORIENTED_EDGE('',*,*,#1705,.T.);
#2193=ORIENTED_EDGE('',*,*,#1689,.F.);
#2194=ORIENTED_EDGE('',*,*,#1706,.T.);
#2195=ORIENTED_EDGE('',*,*,#1707,.T.);
#2196=ORIENTED_EDGE('',*,*,#1708,.T.);
#2197=ORIENTED_EDGE('',*,*,#1704,.F.);
#2198=ORIENTED_EDGE('',*,*,#1709,.T.);
#2199=ORIENTED_EDGE('',*,*,#1710,.T.);
#2200=ORIENTED_EDGE('',*,*,#1711,.T.);
#2201=ORIENTED_EDGE('',*,*,#1707,.F.);
#2202=ORIENTED_EDGE('',*,*,#1712,.T.);
#2203=ORIENTED_EDGE('',*,*,#1686,.F.);
#2204=ORIENTED_EDGE('',*,*,#1713,.T.);
#2205=ORIENTED_EDGE('',*,*,#1710,.F.);
#2206=ORIENTED_EDGE('',*,*,#1714,.T.);
#2207=ORIENTED_EDGE('',*,*,#1687,.F.);
#2208=ORIENTED_EDGE('',*,*,#1715,.T.);
#2209=ORIENTED_EDGE('',*,*,#1716,.T.);
#2210=ORIENTED_EDGE('',*,*,#1717,.T.);
#2211=ORIENTED_EDGE('',*,*,#1718,.T.);
#2212=ORIENTED_EDGE('',*,*,#1719,.T.);
#2213=ORIENTED_EDGE('',*,*,#1716,.F.);
#2214=ORIENTED_EDGE('',*,*,#1720,.T.);
#2215=ORIENTED_EDGE('',*,*,#1721,.T.);
#2216=ORIENTED_EDGE('',*,*,#1722,.T.);
#2217=ORIENTED_EDGE('',*,*,#1718,.F.);
#2218=ORIENTED_EDGE('',*,*,#1723,.T.);
#2219=ORIENTED_EDGE('',*,*,#1724,.T.);
#2220=ORIENTED_EDGE('',*,*,#1725,.F.);
#2221=ORIENTED_EDGE('',*,*,#1726,.T.);
#2222=ORIENTED_EDGE('',*,*,#1727,.T.);
#2223=ORIENTED_EDGE('',*,*,#1721,.F.);
#2224=ORIENTED_EDGE('',*,*,#1728,.T.);
#2225=ORIENTED_EDGE('',*,*,#1729,.T.);
#2226=ORIENTED_EDGE('',*,*,#1730,.T.);
#2227=ORIENTED_EDGE('',*,*,#1731,.T.);
#2228=ORIENTED_EDGE('',*,*,#1732,.T.);
#2229=ORIENTED_EDGE('',*,*,#1733,.T.);
#2230=ORIENTED_EDGE('',*,*,#1734,.T.);
#2231=ORIENTED_EDGE('',*,*,#1735,.T.);
#2232=ORIENTED_EDGE('',*,*,#1736,.T.);
#2233=ORIENTED_EDGE('',*,*,#1737,.T.);
#2234=ORIENTED_EDGE('',*,*,#1734,.F.);
#2235=ORIENTED_EDGE('',*,*,#1738,.T.);
#2236=ORIENTED_EDGE('',*,*,#1739,.T.);
#2237=ORIENTED_EDGE('',*,*,#1740,.T.);
#2238=ORIENTED_EDGE('',*,*,#1736,.F.);
#2239=ORIENTED_EDGE('',*,*,#1741,.T.);
#2240=ORIENTED_EDGE('',*,*,#1742,.T.);
#2241=ORIENTED_EDGE('',*,*,#1743,.T.);
#2242=ORIENTED_EDGE('',*,*,#1739,.F.);
#2243=ORIENTED_EDGE('',*,*,#1744,.T.);
#2244=ORIENTED_EDGE('',*,*,#1745,.T.);
#2245=ORIENTED_EDGE('',*,*,#1746,.T.);
#2246=ORIENTED_EDGE('',*,*,#1742,.F.);
#2247=ORIENTED_EDGE('',*,*,#1747,.T.);
#2248=ORIENTED_EDGE('',*,*,#1748,.T.);
#2249=ORIENTED_EDGE('',*,*,#1749,.T.);
#2250=ORIENTED_EDGE('',*,*,#1745,.F.);
#2251=ORIENTED_EDGE('',*,*,#1750,.T.);
#2252=ORIENTED_EDGE('',*,*,#1751,.T.);
#2253=ORIENTED_EDGE('',*,*,#1752,.T.);
#2254=ORIENTED_EDGE('',*,*,#1753,.F.);
#2255=ORIENTED_EDGE('',*,*,#1754,.T.);
#2256=ORIENTED_EDGE('',*,*,#1755,.T.);
#2257=ORIENTED_EDGE('',*,*,#1756,.T.);
#2258=ORIENTED_EDGE('',*,*,#1748,.F.);
#2259=ORIENTED_EDGE('',*,*,#1757,.T.);
#2260=ORIENTED_EDGE('',*,*,#1758,.T.);
#2261=ORIENTED_EDGE('',*,*,#1755,.F.);
#2262=ORIENTED_EDGE('',*,*,#1759,.T.);
#2263=ORIENTED_EDGE('',*,*,#1729,.F.);
#2264=ORIENTED_EDGE('',*,*,#1760,.T.);
#2265=ORIENTED_EDGE('',*,*,#1761,.T.);
#2266=ORIENTED_EDGE('',*,*,#1762,.T.);
#2267=ORIENTED_EDGE('',*,*,#1731,.F.);
#2268=ORIENTED_EDGE('',*,*,#1763,.T.);
#2269=ORIENTED_EDGE('',*,*,#1764,.T.);
#2270=ORIENTED_EDGE('',*,*,#1761,.F.);
#2271=ORIENTED_EDGE('',*,*,#1765,.T.);
#2272=ORIENTED_EDGE('',*,*,#1766,.T.);
#2273=ORIENTED_EDGE('',*,*,#1767,.T.);
#2274=ORIENTED_EDGE('',*,*,#1763,.F.);
#2275=ORIENTED_EDGE('',*,*,#1768,.T.);
#2276=ORIENTED_EDGE('',*,*,#1769,.T.);
#2277=ORIENTED_EDGE('',*,*,#1732,.F.);
#2278=ORIENTED_EDGE('',*,*,#1770,.T.);
#2279=ORIENTED_EDGE('',*,*,#1726,.F.);
#2280=ORIENTED_EDGE('',*,*,#1771,.F.);
#2281=ORIENTED_EDGE('',*,*,#1733,.F.);
#2282=ORIENTED_EDGE('',*,*,#1772,.T.);
#2283=ORIENTED_EDGE('',*,*,#1757,.F.);
#2284=ORIENTED_EDGE('',*,*,#1750,.F.);
#2285=ORIENTED_EDGE('',*,*,#1747,.F.);
#2286=ORIENTED_EDGE('',*,*,#1744,.F.);
#2287=ORIENTED_EDGE('',*,*,#1741,.F.);
#2288=ORIENTED_EDGE('',*,*,#1738,.F.);
#2289=ORIENTED_EDGE('',*,*,#1723,.F.);
#2290=ORIENTED_EDGE('',*,*,#1720,.F.);
#2291=ORIENTED_EDGE('',*,*,#1715,.F.);
#2292=ORIENTED_EDGE('',*,*,#1714,.F.);
#2293=ORIENTED_EDGE('',*,*,#1712,.F.);
#2294=ORIENTED_EDGE('',*,*,#1709,.F.);
#2295=ORIENTED_EDGE('',*,*,#1706,.F.);
#2296=ORIENTED_EDGE('',*,*,#1688,.F.);
#2297=ORIENTED_EDGE('',*,*,#1703,.F.);
#2298=ORIENTED_EDGE('',*,*,#1700,.F.);
#2299=ORIENTED_EDGE('',*,*,#1698,.F.);
#2300=ORIENTED_EDGE('',*,*,#1695,.F.);
#2301=ORIENTED_EDGE('',*,*,#1773,.T.);
#2302=ORIENTED_EDGE('',*,*,#1768,.F.);
#2303=ORIENTED_EDGE('',*,*,#1765,.F.);
#2304=ORIENTED_EDGE('',*,*,#1760,.F.);
#2305=ORIENTED_EDGE('',*,*,#1730,.F.);
#2306=ORIENTED_EDGE('',*,*,#1759,.F.);
#2307=ORIENTED_EDGE('',*,*,#1754,.F.);
#2308=ORIENTED_EDGE('',*,*,#1774,.T.);
#2309=ORIENTED_EDGE('',*,*,#1775,.F.);
#2310=ORIENTED_EDGE('',*,*,#1776,.T.);
#2311=ORIENTED_EDGE('',*,*,#1777,.F.);
#2312=ORIENTED_EDGE('',*,*,#1778,.T.);
#2313=ORIENTED_EDGE('',*,*,#1693,.F.);
#2314=ORIENTED_EDGE('',*,*,#1779,.F.);
#2315=ORIENTED_EDGE('',*,*,#1780,.F.);
#2316=ORIENTED_EDGE('',*,*,#1781,.F.);
#2317=ORIENTED_EDGE('',*,*,#1782,.T.);
#2318=ORIENTED_EDGE('',*,*,#1697,.F.);
#2319=ORIENTED_EDGE('',*,*,#1783,.T.);
#2320=ORIENTED_EDGE('',*,*,#1784,.T.);
#2321=ORIENTED_EDGE('',*,*,#1779,.T.);
#2322=ORIENTED_EDGE('',*,*,#1699,.F.);
#2323=ORIENTED_EDGE('',*,*,#1785,.F.);
#2324=ORIENTED_EDGE('',*,*,#1786,.F.);
#2325=ORIENTED_EDGE('',*,*,#1783,.F.);
#2326=ORIENTED_EDGE('',*,*,#1702,.F.);
#2327=ORIENTED_EDGE('',*,*,#1787,.T.);
#2328=ORIENTED_EDGE('',*,*,#1788,.T.);
#2329=ORIENTED_EDGE('',*,*,#1785,.T.);
#2330=ORIENTED_EDGE('',*,*,#1690,.F.);
#2331=ORIENTED_EDGE('',*,*,#1789,.F.);
#2332=ORIENTED_EDGE('',*,*,#1790,.F.);
#2333=ORIENTED_EDGE('',*,*,#1791,.F.);
#2334=ORIENTED_EDGE('',*,*,#1792,.F.);
#2335=ORIENTED_EDGE('',*,*,#1787,.F.);
#2336=ORIENTED_EDGE('',*,*,#1705,.F.);
#2337=ORIENTED_EDGE('',*,*,#1793,.T.);
#2338=ORIENTED_EDGE('',*,*,#1794,.T.);
#2339=ORIENTED_EDGE('',*,*,#1789,.T.);
#2340=ORIENTED_EDGE('',*,*,#1708,.F.);
#2341=ORIENTED_EDGE('',*,*,#1795,.F.);
#2342=ORIENTED_EDGE('',*,*,#1796,.F.);
#2343=ORIENTED_EDGE('',*,*,#1793,.F.);
#2344=ORIENTED_EDGE('',*,*,#1711,.F.);
#2345=ORIENTED_EDGE('',*,*,#1797,.F.);
#2346=ORIENTED_EDGE('',*,*,#1798,.T.);
#2347=ORIENTED_EDGE('',*,*,#1795,.T.);
#2348=ORIENTED_EDGE('',*,*,#1713,.F.);
#2349=ORIENTED_EDGE('',*,*,#1799,.T.);
#2350=ORIENTED_EDGE('',*,*,#1800,.T.);
#2351=ORIENTED_EDGE('',*,*,#1801,.F.);
#2352=ORIENTED_EDGE('',*,*,#1802,.F.);
#2353=ORIENTED_EDGE('',*,*,#1797,.T.);
#2354=ORIENTED_EDGE('',*,*,#1685,.F.);
#2355=ORIENTED_EDGE('',*,*,#1803,.T.);
#2356=ORIENTED_EDGE('',*,*,#1804,.T.);
#2357=ORIENTED_EDGE('',*,*,#1799,.F.);
#2358=ORIENTED_EDGE('',*,*,#1717,.F.);
#2359=ORIENTED_EDGE('',*,*,#1805,.F.);
#2360=ORIENTED_EDGE('',*,*,#1806,.T.);
#2361=ORIENTED_EDGE('',*,*,#1807,.T.);
#2362=ORIENTED_EDGE('',*,*,#1808,.F.);
#2363=ORIENTED_EDGE('',*,*,#1809,.F.);
#2364=ORIENTED_EDGE('',*,*,#1810,.F.);
#2365=ORIENTED_EDGE('',*,*,#1811,.F.);
#2366=ORIENTED_EDGE('',*,*,#1812,.T.);
#2367=ORIENTED_EDGE('',*,*,#1803,.F.);
#2368=ORIENTED_EDGE('',*,*,#1719,.F.);
#2369=ORIENTED_EDGE('',*,*,#1813,.F.);
#2370=ORIENTED_EDGE('',*,*,#1814,.T.);
#2371=ORIENTED_EDGE('',*,*,#1805,.T.);
#2372=ORIENTED_EDGE('',*,*,#1722,.F.);
#2373=ORIENTED_EDGE('',*,*,#1727,.F.);
#2374=ORIENTED_EDGE('',*,*,#1815,.F.);
#2375=ORIENTED_EDGE('',*,*,#1816,.F.);
#2376=ORIENTED_EDGE('',*,*,#1813,.T.);
#2377=ORIENTED_EDGE('',*,*,#1770,.F.);
#2378=ORIENTED_EDGE('',*,*,#1735,.F.);
#2379=ORIENTED_EDGE('',*,*,#1817,.T.);
#2380=ORIENTED_EDGE('',*,*,#1818,.T.);
#2381=ORIENTED_EDGE('',*,*,#1815,.T.);
#2382=ORIENTED_EDGE('',*,*,#1728,.F.);
#2383=ORIENTED_EDGE('',*,*,#1819,.T.);
#2384=ORIENTED_EDGE('',*,*,#1820,.T.);
#2385=ORIENTED_EDGE('',*,*,#1821,.T.);
#2386=ORIENTED_EDGE('',*,*,#1822,.F.);
#2387=ORIENTED_EDGE('',*,*,#1823,.T.);
#2388=ORIENTED_EDGE('',*,*,#1824,.F.);
#2389=ORIENTED_EDGE('',*,*,#1752,.F.);
#2390=ORIENTED_EDGE('',*,*,#1825,.T.);
#2391=ORIENTED_EDGE('',*,*,#1826,.T.);
#2392=ORIENTED_EDGE('',*,*,#1827,.F.);
#2393=ORIENTED_EDGE('',*,*,#1771,.T.);
#2394=ORIENTED_EDGE('',*,*,#1725,.T.);
#2395=ORIENTED_EDGE('',*,*,#1778,.F.);
#2396=ORIENTED_EDGE('',*,*,#1828,.T.);
#2397=ORIENTED_EDGE('',*,*,#1829,.T.);
#2398=ORIENTED_EDGE('',*,*,#1825,.F.);
#2399=ORIENTED_EDGE('',*,*,#1724,.F.);
#2400=ORIENTED_EDGE('',*,*,#1743,.F.);
#2401=ORIENTED_EDGE('',*,*,#1830,.F.);
#2402=ORIENTED_EDGE('',*,*,#1831,.F.);
#2403=ORIENTED_EDGE('',*,*,#1832,.F.);
#2404=ORIENTED_EDGE('',*,*,#1833,.T.);
#2405=ORIENTED_EDGE('',*,*,#1834,.F.);
#2406=ORIENTED_EDGE('',*,*,#1835,.T.);
#2407=ORIENTED_EDGE('',*,*,#1836,.F.);
#2408=ORIENTED_EDGE('',*,*,#1837,.T.);
#2409=ORIENTED_EDGE('',*,*,#1838,.T.);
#2410=ORIENTED_EDGE('',*,*,#1839,.T.);
#2411=ORIENTED_EDGE('',*,*,#1840,.T.);
#2412=ORIENTED_EDGE('',*,*,#1841,.F.);
#2413=ORIENTED_EDGE('',*,*,#1842,.T.);
#2414=ORIENTED_EDGE('',*,*,#1843,.T.);
#2415=ORIENTED_EDGE('',*,*,#1839,.F.);
#2416=ORIENTED_EDGE('',*,*,#1844,.F.);
#2417=ORIENTED_EDGE('',*,*,#1845,.F.);
#2418=ORIENTED_EDGE('',*,*,#1846,.F.);
#2419=ORIENTED_EDGE('',*,*,#1838,.F.);
#2420=ORIENTED_EDGE('',*,*,#1847,.F.);
#2421=ORIENTED_EDGE('',*,*,#1848,.F.);
#2422=ORIENTED_EDGE('',*,*,#1844,.T.);
#2423=ORIENTED_EDGE('',*,*,#1837,.F.);
#2424=ORIENTED_EDGE('',*,*,#1849,.T.);
#2425=ORIENTED_EDGE('',*,*,#1850,.F.);
#2426=ORIENTED_EDGE('',*,*,#1847,.T.);
#2427=ORIENTED_EDGE('',*,*,#1843,.F.);
#2428=ORIENTED_EDGE('',*,*,#1851,.T.);
#2429=ORIENTED_EDGE('',*,*,#1852,.T.);
#2430=ORIENTED_EDGE('',*,*,#1853,.T.);
#2431=ORIENTED_EDGE('',*,*,#1854,.F.);
#2432=ORIENTED_EDGE('',*,*,#1849,.F.);
#2433=ORIENTED_EDGE('',*,*,#1845,.T.);
#2434=ORIENTED_EDGE('',*,*,#1848,.T.);
#2435=ORIENTED_EDGE('',*,*,#1850,.T.);
#2436=ORIENTED_EDGE('',*,*,#1854,.T.);
#2437=ORIENTED_EDGE('',*,*,#1855,.T.);
#2438=ORIENTED_EDGE('',*,*,#1856,.T.);
#2439=ORIENTED_EDGE('',*,*,#1857,.T.);
#2440=ORIENTED_EDGE('',*,*,#1855,.F.);
#2441=ORIENTED_EDGE('',*,*,#1853,.F.);
#2442=ORIENTED_EDGE('',*,*,#1858,.F.);
#2443=ORIENTED_EDGE('',*,*,#1859,.T.);
#2444=ORIENTED_EDGE('',*,*,#1860,.T.);
#2445=ORIENTED_EDGE('',*,*,#1861,.T.);
#2446=ORIENTED_EDGE('',*,*,#1862,.T.);
#2447=ORIENTED_EDGE('',*,*,#1863,.T.);
#2448=ORIENTED_EDGE('',*,*,#1864,.T.);
#2449=ORIENTED_EDGE('',*,*,#1865,.T.);
#2450=ORIENTED_EDGE('',*,*,#1866,.T.);
#2451=ORIENTED_EDGE('',*,*,#1862,.F.);
#2452=ORIENTED_EDGE('',*,*,#1867,.T.);
#2453=ORIENTED_EDGE('',*,*,#1868,.F.);
#2454=ORIENTED_EDGE('',*,*,#1869,.T.);
#2455=ORIENTED_EDGE('',*,*,#1861,.F.);
#2456=ORIENTED_EDGE('',*,*,#1870,.T.);
#2457=ORIENTED_EDGE('',*,*,#1871,.F.);
#2458=ORIENTED_EDGE('',*,*,#1867,.F.);
#2459=ORIENTED_EDGE('',*,*,#1860,.F.);
#2460=ORIENTED_EDGE('',*,*,#1872,.T.);
#2461=ORIENTED_EDGE('',*,*,#1873,.F.);
#2462=ORIENTED_EDGE('',*,*,#1870,.F.);
#2463=ORIENTED_EDGE('',*,*,#1866,.F.);
#2464=ORIENTED_EDGE('',*,*,#1874,.T.);
#2465=ORIENTED_EDGE('',*,*,#1875,.F.);
#2466=ORIENTED_EDGE('',*,*,#1872,.F.);
#2467=ORIENTED_EDGE('',*,*,#1868,.T.);
#2468=ORIENTED_EDGE('',*,*,#1871,.T.);
#2469=ORIENTED_EDGE('',*,*,#1873,.T.);
#2470=ORIENTED_EDGE('',*,*,#1875,.T.);
#2471=ORIENTED_EDGE('',*,*,#1876,.F.);
#2472=ORIENTED_EDGE('',*,*,#1877,.T.);
#2473=ORIENTED_EDGE('',*,*,#1878,.T.);
#2474=ORIENTED_EDGE('',*,*,#1879,.T.);
#2475=ORIENTED_EDGE('',*,*,#1880,.T.);
#2476=ORIENTED_EDGE('',*,*,#1881,.T.);
#2477=ORIENTED_EDGE('',*,*,#1882,.T.);
#2478=ORIENTED_EDGE('',*,*,#1881,.F.);
#2479=ORIENTED_EDGE('',*,*,#1883,.F.);
#2480=ORIENTED_EDGE('',*,*,#1884,.F.);
#2481=ORIENTED_EDGE('',*,*,#1885,.T.);
#2482=ORIENTED_EDGE('',*,*,#1886,.F.);
#2483=ORIENTED_EDGE('',*,*,#1887,.F.);
#2484=ORIENTED_EDGE('',*,*,#1888,.T.);
#2485=ORIENTED_EDGE('',*,*,#1889,.T.);
#2486=ORIENTED_EDGE('',*,*,#1858,.T.);
#2487=ORIENTED_EDGE('',*,*,#1852,.F.);
#2488=ORIENTED_EDGE('',*,*,#1890,.T.);
#2489=ORIENTED_EDGE('',*,*,#1891,.T.);
#2490=ORIENTED_EDGE('',*,*,#1811,.T.);
#2491=ORIENTED_EDGE('',*,*,#1892,.F.);
#2492=ORIENTED_EDGE('',*,*,#1880,.F.);
#2493=ORIENTED_EDGE('',*,*,#1893,.F.);
#2494=ORIENTED_EDGE('',*,*,#1894,.F.);
#2495=ORIENTED_EDGE('',*,*,#1895,.F.);
#2496=ORIENTED_EDGE('',*,*,#1896,.F.);
#2497=ORIENTED_EDGE('',*,*,#1897,.F.);
#2498=ORIENTED_EDGE('',*,*,#1898,.F.);
#2499=ORIENTED_EDGE('',*,*,#1899,.T.);
#2500=ORIENTED_EDGE('',*,*,#1900,.F.);
#2501=ORIENTED_EDGE('',*,*,#1883,.T.);
#2502=ORIENTED_EDGE('',*,*,#1864,.F.);
#2503=ORIENTED_EDGE('',*,*,#1901,.F.);
#2504=ORIENTED_EDGE('',*,*,#1902,.F.);
#2505=ORIENTED_EDGE('',*,*,#1903,.T.);
#2506=ORIENTED_EDGE('',*,*,#1842,.F.);
#2507=ORIENTED_EDGE('',*,*,#1904,.T.);
#2508=ORIENTED_EDGE('',*,*,#1890,.F.);
#2509=ORIENTED_EDGE('',*,*,#1851,.F.);
#2510=ORIENTED_EDGE('',*,*,#1812,.F.);
#2511=ORIENTED_EDGE('',*,*,#1891,.F.);
#2512=ORIENTED_EDGE('',*,*,#1904,.F.);
#2513=ORIENTED_EDGE('',*,*,#1841,.T.);
#2514=ORIENTED_EDGE('',*,*,#1905,.T.);
#2515=ORIENTED_EDGE('',*,*,#1856,.F.);
#2516=ORIENTED_EDGE('',*,*,#1859,.F.);
#2517=ORIENTED_EDGE('',*,*,#1889,.F.);
#2518=ORIENTED_EDGE('',*,*,#1906,.F.);
#2519=ORIENTED_EDGE('',*,*,#1907,.F.);
#2520=ORIENTED_EDGE('',*,*,#1800,.F.);
#2521=ORIENTED_EDGE('',*,*,#1804,.F.);
#2522=ORIENTED_EDGE('',*,*,#1808,.T.);
#2523=ORIENTED_EDGE('',*,*,#1908,.F.);
#2524=ORIENTED_EDGE('',*,*,#1833,.F.);
#2525=ORIENTED_EDGE('',*,*,#1909,.F.);
#2526=ORIENTED_EDGE('',*,*,#1910,.T.);
#2527=ORIENTED_EDGE('',*,*,#1911,.F.);
#2528=ORIENTED_EDGE('',*,*,#1912,.F.);
#2529=ORIENTED_EDGE('',*,*,#1876,.T.);
#2530=ORIENTED_EDGE('',*,*,#1874,.F.);
#2531=ORIENTED_EDGE('',*,*,#1865,.F.);
#2532=ORIENTED_EDGE('',*,*,#1903,.F.);
#2533=ORIENTED_EDGE('',*,*,#1913,.F.);
#2534=ORIENTED_EDGE('',*,*,#1877,.F.);
#2535=ORIENTED_EDGE('',*,*,#1912,.T.);
#2536=ORIENTED_EDGE('',*,*,#1914,.F.);
#2537=ORIENTED_EDGE('',*,*,#1915,.F.);
#2538=ORIENTED_EDGE('',*,*,#1882,.F.);
#2539=ORIENTED_EDGE('',*,*,#1892,.T.);
#2540=ORIENTED_EDGE('',*,*,#1810,.T.);
#2541=ORIENTED_EDGE('',*,*,#1916,.T.);
#2542=ORIENTED_EDGE('',*,*,#1863,.F.);
#2543=ORIENTED_EDGE('',*,*,#1869,.F.);
#2544=ORIENTED_EDGE('',*,*,#1878,.F.);
#2545=ORIENTED_EDGE('',*,*,#1915,.T.);
#2546=ORIENTED_EDGE('',*,*,#1917,.T.);
#2547=ORIENTED_EDGE('',*,*,#1901,.T.);
#2548=ORIENTED_EDGE('',*,*,#1918,.T.);
#2549=ORIENTED_EDGE('',*,*,#1919,.T.);
#2550=ORIENTED_EDGE('',*,*,#1820,.F.);
#2551=ORIENTED_EDGE('',*,*,#1920,.T.);
#2552=ORIENTED_EDGE('',*,*,#1921,.F.);
#2553=ORIENTED_EDGE('',*,*,#1922,.T.);
#2554=ORIENTED_EDGE('',*,*,#1923,.F.);
#2555=ORIENTED_EDGE('',*,*,#1924,.T.);
#2556=ORIENTED_EDGE('',*,*,#1925,.T.);
#2557=ORIENTED_EDGE('',*,*,#1887,.T.);
#2558=ORIENTED_EDGE('',*,*,#1926,.F.);
#2559=ORIENTED_EDGE('',*,*,#1780,.T.);
#2560=ORIENTED_EDGE('',*,*,#1784,.F.);
#2561=ORIENTED_EDGE('',*,*,#1786,.T.);
#2562=ORIENTED_EDGE('',*,*,#1788,.F.);
#2563=ORIENTED_EDGE('',*,*,#1792,.T.);
#2564=ORIENTED_EDGE('',*,*,#1840,.F.);
#2565=ORIENTED_EDGE('',*,*,#1846,.T.);
#2566=ORIENTED_EDGE('',*,*,#1857,.F.);
#2567=ORIENTED_EDGE('',*,*,#1905,.F.);
#2568=ORIENTED_EDGE('',*,*,#1918,.F.);
#2569=ORIENTED_EDGE('',*,*,#1927,.F.);
#2570=ORIENTED_EDGE('',*,*,#1910,.F.);
#2571=ORIENTED_EDGE('',*,*,#1928,.F.);
#2572=ORIENTED_EDGE('',*,*,#1929,.T.);
#2573=ORIENTED_EDGE('',*,*,#1930,.F.);
#2574=ORIENTED_EDGE('',*,*,#1931,.F.);
#2575=ORIENTED_EDGE('',*,*,#1928,.T.);
#2576=ORIENTED_EDGE('',*,*,#1909,.T.);
#2577=ORIENTED_EDGE('',*,*,#1832,.T.);
#2578=ORIENTED_EDGE('',*,*,#1932,.F.);
#2579=ORIENTED_EDGE('',*,*,#1801,.T.);
#2580=ORIENTED_EDGE('',*,*,#1907,.T.);
#2581=ORIENTED_EDGE('',*,*,#1933,.T.);
#2582=ORIENTED_EDGE('',*,*,#1932,.T.);
#2583=ORIENTED_EDGE('',*,*,#1934,.F.);
#2584=ORIENTED_EDGE('',*,*,#1790,.T.);
#2585=ORIENTED_EDGE('',*,*,#1794,.F.);
#2586=ORIENTED_EDGE('',*,*,#1796,.T.);
#2587=ORIENTED_EDGE('',*,*,#1798,.F.);
#2588=ORIENTED_EDGE('',*,*,#1802,.T.);
#2589=ORIENTED_EDGE('',*,*,#1925,.F.);
#2590=ORIENTED_EDGE('',*,*,#1791,.T.);
#2591=ORIENTED_EDGE('',*,*,#1934,.T.);
#2592=ORIENTED_EDGE('',*,*,#1933,.F.);
#2593=ORIENTED_EDGE('',*,*,#1906,.T.);
#2594=ORIENTED_EDGE('',*,*,#1888,.F.);
#2595=ORIENTED_EDGE('',*,*,#1931,.T.);
#2596=ORIENTED_EDGE('',*,*,#1831,.T.);
#2597=ORIENTED_EDGE('',*,*,#1935,.F.);
#2598=ORIENTED_EDGE('',*,*,#1936,.T.);
#2599=ORIENTED_EDGE('',*,*,#1937,.F.);
#2600=ORIENTED_EDGE('',*,*,#1938,.T.);
#2601=ORIENTED_EDGE('',*,*,#1929,.F.);
#2602=ORIENTED_EDGE('',*,*,#1879,.F.);
#2603=ORIENTED_EDGE('',*,*,#1916,.F.);
#2604=ORIENTED_EDGE('',*,*,#1809,.T.);
#2605=ORIENTED_EDGE('',*,*,#1913,.T.);
#2606=ORIENTED_EDGE('',*,*,#1902,.T.);
#2607=ORIENTED_EDGE('',*,*,#1917,.F.);
#2608=ORIENTED_EDGE('',*,*,#1914,.T.);
#2609=ORIENTED_EDGE('',*,*,#1911,.T.);
#2610=ORIENTED_EDGE('',*,*,#1927,.T.);
#2611=ORIENTED_EDGE('',*,*,#1924,.F.);
#2612=ORIENTED_EDGE('',*,*,#1939,.F.);
#2613=ORIENTED_EDGE('',*,*,#1940,.F.);
#2614=ORIENTED_EDGE('',*,*,#1941,.F.);
#2615=ORIENTED_EDGE('',*,*,#1893,.T.);
#2616=ORIENTED_EDGE('',*,*,#1942,.T.);
#2617=ORIENTED_EDGE('',*,*,#1943,.T.);
#2618=ORIENTED_EDGE('',*,*,#1896,.T.);
#2619=ORIENTED_EDGE('',*,*,#1944,.T.);
#2620=ORIENTED_EDGE('',*,*,#1944,.F.);
#2621=ORIENTED_EDGE('',*,*,#1895,.T.);
#2622=ORIENTED_EDGE('',*,*,#1945,.T.);
#2623=ORIENTED_EDGE('',*,*,#1946,.T.);
#2624=ORIENTED_EDGE('',*,*,#1947,.T.);
#2625=ORIENTED_EDGE('',*,*,#1948,.T.);
#2626=ORIENTED_EDGE('',*,*,#1898,.T.);
#2627=ORIENTED_EDGE('',*,*,#1949,.T.);
#2628=ORIENTED_EDGE('',*,*,#1948,.F.);
#2629=ORIENTED_EDGE('',*,*,#1950,.F.);
#2630=ORIENTED_EDGE('',*,*,#1951,.T.);
#2631=ORIENTED_EDGE('',*,*,#1899,.F.);
#2632=ORIENTED_EDGE('',*,*,#1943,.F.);
#2633=ORIENTED_EDGE('',*,*,#1952,.T.);
#2634=ORIENTED_EDGE('',*,*,#1949,.F.);
#2635=ORIENTED_EDGE('',*,*,#1897,.T.);
#2636=ORIENTED_EDGE('',*,*,#1886,.T.);
#2637=ORIENTED_EDGE('',*,*,#1953,.T.);
#2638=ORIENTED_EDGE('',*,*,#1781,.T.);
#2639=ORIENTED_EDGE('',*,*,#1926,.T.);
#2640=ORIENTED_EDGE('',*,*,#1942,.F.);
#2641=ORIENTED_EDGE('',*,*,#1946,.F.);
#2642=ORIENTED_EDGE('',*,*,#1954,.F.);
#2643=ORIENTED_EDGE('',*,*,#1955,.F.);
#2644=ORIENTED_EDGE('',*,*,#1956,.F.);
#2645=ORIENTED_EDGE('',*,*,#1950,.T.);
#2646=ORIENTED_EDGE('',*,*,#1947,.F.);
#2647=ORIENTED_EDGE('',*,*,#1952,.F.);
#2648=ORIENTED_EDGE('',*,*,#1955,.T.);
#2649=ORIENTED_EDGE('',*,*,#1957,.F.);
#2650=ORIENTED_EDGE('',*,*,#1958,.T.);
#2651=ORIENTED_EDGE('',*,*,#1959,.F.);
#2652=ORIENTED_EDGE('',*,*,#1956,.T.);
#2653=ORIENTED_EDGE('',*,*,#1959,.T.);
#2654=ORIENTED_EDGE('',*,*,#1960,.T.);
#2655=ORIENTED_EDGE('',*,*,#1884,.T.);
#2656=ORIENTED_EDGE('',*,*,#1900,.T.);
#2657=ORIENTED_EDGE('',*,*,#1951,.F.);
#2658=ORIENTED_EDGE('',*,*,#1945,.F.);
#2659=ORIENTED_EDGE('',*,*,#1894,.T.);
#2660=ORIENTED_EDGE('',*,*,#1941,.T.);
#2661=ORIENTED_EDGE('',*,*,#1961,.T.);
#2662=ORIENTED_EDGE('',*,*,#1957,.T.);
#2663=ORIENTED_EDGE('',*,*,#1954,.T.);
#2664=ORIENTED_EDGE('',*,*,#1961,.F.);
#2665=ORIENTED_EDGE('',*,*,#1940,.T.);
#2666=ORIENTED_EDGE('',*,*,#1962,.F.);
#2667=ORIENTED_EDGE('',*,*,#1963,.F.);
#2668=ORIENTED_EDGE('',*,*,#1766,.F.);
#2669=ORIENTED_EDGE('',*,*,#1773,.F.);
#2670=ORIENTED_EDGE('',*,*,#1694,.F.);
#2671=ORIENTED_EDGE('',*,*,#1782,.F.);
#2672=ORIENTED_EDGE('',*,*,#1953,.F.);
#2673=ORIENTED_EDGE('',*,*,#1885,.F.);
#2674=ORIENTED_EDGE('',*,*,#1960,.F.);
#2675=ORIENTED_EDGE('',*,*,#1958,.F.);
#2676=ORIENTED_EDGE('',*,*,#1923,.T.);
#2677=ORIENTED_EDGE('',*,*,#1964,.T.);
#2678=ORIENTED_EDGE('',*,*,#1962,.T.);
#2679=ORIENTED_EDGE('',*,*,#1939,.T.);
#2680=ORIENTED_EDGE('',*,*,#1767,.F.);
#2681=ORIENTED_EDGE('',*,*,#1963,.T.);
#2682=ORIENTED_EDGE('',*,*,#1964,.F.);
#2683=ORIENTED_EDGE('',*,*,#1922,.F.);
#2684=ORIENTED_EDGE('',*,*,#1965,.F.);
#2685=ORIENTED_EDGE('',*,*,#1762,.F.);
#2686=ORIENTED_EDGE('',*,*,#1966,.F.);
#2687=ORIENTED_EDGE('',*,*,#1920,.F.);
#2688=ORIENTED_EDGE('',*,*,#1819,.F.);
#2689=ORIENTED_EDGE('',*,*,#1758,.F.);
#2690=ORIENTED_EDGE('',*,*,#1821,.F.);
#2691=ORIENTED_EDGE('',*,*,#1919,.F.);
#2692=ORIENTED_EDGE('',*,*,#1930,.T.);
#2693=ORIENTED_EDGE('',*,*,#1938,.F.);
#2694=ORIENTED_EDGE('',*,*,#1967,.F.);
#2695=ORIENTED_EDGE('',*,*,#1968,.F.);
#2696=ORIENTED_EDGE('',*,*,#1969,.F.);
#2697=ORIENTED_EDGE('',*,*,#1970,.F.);
#2698=ORIENTED_EDGE('',*,*,#1971,.F.);
#2699=ORIENTED_EDGE('',*,*,#1823,.F.);
#2700=ORIENTED_EDGE('',*,*,#1972,.F.);
#2701=ORIENTED_EDGE('',*,*,#1826,.F.);
#2702=ORIENTED_EDGE('',*,*,#1829,.F.);
#2703=ORIENTED_EDGE('',*,*,#1908,.T.);
#2704=ORIENTED_EDGE('',*,*,#1807,.F.);
#2705=ORIENTED_EDGE('',*,*,#1973,.F.);
#2706=ORIENTED_EDGE('',*,*,#1834,.T.);
#2707=ORIENTED_EDGE('',*,*,#1973,.T.);
#2708=ORIENTED_EDGE('',*,*,#1806,.F.);
#2709=ORIENTED_EDGE('',*,*,#1814,.F.);
#2710=ORIENTED_EDGE('',*,*,#1816,.T.);
#2711=ORIENTED_EDGE('',*,*,#1818,.F.);
#2712=ORIENTED_EDGE('',*,*,#1974,.T.);
#2713=ORIENTED_EDGE('',*,*,#1975,.F.);
#2714=ORIENTED_EDGE('',*,*,#1835,.F.);
#2715=ORIENTED_EDGE('',*,*,#1756,.F.);
#2716=ORIENTED_EDGE('',*,*,#1967,.T.);
#2717=ORIENTED_EDGE('',*,*,#1937,.T.);
#2718=ORIENTED_EDGE('',*,*,#1976,.T.);
#2719=ORIENTED_EDGE('',*,*,#1749,.F.);
#2720=ORIENTED_EDGE('',*,*,#1976,.F.);
#2721=ORIENTED_EDGE('',*,*,#1936,.F.);
#2722=ORIENTED_EDGE('',*,*,#1977,.F.);
#2723=ORIENTED_EDGE('',*,*,#1737,.F.);
#2724=ORIENTED_EDGE('',*,*,#1978,.F.);
#2725=ORIENTED_EDGE('',*,*,#1974,.F.);
#2726=ORIENTED_EDGE('',*,*,#1817,.F.);
#2727=ORIENTED_EDGE('',*,*,#1828,.F.);
#2728=ORIENTED_EDGE('',*,*,#1777,.T.);
#2729=ORIENTED_EDGE('',*,*,#1979,.T.);
#2730=ORIENTED_EDGE('',*,*,#1968,.T.);
#2731=ORIENTED_EDGE('',*,*,#1979,.F.);
#2732=ORIENTED_EDGE('',*,*,#1776,.F.);
#2733=ORIENTED_EDGE('',*,*,#1980,.T.);
#2734=ORIENTED_EDGE('',*,*,#1969,.T.);
#2735=ORIENTED_EDGE('',*,*,#1980,.F.);
#2736=ORIENTED_EDGE('',*,*,#1775,.T.);
#2737=ORIENTED_EDGE('',*,*,#1981,.T.);
#2738=ORIENTED_EDGE('',*,*,#1970,.T.);
#2739=ORIENTED_EDGE('',*,*,#1827,.T.);
#2740=ORIENTED_EDGE('',*,*,#1972,.T.);
#2741=ORIENTED_EDGE('',*,*,#1822,.T.);
#2742=ORIENTED_EDGE('',*,*,#1751,.F.);
#2743=ORIENTED_EDGE('',*,*,#1772,.F.);
#2744=ORIENTED_EDGE('',*,*,#1769,.F.);
#2745=ORIENTED_EDGE('',*,*,#1740,.F.);
#2746=ORIENTED_EDGE('',*,*,#1836,.T.);
#2747=ORIENTED_EDGE('',*,*,#1975,.T.);
#2748=ORIENTED_EDGE('',*,*,#1978,.T.);
#2749=ORIENTED_EDGE('',*,*,#1746,.F.);
#2750=ORIENTED_EDGE('',*,*,#1977,.T.);
#2751=ORIENTED_EDGE('',*,*,#1935,.T.);
#2752=ORIENTED_EDGE('',*,*,#1830,.T.);
#2753=ORIENTED_EDGE('',*,*,#1764,.F.);
#2754=ORIENTED_EDGE('',*,*,#1965,.T.);
#2755=ORIENTED_EDGE('',*,*,#1921,.T.);
#2756=ORIENTED_EDGE('',*,*,#1966,.T.);
#2757=ORIENTED_EDGE('',*,*,#1981,.F.);
#2758=ORIENTED_EDGE('',*,*,#1774,.F.);
#2759=ORIENTED_EDGE('',*,*,#1753,.T.);
#2760=ORIENTED_EDGE('',*,*,#1824,.T.);
#2761=ORIENTED_EDGE('',*,*,#1971,.T.);
#2762=ORIENTED_EDGE('',*,*,#1982,.T.);
#2763=ORIENTED_EDGE('',*,*,#1983,.T.);
#2764=ORIENTED_EDGE('',*,*,#1984,.T.);
#2765=ORIENTED_EDGE('',*,*,#1985,.T.);
#2766=ORIENTED_EDGE('',*,*,#1983,.F.);
#2767=ORIENTED_EDGE('',*,*,#1986,.T.);
#2768=ORIENTED_EDGE('',*,*,#1987,.F.);
#2769=ORIENTED_EDGE('',*,*,#1988,.T.);
#2770=ORIENTED_EDGE('',*,*,#1989,.T.);
#2771=ORIENTED_EDGE('',*,*,#1990,.T.);
#2772=ORIENTED_EDGE('',*,*,#1991,.T.);
#2773=ORIENTED_EDGE('',*,*,#1992,.F.);
#2774=ORIENTED_EDGE('',*,*,#1993,.T.);
#2775=ORIENTED_EDGE('',*,*,#1994,.T.);
#2776=ORIENTED_EDGE('',*,*,#1995,.T.);
#2777=ORIENTED_EDGE('',*,*,#1987,.T.);
#2778=ORIENTED_EDGE('',*,*,#1994,.F.);
#2779=ORIENTED_EDGE('',*,*,#1996,.T.);
#2780=ORIENTED_EDGE('',*,*,#1997,.T.);
#2781=ORIENTED_EDGE('',*,*,#1998,.F.);
#2782=ORIENTED_EDGE('',*,*,#1999,.T.);
#2783=ORIENTED_EDGE('',*,*,#2000,.T.);
#2784=ORIENTED_EDGE('',*,*,#2001,.T.);
#2785=ORIENTED_EDGE('',*,*,#2002,.T.);
#2786=ORIENTED_EDGE('',*,*,#2003,.T.);
#2787=ORIENTED_EDGE('',*,*,#2001,.F.);
#2788=ORIENTED_EDGE('',*,*,#2004,.T.);
#2789=ORIENTED_EDGE('',*,*,#2005,.T.);
#2790=ORIENTED_EDGE('',*,*,#2006,.F.);
#2791=ORIENTED_EDGE('',*,*,#2007,.T.);
#2792=ORIENTED_EDGE('',*,*,#2008,.T.);
#2793=ORIENTED_EDGE('',*,*,#2009,.T.);
#2794=ORIENTED_EDGE('',*,*,#2010,.T.);
#2795=ORIENTED_EDGE('',*,*,#2011,.T.);
#2796=ORIENTED_EDGE('',*,*,#2012,.T.);
#2797=ORIENTED_EDGE('',*,*,#2013,.T.);
#2798=ORIENTED_EDGE('',*,*,#2006,.T.);
#2799=ORIENTED_EDGE('',*,*,#2014,.T.);
#2800=ORIENTED_EDGE('',*,*,#2012,.F.);
#2801=ORIENTED_EDGE('',*,*,#2010,.F.);
#2802=ORIENTED_EDGE('',*,*,#2015,.F.);
#2803=ORIENTED_EDGE('',*,*,#2016,.T.);
#2804=ORIENTED_EDGE('',*,*,#2017,.T.);
#2805=ORIENTED_EDGE('',*,*,#2009,.F.);
#2806=ORIENTED_EDGE('',*,*,#2018,.F.);
#2807=ORIENTED_EDGE('',*,*,#2004,.F.);
#2808=ORIENTED_EDGE('',*,*,#2000,.F.);
#2809=ORIENTED_EDGE('',*,*,#2019,.T.);
#2810=ORIENTED_EDGE('',*,*,#2015,.T.);
#2811=ORIENTED_EDGE('',*,*,#2020,.T.);
#2812=ORIENTED_EDGE('',*,*,#2021,.T.);
#2813=ORIENTED_EDGE('',*,*,#1998,.T.);
#2814=ORIENTED_EDGE('',*,*,#2022,.T.);
#2815=ORIENTED_EDGE('',*,*,#2011,.F.);
#2816=ORIENTED_EDGE('',*,*,#2017,.F.);
#2817=ORIENTED_EDGE('',*,*,#2023,.T.);
#2818=ORIENTED_EDGE('',*,*,#2024,.F.);
#2819=ORIENTED_EDGE('',*,*,#2025,.F.);
#2820=ORIENTED_EDGE('',*,*,#2026,.F.);
#2821=ORIENTED_EDGE('',*,*,#2027,.T.);
#2822=ORIENTED_EDGE('',*,*,#2028,.T.);
#2823=ORIENTED_EDGE('',*,*,#2029,.T.);
#2824=ORIENTED_EDGE('',*,*,#2030,.T.);
#2825=ORIENTED_EDGE('',*,*,#2031,.T.);
#2826=ORIENTED_EDGE('',*,*,#2032,.T.);
#2827=ORIENTED_EDGE('',*,*,#2033,.T.);
#2828=ORIENTED_EDGE('',*,*,#2034,.T.);
#2829=ORIENTED_EDGE('',*,*,#2035,.T.);
#2830=ORIENTED_EDGE('',*,*,#2036,.T.);
#2831=ORIENTED_EDGE('',*,*,#2037,.T.);
#2832=ORIENTED_EDGE('',*,*,#2038,.F.);
#2833=ORIENTED_EDGE('',*,*,#2039,.F.);
#2834=ORIENTED_EDGE('',*,*,#2040,.F.);
#2835=ORIENTED_EDGE('',*,*,#2041,.F.);
#2836=ORIENTED_EDGE('',*,*,#2042,.F.);
#2837=ORIENTED_EDGE('',*,*,#2043,.F.);
#2838=ORIENTED_EDGE('',*,*,#2044,.F.);
#2839=ORIENTED_EDGE('',*,*,#2045,.T.);
#2840=ORIENTED_EDGE('',*,*,#2046,.T.);
#2841=ORIENTED_EDGE('',*,*,#2047,.T.);
#2842=ORIENTED_EDGE('',*,*,#2048,.T.);
#2843=ORIENTED_EDGE('',*,*,#2049,.F.);
#2844=ORIENTED_EDGE('',*,*,#2050,.T.);
#2845=ORIENTED_EDGE('',*,*,#2051,.T.);
#2846=ORIENTED_EDGE('',*,*,#2052,.T.);
#2847=ORIENTED_EDGE('',*,*,#1988,.F.);
#2848=ORIENTED_EDGE('',*,*,#1995,.F.);
#2849=ORIENTED_EDGE('',*,*,#1999,.F.);
#2850=ORIENTED_EDGE('',*,*,#2021,.F.);
#2851=ORIENTED_EDGE('',*,*,#2053,.F.);
#2852=ORIENTED_EDGE('',*,*,#1984,.F.);
#2853=ORIENTED_EDGE('',*,*,#1992,.T.);
#2854=ORIENTED_EDGE('',*,*,#2054,.T.);
#2855=ORIENTED_EDGE('',*,*,#2055,.T.);
#2856=ORIENTED_EDGE('',*,*,#2056,.T.);
#2857=ORIENTED_EDGE('',*,*,#2057,.T.);
#2858=ORIENTED_EDGE('',*,*,#2058,.F.);
#2859=ORIENTED_EDGE('',*,*,#2059,.F.);
#2860=ORIENTED_EDGE('',*,*,#2060,.F.);
#2861=ORIENTED_EDGE('',*,*,#2061,.T.);
#2862=ORIENTED_EDGE('',*,*,#2002,.F.);
#2863=ORIENTED_EDGE('',*,*,#2007,.F.);
#2864=ORIENTED_EDGE('',*,*,#2013,.F.);
#2865=ORIENTED_EDGE('',*,*,#2062,.T.);
#2866=ORIENTED_EDGE('',*,*,#2063,.T.);
#2867=ORIENTED_EDGE('',*,*,#2064,.T.);
#2868=ORIENTED_EDGE('',*,*,#2065,.T.);
#2869=ORIENTED_EDGE('',*,*,#2066,.T.);
#2870=ORIENTED_EDGE('',*,*,#2067,.T.);
#2871=ORIENTED_EDGE('',*,*,#2068,.T.);
#2872=ORIENTED_EDGE('',*,*,#2069,.T.);
#2873=ORIENTED_EDGE('',*,*,#2070,.T.);
#2874=ORIENTED_EDGE('',*,*,#2071,.T.);
#2875=ORIENTED_EDGE('',*,*,#1985,.F.);
#2876=ORIENTED_EDGE('',*,*,#2053,.T.);
#2877=ORIENTED_EDGE('',*,*,#2020,.F.);
#2878=ORIENTED_EDGE('',*,*,#2072,.T.);
#2879=ORIENTED_EDGE('',*,*,#2073,.T.);
#2880=ORIENTED_EDGE('',*,*,#2022,.F.);
#2881=ORIENTED_EDGE('',*,*,#1997,.F.);
#2882=ORIENTED_EDGE('',*,*,#2074,.F.);
#2883=ORIENTED_EDGE('',*,*,#2072,.F.);
#2884=ORIENTED_EDGE('',*,*,#2073,.F.);
#2885=ORIENTED_EDGE('',*,*,#2074,.T.);
#2886=ORIENTED_EDGE('',*,*,#1996,.F.);
#2887=ORIENTED_EDGE('',*,*,#1993,.F.);
#2888=ORIENTED_EDGE('',*,*,#1986,.F.);
#2889=ORIENTED_EDGE('',*,*,#1982,.F.);
#2890=ORIENTED_EDGE('',*,*,#2003,.F.);
#2891=ORIENTED_EDGE('',*,*,#2061,.F.);
#2892=ORIENTED_EDGE('',*,*,#2075,.F.);
#2893=ORIENTED_EDGE('',*,*,#2076,.F.);
#2894=ORIENTED_EDGE('',*,*,#2077,.F.);
#2895=ORIENTED_EDGE('',*,*,#2023,.F.);
#2896=ORIENTED_EDGE('',*,*,#2016,.F.);
#2897=ORIENTED_EDGE('',*,*,#2019,.F.);
#2898=ORIENTED_EDGE('',*,*,#2062,.F.);
#2899=ORIENTED_EDGE('',*,*,#2078,.T.);
#2900=ORIENTED_EDGE('',*,*,#2079,.F.);
#2901=ORIENTED_EDGE('',*,*,#2080,.F.);
#2902=ORIENTED_EDGE('',*,*,#2063,.F.);
#2903=ORIENTED_EDGE('',*,*,#2080,.T.);
#2904=ORIENTED_EDGE('',*,*,#2081,.F.);
#2905=ORIENTED_EDGE('',*,*,#2082,.F.);
#2906=ORIENTED_EDGE('',*,*,#2064,.F.);
#2907=ORIENTED_EDGE('',*,*,#2082,.T.);
#2908=ORIENTED_EDGE('',*,*,#2083,.F.);
#2909=ORIENTED_EDGE('',*,*,#2084,.F.);
#2910=ORIENTED_EDGE('',*,*,#2065,.F.);
#2911=ORIENTED_EDGE('',*,*,#2084,.T.);
#2912=ORIENTED_EDGE('',*,*,#2085,.F.);
#2913=ORIENTED_EDGE('',*,*,#2086,.F.);
#2914=ORIENTED_EDGE('',*,*,#2066,.F.);
#2915=ORIENTED_EDGE('',*,*,#2086,.T.);
#2916=ORIENTED_EDGE('',*,*,#2087,.F.);
#2917=ORIENTED_EDGE('',*,*,#2078,.F.);
#2918=ORIENTED_EDGE('',*,*,#2087,.T.);
#2919=ORIENTED_EDGE('',*,*,#2085,.T.);
#2920=ORIENTED_EDGE('',*,*,#2083,.T.);
#2921=ORIENTED_EDGE('',*,*,#2081,.T.);
#2922=ORIENTED_EDGE('',*,*,#2079,.T.);
#2923=ORIENTED_EDGE('',*,*,#2030,.F.);
#2924=ORIENTED_EDGE('',*,*,#2088,.T.);
#2925=ORIENTED_EDGE('',*,*,#2089,.F.);
#2926=ORIENTED_EDGE('',*,*,#2090,.F.);
#2927=ORIENTED_EDGE('',*,*,#2031,.F.);
#2928=ORIENTED_EDGE('',*,*,#2090,.T.);
#2929=ORIENTED_EDGE('',*,*,#2091,.F.);
#2930=ORIENTED_EDGE('',*,*,#2092,.F.);
#2931=ORIENTED_EDGE('',*,*,#2028,.F.);
#2932=ORIENTED_EDGE('',*,*,#2093,.T.);
#2933=ORIENTED_EDGE('',*,*,#2094,.F.);
#2934=ORIENTED_EDGE('',*,*,#2095,.F.);
#2935=ORIENTED_EDGE('',*,*,#2029,.F.);
#2936=ORIENTED_EDGE('',*,*,#2095,.T.);
#2937=ORIENTED_EDGE('',*,*,#2096,.F.);
#2938=ORIENTED_EDGE('',*,*,#2088,.F.);
#2939=ORIENTED_EDGE('',*,*,#2096,.T.);
#2940=ORIENTED_EDGE('',*,*,#2094,.T.);
#2941=ORIENTED_EDGE('',*,*,#2097,.T.);
#2942=ORIENTED_EDGE('',*,*,#2091,.T.);
#2943=ORIENTED_EDGE('',*,*,#2089,.T.);
#2944=ORIENTED_EDGE('',*,*,#2067,.F.);
#2945=ORIENTED_EDGE('',*,*,#2098,.T.);
#2946=ORIENTED_EDGE('',*,*,#2099,.F.);
#2947=ORIENTED_EDGE('',*,*,#2100,.F.);
#2948=ORIENTED_EDGE('',*,*,#2068,.F.);
#2949=ORIENTED_EDGE('',*,*,#2100,.T.);
#2950=ORIENTED_EDGE('',*,*,#2101,.F.);
#2951=ORIENTED_EDGE('',*,*,#2102,.F.);
#2952=ORIENTED_EDGE('',*,*,#2069,.F.);
#2953=ORIENTED_EDGE('',*,*,#2102,.T.);
#2954=ORIENTED_EDGE('',*,*,#2103,.F.);
#2955=ORIENTED_EDGE('',*,*,#2104,.F.);
#2956=ORIENTED_EDGE('',*,*,#2070,.F.);
#2957=ORIENTED_EDGE('',*,*,#2104,.T.);
#2958=ORIENTED_EDGE('',*,*,#2105,.F.);
#2959=ORIENTED_EDGE('',*,*,#2106,.F.);
#2960=ORIENTED_EDGE('',*,*,#2071,.F.);
#2961=ORIENTED_EDGE('',*,*,#2106,.T.);
#2962=ORIENTED_EDGE('',*,*,#2107,.F.);
#2963=ORIENTED_EDGE('',*,*,#2098,.F.);
#2964=ORIENTED_EDGE('',*,*,#2107,.T.);
#2965=ORIENTED_EDGE('',*,*,#2105,.T.);
#2966=ORIENTED_EDGE('',*,*,#2103,.T.);
#2967=ORIENTED_EDGE('',*,*,#2101,.T.);
#2968=ORIENTED_EDGE('',*,*,#2099,.T.);
#2969=ORIENTED_EDGE('',*,*,#2045,.F.);
#2970=ORIENTED_EDGE('',*,*,#2108,.T.);
#2971=ORIENTED_EDGE('',*,*,#2109,.F.);
#2972=ORIENTED_EDGE('',*,*,#2110,.F.);
#2973=ORIENTED_EDGE('',*,*,#2046,.F.);
#2974=ORIENTED_EDGE('',*,*,#2110,.T.);
#2975=ORIENTED_EDGE('',*,*,#2111,.F.);
#2976=ORIENTED_EDGE('',*,*,#2112,.F.);
#2977=ORIENTED_EDGE('',*,*,#2047,.F.);
#2978=ORIENTED_EDGE('',*,*,#2112,.T.);
#2979=ORIENTED_EDGE('',*,*,#2113,.F.);
#2980=ORIENTED_EDGE('',*,*,#2114,.F.);
#2981=ORIENTED_EDGE('',*,*,#2048,.F.);
#2982=ORIENTED_EDGE('',*,*,#2114,.T.);
#2983=ORIENTED_EDGE('',*,*,#2115,.F.);
#2984=ORIENTED_EDGE('',*,*,#2116,.F.);
#2985=ORIENTED_EDGE('',*,*,#2115,.T.);
#2986=ORIENTED_EDGE('',*,*,#2113,.T.);
#2987=ORIENTED_EDGE('',*,*,#2111,.T.);
#2988=ORIENTED_EDGE('',*,*,#2109,.T.);
#2989=ORIENTED_EDGE('',*,*,#2117,.T.);
#2990=ORIENTED_EDGE('',*,*,#2118,.T.);
#2991=ORIENTED_EDGE('',*,*,#2119,.T.);
#2992=ORIENTED_EDGE('',*,*,#2049,.T.);
#2993=ORIENTED_EDGE('',*,*,#2116,.T.);
#2994=ORIENTED_EDGE('',*,*,#2117,.F.);
#2995=ORIENTED_EDGE('',*,*,#2108,.F.);
#2996=ORIENTED_EDGE('',*,*,#2044,.T.);
#2997=ORIENTED_EDGE('',*,*,#2120,.F.);
#2998=ORIENTED_EDGE('',*,*,#2121,.F.);
#2999=ORIENTED_EDGE('',*,*,#2122,.T.);
#3000=ORIENTED_EDGE('',*,*,#2042,.T.);
#3001=ORIENTED_EDGE('',*,*,#2123,.F.);
#3002=ORIENTED_EDGE('',*,*,#2122,.F.);
#3003=ORIENTED_EDGE('',*,*,#2124,.T.);
#3004=ORIENTED_EDGE('',*,*,#2120,.T.);
#3005=ORIENTED_EDGE('',*,*,#2043,.T.);
#3006=ORIENTED_EDGE('',*,*,#2125,.F.);
#3007=ORIENTED_EDGE('',*,*,#2126,.T.);
#3008=ORIENTED_EDGE('',*,*,#2040,.T.);
#3009=ORIENTED_EDGE('',*,*,#2127,.F.);
#3010=ORIENTED_EDGE('',*,*,#2128,.T.);
#3011=ORIENTED_EDGE('',*,*,#2127,.T.);
#3012=ORIENTED_EDGE('',*,*,#2039,.T.);
#3013=ORIENTED_EDGE('',*,*,#2129,.F.);
#3014=ORIENTED_EDGE('',*,*,#2056,.F.);
#3015=ORIENTED_EDGE('',*,*,#2130,.F.);
#3016=ORIENTED_EDGE('',*,*,#2131,.T.);
#3017=ORIENTED_EDGE('',*,*,#2132,.T.);
#3018=ORIENTED_EDGE('',*,*,#2050,.F.);
#3019=ORIENTED_EDGE('',*,*,#2119,.F.);
#3020=ORIENTED_EDGE('',*,*,#2133,.T.);
#3021=ORIENTED_EDGE('',*,*,#2134,.T.);
#3022=ORIENTED_EDGE('',*,*,#2135,.T.);
#3023=ORIENTED_EDGE('',*,*,#2051,.F.);
#3024=ORIENTED_EDGE('',*,*,#2134,.F.);
#3025=ORIENTED_EDGE('',*,*,#2136,.T.);
#3026=ORIENTED_EDGE('',*,*,#2137,.F.);
#3027=ORIENTED_EDGE('',*,*,#1989,.F.);
#3028=ORIENTED_EDGE('',*,*,#2052,.F.);
#3029=ORIENTED_EDGE('',*,*,#2135,.F.);
#3030=ORIENTED_EDGE('',*,*,#2138,.T.);
#3031=ORIENTED_EDGE('',*,*,#2139,.F.);
#3032=ORIENTED_EDGE('',*,*,#2130,.T.);
#3033=ORIENTED_EDGE('',*,*,#2055,.F.);
#3034=ORIENTED_EDGE('',*,*,#1991,.F.);
#3035=ORIENTED_EDGE('',*,*,#2140,.F.);
#3036=ORIENTED_EDGE('',*,*,#2138,.F.);
#3037=ORIENTED_EDGE('',*,*,#2054,.F.);
#3038=ORIENTED_EDGE('',*,*,#2141,.F.);
#3039=ORIENTED_EDGE('',*,*,#2142,.T.);
#3040=ORIENTED_EDGE('',*,*,#2032,.F.);
#3041=ORIENTED_EDGE('',*,*,#2092,.T.);
#3042=ORIENTED_EDGE('',*,*,#2097,.F.);
#3043=ORIENTED_EDGE('',*,*,#2093,.F.);
#3044=ORIENTED_EDGE('',*,*,#2027,.F.);
#3045=ORIENTED_EDGE('',*,*,#2143,.F.);
#3046=ORIENTED_EDGE('',*,*,#2144,.T.);
#3047=ORIENTED_EDGE('',*,*,#2145,.T.);
#3048=ORIENTED_EDGE('',*,*,#2034,.F.);
#3049=ORIENTED_EDGE('',*,*,#2146,.F.);
#3050=ORIENTED_EDGE('',*,*,#2146,.T.);
#3051=ORIENTED_EDGE('',*,*,#2033,.F.);
#3052=ORIENTED_EDGE('',*,*,#2142,.F.);
#3053=ORIENTED_EDGE('',*,*,#2147,.F.);
#3054=ORIENTED_EDGE('',*,*,#2148,.T.);
#3055=ORIENTED_EDGE('',*,*,#2149,.T.);
#3056=ORIENTED_EDGE('',*,*,#2036,.F.);
#3057=ORIENTED_EDGE('',*,*,#2150,.F.);
#3058=ORIENTED_EDGE('',*,*,#2151,.F.);
#3059=ORIENTED_EDGE('',*,*,#2152,.T.);
#3060=ORIENTED_EDGE('',*,*,#2037,.F.);
#3061=ORIENTED_EDGE('',*,*,#2149,.F.);
#3062=ORIENTED_EDGE('',*,*,#2038,.T.);
#3063=ORIENTED_EDGE('',*,*,#2152,.F.);
#3064=ORIENTED_EDGE('',*,*,#2153,.F.);
#3065=ORIENTED_EDGE('',*,*,#2129,.T.);
#3066=ORIENTED_EDGE('',*,*,#2014,.F.);
#3067=ORIENTED_EDGE('',*,*,#2005,.F.);
#3068=ORIENTED_EDGE('',*,*,#2018,.T.);
#3069=ORIENTED_EDGE('',*,*,#2008,.F.);
#3070=ORIENTED_EDGE('',*,*,#2154,.F.);
#3071=ORIENTED_EDGE('',*,*,#2155,.T.);
#3072=ORIENTED_EDGE('',*,*,#2057,.F.);
#3073=ORIENTED_EDGE('',*,*,#2132,.F.);
#3074=ORIENTED_EDGE('',*,*,#2058,.T.);
#3075=ORIENTED_EDGE('',*,*,#2155,.F.);
#3076=ORIENTED_EDGE('',*,*,#2156,.F.);
#3077=ORIENTED_EDGE('',*,*,#2157,.T.);
#3078=ORIENTED_EDGE('',*,*,#2026,.T.);
#3079=ORIENTED_EDGE('',*,*,#2158,.F.);
#3080=ORIENTED_EDGE('',*,*,#2159,.F.);
#3081=ORIENTED_EDGE('',*,*,#2143,.T.);
#3082=ORIENTED_EDGE('',*,*,#2160,.F.);
#3083=ORIENTED_EDGE('',*,*,#2161,.F.);
#3084=ORIENTED_EDGE('',*,*,#2158,.T.);
#3085=ORIENTED_EDGE('',*,*,#2025,.T.);
#3086=ORIENTED_EDGE('',*,*,#2162,.T.);
#3087=ORIENTED_EDGE('',*,*,#2160,.T.);
#3088=ORIENTED_EDGE('',*,*,#2024,.T.);
#3089=ORIENTED_EDGE('',*,*,#2077,.T.);
#3090=ORIENTED_EDGE('',*,*,#2163,.F.);
#3091=ORIENTED_EDGE('',*,*,#2059,.T.);
#3092=ORIENTED_EDGE('',*,*,#2157,.F.);
#3093=ORIENTED_EDGE('',*,*,#2164,.T.);
#3094=ORIENTED_EDGE('',*,*,#2060,.T.);
#3095=ORIENTED_EDGE('',*,*,#2163,.T.);
#3096=ORIENTED_EDGE('',*,*,#2165,.T.);
#3097=ORIENTED_EDGE('',*,*,#2075,.T.);
#3098=ORIENTED_EDGE('',*,*,#2153,.T.);
#3099=ORIENTED_EDGE('',*,*,#2151,.T.);
#3100=ORIENTED_EDGE('',*,*,#2148,.F.);
#3101=ORIENTED_EDGE('',*,*,#2166,.T.);
#3102=ORIENTED_EDGE('',*,*,#2125,.T.);
#3103=ORIENTED_EDGE('',*,*,#2128,.F.);
#3104=ORIENTED_EDGE('',*,*,#2166,.F.);
#3105=ORIENTED_EDGE('',*,*,#2150,.T.);
#3106=ORIENTED_EDGE('',*,*,#2035,.F.);
#3107=ORIENTED_EDGE('',*,*,#2145,.F.);
#3108=ORIENTED_EDGE('',*,*,#2167,.T.);
#3109=ORIENTED_EDGE('',*,*,#2123,.T.);
#3110=ORIENTED_EDGE('',*,*,#2041,.T.);
#3111=ORIENTED_EDGE('',*,*,#2126,.F.);
#3112=ORIENTED_EDGE('',*,*,#2167,.F.);
#3113=ORIENTED_EDGE('',*,*,#2144,.F.);
#3114=ORIENTED_EDGE('',*,*,#2147,.T.);
#3115=ORIENTED_EDGE('',*,*,#2141,.T.);
#3116=ORIENTED_EDGE('',*,*,#2159,.T.);
#3117=ORIENTED_EDGE('',*,*,#2161,.T.);
#3118=ORIENTED_EDGE('',*,*,#2162,.F.);
#3119=ORIENTED_EDGE('',*,*,#2076,.T.);
#3120=ORIENTED_EDGE('',*,*,#2165,.F.);
#3121=ORIENTED_EDGE('',*,*,#2164,.F.);
#3122=ORIENTED_EDGE('',*,*,#2156,.T.);
#3123=ORIENTED_EDGE('',*,*,#2154,.T.);
#3124=ORIENTED_EDGE('',*,*,#2131,.F.);
#3125=ORIENTED_EDGE('',*,*,#2139,.T.);
#3126=ORIENTED_EDGE('',*,*,#2140,.T.);
#3127=ORIENTED_EDGE('',*,*,#1990,.F.);
#3128=ORIENTED_EDGE('',*,*,#2137,.T.);
#3129=ORIENTED_EDGE('',*,*,#2136,.F.);
#3130=ORIENTED_EDGE('',*,*,#2133,.F.);
#3131=ORIENTED_EDGE('',*,*,#2118,.F.);
#3132=ORIENTED_EDGE('',*,*,#2124,.F.);
#3133=ORIENTED_EDGE('',*,*,#2121,.T.);
#3134=B_SPLINE_SURFACE_WITH_KNOTS('',3,3,((#4626,#4627,#4628,#4629,#4630,
#4631),(#4632,#4633,#4634,#4635,#4636,#4637),(#4638,#4639,#4640,#4641,#4642,
#4643),(#4644,#4645,#4646,#4647,#4648,#4649),(#4650,#4651,#4652,#4653,#4654,
#4655)),.UNSPECIFIED.,.F.,.F.,.F.,(4,1,4),(4,1,1,4),(0.,0.5,1.),(-1.5707963267949,
-0.897597901025655,-0.448798950512828,-2.95272081017329E-16),
 .UNSPECIFIED.);
#3135=ADVANCED_FACE('',(#873),#3134,.T.);
#3136=ADVANCED_FACE('',(#874),#810,.F.);
#3137=ADVANCED_FACE('',(#875),#811,.F.);
#3138=ADVANCED_FACE('',(#876),#142,.T.);
#3139=ADVANCED_FACE('',(#877),#812,.F.);
#3140=ADVANCED_FACE('',(#878),#813,.F.);
#3141=ADVANCED_FACE('',(#879),#138,.F.);
#3142=ADVANCED_FACE('',(#880),#814,.F.);
#3143=ADVANCED_FACE('',(#881),#143,.T.);
#3144=ADVANCED_FACE('',(#882),#815,.F.);
#3145=ADVANCED_FACE('',(#883),#816,.F.);
#3146=ADVANCED_FACE('',(#884),#144,.T.);
#3147=ADVANCED_FACE('',(#885),#817,.F.);
#3148=ADVANCED_FACE('',(#886),#818,.F.);
#3149=ADVANCED_FACE('',(#887),#819,.F.);
#3150=ADVANCED_FACE('',(#888),#139,.F.);
#3151=ADVANCED_FACE('',(#889),#820,.F.);
#3152=ADVANCED_FACE('',(#890),#145,.T.);
#3153=ADVANCED_FACE('',(#891),#821,.F.);
#3154=ADVANCED_FACE('',(#892),#146,.T.);
#3155=ADVANCED_FACE('',(#893),#822,.F.);
#3156=ADVANCED_FACE('',(#894),#140,.F.);
#3157=ADVANCED_FACE('',(#895),#823,.F.);
#3158=ADVANCED_FACE('',(#896),#824,.F.);
#3159=ADVANCED_FACE('',(#897),#147,.T.);
#3160=ADVANCED_FACE('',(#898),#825,.F.);
#3161=ADVANCED_FACE('',(#899),#141,.F.);
#3162=ADVANCED_FACE('',(#900),#29,.T.);
#3163=ADVANCED_FACE('',(#901),#30,.T.);
#3164=ADVANCED_FACE('',(#902),#31,.T.);
#3165=ADVANCED_FACE('',(#903),#826,.F.);
#3166=ADVANCED_FACE('',(#904),#32,.T.);
#3167=ADVANCED_FACE('',(#905),#33,.T.);
#3168=ADVANCED_FACE('',(#906),#34,.T.);
#3169=ADVANCED_FACE('',(#907),#827,.T.);
#3170=ADVANCED_FACE('',(#908),#35,.T.);
#3171=ADVANCED_FACE('',(#909),#828,.F.);
#3172=ADVANCED_FACE('',(#910),#36,.T.);
#3173=ADVANCED_FACE('',(#911),#829,.F.);
#3174=ADVANCED_FACE('',(#912),#37,.F.);
#3175=ADVANCED_FACE('',(#913),#830,.F.);
#3176=ADVANCED_FACE('',(#914),#38,.T.);
#3177=ADVANCED_FACE('',(#915),#831,.T.);
#3178=ADVANCED_FACE('',(#916),#39,.T.);
#3179=ADVANCED_FACE('',(#917),#832,.F.);
#3180=ADVANCED_FACE('',(#918),#833,.F.);
#3181=ADVANCED_FACE('',(#919),#40,.F.);
#3182=ADVANCED_FACE('',(#920),#41,.T.);
#3183=ADVANCED_FACE('',(#921),#834,.T.);
#3184=ADVANCED_FACE('',(#922),#42,.F.);
#3185=ADVANCED_FACE('',(#923),#43,.T.);
#3186=ADVANCED_FACE('',(#924),#44,.T.);
#3187=ADVANCED_FACE('',(#925),#45,.T.);
#3188=ADVANCED_FACE('',(#926),#835,.T.);
#3189=ADVANCED_FACE('',(#927),#46,.F.);
#3190=ADVANCED_FACE('',(#928),#836,.T.);
#3191=ADVANCED_FACE('',(#929),#47,.T.);
#3192=ADVANCED_FACE('',(#930),#48,.T.);
#3193=ADVANCED_FACE('',(#931),#49,.F.);
#3194=ADVANCED_FACE('',(#932),#50,.F.);
#3195=ADVANCED_FACE('',(#933),#837,.T.);
#3196=ADVANCED_FACE('',(#934),#51,.T.);
#3197=ADVANCED_FACE('',(#935),#52,.T.);
#3198=ADVANCED_FACE('',(#936),#53,.T.);
#3199=ADVANCED_FACE('',(#937),#54,.F.);
#3200=ADVANCED_FACE('',(#938),#55,.F.);
#3201=ADVANCED_FACE('',(#939),#56,.F.);
#3202=ADVANCED_FACE('',(#940),#57,.F.);
#3203=ADVANCED_FACE('',(#941),#58,.F.);
#3204=ADVANCED_FACE('',(#942),#59,.T.);
#3205=ADVANCED_FACE('',(#943),#60,.T.);
#3206=ADVANCED_FACE('',(#944),#61,.T.);
#3207=ADVANCED_FACE('',(#945),#62,.T.);
#3208=ADVANCED_FACE('',(#946),#63,.F.);
#3209=ADVANCED_FACE('',(#947),#64,.T.);
#3210=ADVANCED_FACE('',(#948),#838,.F.);
#3211=ADVANCED_FACE('',(#949),#839,.F.);
#3212=ADVANCED_FACE('',(#950),#65,.F.);
#3213=ADVANCED_FACE('',(#951),#66,.T.);
#3214=ADVANCED_FACE('',(#952),#67,.F.);
#3215=ADVANCED_FACE('',(#953),#68,.T.);
#3216=ADVANCED_FACE('',(#954),#840,.T.);
#3217=ADVANCED_FACE('',(#955),#841,.F.);
#3218=ADVANCED_FACE('',(#956),#842,.T.);
#3219=ADVANCED_FACE('',(#957),#843,.F.);
#3220=ADVANCED_FACE('',(#958),#69,.T.);
#3221=ADVANCED_FACE('',(#959),#70,.T.);
#3222=ADVANCED_FACE('',(#960),#71,.T.);
#3223=ADVANCED_FACE('',(#961),#72,.T.);
#3224=ADVANCED_FACE('',(#962),#844,.T.);
#3225=ADVANCED_FACE('',(#963),#845,.T.);
#3226=ADVANCED_FACE('',(#964),#73,.T.);
#3227=ADVANCED_FACE('',(#965),#74,.T.);
#3228=ADVANCED_FACE('',(#966),#75,.T.);
#3229=ADVANCED_FACE('',(#967),#76,.T.);
#3230=ADVANCED_FACE('',(#968),#77,.T.);
#3231=ADVANCED_FACE('',(#969),#78,.F.);
#3232=ADVANCED_FACE('',(#970),#846,.F.);
#3233=ADVANCED_FACE('',(#971),#79,.F.);
#3234=ADVANCED_FACE('',(#972),#847,.T.);
#3235=ADVANCED_FACE('',(#973),#80,.T.);
#3236=ADVANCED_FACE('',(#974),#81,.T.);
#3237=ADVANCED_FACE('',(#975),#848,.F.);
#3238=ADVANCED_FACE('',(#976),#82,.F.);
#3239=ADVANCED_FACE('',(#977),#849,.F.);
#3240=ADVANCED_FACE('',(#978),#83,.F.);
#3241=ADVANCED_FACE('',(#979),#850,.F.);
#3242=ADVANCED_FACE('',(#980),#851,.F.);
#3243=ADVANCED_FACE('',(#981),#852,.F.);
#3244=ADVANCED_FACE('',(#982),#84,.F.);
#3245=ADVANCED_FACE('',(#983),#853,.F.);
#3246=ADVANCED_FACE('',(#984),#85,.T.);
#3247=ADVANCED_FACE('',(#985),#854,.F.);
#3248=ADVANCED_FACE('',(#986),#855,.T.);
#3249=ADVANCED_FACE('',(#987),#856,.F.);
#3250=ADVANCED_FACE('',(#988),#857,.T.);
#3251=ADVANCED_FACE('',(#989),#858,.T.);
#3252=ADVANCED_FACE('',(#990),#86,.T.);
#3253=ADVANCED_FACE('',(#991),#859,.F.);
#3254=ADVANCED_FACE('',(#992),#87,.T.);
#3255=ADVANCED_FACE('',(#993),#88,.T.);
#3256=ADVANCED_FACE('',(#994,#19,#20),#89,.F.);
#3257=ADVANCED_FACE('',(#995),#860,.T.);
#3258=ADVANCED_FACE('',(#996),#90,.F.);
#3259=ADVANCED_FACE('',(#997),#91,.T.);
#3260=ADVANCED_FACE('',(#998),#92,.F.);
#3261=ADVANCED_FACE('',(#999),#93,.T.);
#3262=ADVANCED_FACE('',(#1000),#94,.T.);
#3263=ADVANCED_FACE('',(#1001),#95,.T.);
#3264=ADVANCED_FACE('',(#1002),#96,.T.);
#3265=ADVANCED_FACE('',(#1003),#861,.T.);
#3266=ADVANCED_FACE('',(#1004),#97,.T.);
#3267=ADVANCED_FACE('',(#1005),#98,.T.);
#3268=ADVANCED_FACE('',(#1006),#99,.T.);
#3269=ADVANCED_FACE('',(#1007),#862,.T.);
#3270=ADVANCED_FACE('',(#1008),#100,.T.);
#3271=ADVANCED_FACE('',(#1009),#101,.T.);
#3272=ADVANCED_FACE('',(#1010),#102,.T.);
#3273=ADVANCED_FACE('',(#1011),#103,.T.);
#3274=ADVANCED_FACE('',(#1012),#104,.T.);
#3275=ADVANCED_FACE('',(#1013),#863,.T.);
#3276=ADVANCED_FACE('',(#1014),#105,.T.);
#3277=ADVANCED_FACE('',(#1015),#106,.T.);
#3278=ADVANCED_FACE('',(#1016),#107,.T.);
#3279=ADVANCED_FACE('',(#1017),#108,.T.);
#3280=ADVANCED_FACE('',(#1018),#109,.T.);
#3281=ADVANCED_FACE('',(#1019),#864,.T.);
#3282=ADVANCED_FACE('',(#1020),#110,.T.);
#3283=ADVANCED_FACE('',(#1021),#111,.F.);
#3284=ADVANCED_FACE('',(#1022),#865,.F.);
#3285=ADVANCED_FACE('',(#1023),#112,.T.);
#3286=ADVANCED_FACE('',(#1024),#113,.T.);
#3287=ADVANCED_FACE('',(#1025),#866,.F.);
#3288=ADVANCED_FACE('',(#1026),#114,.F.);
#3289=ADVANCED_FACE('',(#1027),#115,.F.);
#3290=ADVANCED_FACE('',(#1028),#116,.F.);
#3291=ADVANCED_FACE('',(#1029),#867,.F.);
#3292=ADVANCED_FACE('',(#1030),#117,.F.);
#3293=ADVANCED_FACE('',(#1031),#868,.F.);
#3294=ADVANCED_FACE('',(#1032),#118,.T.);
#3295=ADVANCED_FACE('',(#1033),#869,.F.);
#3296=ADVANCED_FACE('',(#1034),#119,.F.);
#3297=ADVANCED_FACE('',(#1035),#120,.F.);
#3298=ADVANCED_FACE('',(#1036),#870,.F.);
#3299=ADVANCED_FACE('',(#1037),#121,.F.);
#3300=ADVANCED_FACE('',(#1038),#122,.T.);
#3301=ADVANCED_FACE('',(#1039),#123,.F.);
#3302=ADVANCED_FACE('',(#1040),#124,.T.);
#3303=ADVANCED_FACE('',(#1041),#125,.T.);
#3304=ADVANCED_FACE('',(#1042),#126,.T.);
#3305=ADVANCED_FACE('',(#1043),#871,.F.);
#3306=ADVANCED_FACE('',(#1044),#127,.T.);
#3307=ADVANCED_FACE('',(#1045),#872,.F.);
#3308=ADVANCED_FACE('',(#1046),#128,.F.);
#3309=ADVANCED_FACE('',(#1047),#129,.F.);
#3310=ADVANCED_FACE('',(#1048),#130,.T.);
#3311=CLOSED_SHELL('',(#3135,#3136,#3137,#3138,#3139,#3140,#3141,#3142,
#3143,#3144,#3145,#3146,#3147,#3148,#3149,#3150,#3151,#3152,#3153,#3154,
#3155,#3156,#3157,#3158,#3159,#3160,#3161,#3162,#3163,#3164,#3165,#3166,
#3167,#3168,#3169,#3170,#3171,#3172,#3173,#3174,#3175,#3176,#3177,#3178,
#3179,#3180,#3181,#3182,#3183,#3184,#3185,#3186,#3187,#3188,#3189,#3190,
#3191,#3192,#3193,#3194,#3195,#3196,#3197,#3198,#3199,#3200,#3201,#3202,
#3203,#3204,#3205,#3206,#3207,#3208,#3209,#3210,#3211,#3212,#3213,#3214,
#3215,#3216,#3217,#3218,#3219,#3220,#3221,#3222,#3223,#3224,#3225,#3226,
#3227,#3228,#3229,#3230,#3231,#3232,#3233,#3234,#3235,#3236,#3237,#3238,
#3239,#3240,#3241,#3242,#3243,#3244));
#3312=CLOSED_SHELL('',(#3245,#3246,#3247,#3248,#3249,#3250,#3251,#3252,
#3253,#3254,#3255,#3256,#3257,#3258,#3259,#3260,#3261,#3262,#3263,#3264,
#3265,#3266,#3267,#3268,#3269,#3270,#3271,#3272,#3273,#3274,#3275,#3276,
#3277,#3278,#3279,#3280,#3281,#3282,#3283,#3284,#3285,#3286,#3287,#3288,
#3289,#3290,#3291,#3292,#3293,#3294,#3295,#3296,#3297,#3298,#3299,#3300,
#3301,#3302,#3303,#3304,#3305,#3306,#3307,#3308,#3309,#3310));
#3313=DERIVED_UNIT_ELEMENT(#3317,1.);
#3314=DERIVED_UNIT_ELEMENT(#5744,-3.);
#3315=DERIVED_UNIT_ELEMENT(#3317,1.);
#3316=DERIVED_UNIT_ELEMENT(#5744,-3.);
#3317=(
MASS_UNIT()
NAMED_UNIT(*)
SI_UNIT(.KILO.,.GRAM.)
);
#3318=DERIVED_UNIT((#3313,#3314));
#3319=DERIVED_UNIT((#3315,#3316));
#3320=MEASURE_REPRESENTATION_ITEM('density measure',
POSITIVE_RATIO_MEASURE(7850.),#3318);
#3321=MEASURE_REPRESENTATION_ITEM('density measure',
POSITIVE_RATIO_MEASURE(7850.),#3319);
#3322=PROPERTY_DEFINITION_REPRESENTATION(#3332,#3326);
#3323=PROPERTY_DEFINITION_REPRESENTATION(#3333,#3327);
#3324=PROPERTY_DEFINITION_REPRESENTATION(#3334,#3328);
#3325=PROPERTY_DEFINITION_REPRESENTATION(#3335,#3329);
#3326=REPRESENTATION('material name',(#3330),#5740);
#3327=REPRESENTATION('density',(#3320),#5740);
#3328=REPRESENTATION('material name',(#3331),#5741);
#3329=REPRESENTATION('density',(#3321),#5741);
#3330=DESCRIPTIVE_REPRESENTATION_ITEM('Steel','Steel');
#3331=DESCRIPTIVE_REPRESENTATION_ITEM('Steel','Steel');
#3332=PROPERTY_DEFINITION('material property','material name',#5760);
#3333=PROPERTY_DEFINITION('material property','density of part',#5760);
#3334=PROPERTY_DEFINITION('material property','material name',#5761);
#3335=PROPERTY_DEFINITION('material property','density of part',#5761);
#3336=AXIS2_PLACEMENT_3D('',#4624,#3655,#3656);
#3337=AXIS2_PLACEMENT_3D('',#4625,#3657,#3658);
#3338=AXIS2_PLACEMENT_3D('',#4658,#3659,#3660);
#3339=AXIS2_PLACEMENT_3D('',#4660,#3661,#3662);
#3340=AXIS2_PLACEMENT_3D('',#4661,#3663,#3664);
#3341=AXIS2_PLACEMENT_3D('',#4662,#3665,#3666);
#3342=AXIS2_PLACEMENT_3D('',#4667,#3668,#3669);
#3343=AXIS2_PLACEMENT_3D('',#4670,#3671,#3672);
#3344=AXIS2_PLACEMENT_3D('',#4671,#3673,#3674);
#3345=AXIS2_PLACEMENT_3D('',#4674,#3675,#3676);
#3346=AXIS2_PLACEMENT_3D('',#4678,#3678,#3679);
#3347=AXIS2_PLACEMENT_3D('',#4691,#3681,#3682);
#3348=AXIS2_PLACEMENT_3D('',#4692,#3683,#3684);
#3349=AXIS2_PLACEMENT_3D('',#4693,#3685,#3686);
#3350=AXIS2_PLACEMENT_3D('',#4694,#3687,#3688);
#3351=AXIS2_PLACEMENT_3D('',#4699,#3691,#3692);
#3352=AXIS2_PLACEMENT_3D('',#4700,#3693,#3694);
#3353=AXIS2_PLACEMENT_3D('',#4703,#3697,#3698);
#3354=AXIS2_PLACEMENT_3D('',#4706,#3699,#3700);
#3355=AXIS2_PLACEMENT_3D('',#4707,#3701,#3702);
#3356=AXIS2_PLACEMENT_3D('',#4708,#3703,#3704);
#3357=AXIS2_PLACEMENT_3D('',#4709,#3705,#3706);
#3358=AXIS2_PLACEMENT_3D('',#4712,#3707,#3708);
#3359=AXIS2_PLACEMENT_3D('',#4726,#3711,#3712);
#3360=AXIS2_PLACEMENT_3D('',#4727,#3713,#3714);
#3361=AXIS2_PLACEMENT_3D('',#4728,#3715,#3716);
#3362=AXIS2_PLACEMENT_3D('',#4729,#3717,#3718);
#3363=AXIS2_PLACEMENT_3D('',#4732,#3721,#3722);
#3364=AXIS2_PLACEMENT_3D('',#4736,#3724,#3725);
#3365=AXIS2_PLACEMENT_3D('',#4749,#3727,#3728);
#3366=AXIS2_PLACEMENT_3D('',#4750,#3729,#3730);
#3367=AXIS2_PLACEMENT_3D('',#4751,#3731,#3732);
#3368=AXIS2_PLACEMENT_3D('',#4752,#3733,#3734);
#3369=AXIS2_PLACEMENT_3D('',#4755,#3735,#3736);
#3370=AXIS2_PLACEMENT_3D('',#4759,#3739,#3740);
#3371=AXIS2_PLACEMENT_3D('',#4760,#3741,#3742);
#3372=AXIS2_PLACEMENT_3D('',#4775,#3743,#3744);
#3373=AXIS2_PLACEMENT_3D('',#4777,#3746,#3747);
#3374=AXIS2_PLACEMENT_3D('',#4782,#3749,#3750);
#3375=AXIS2_PLACEMENT_3D('',#4785,#3752,#3753);
#3376=AXIS2_PLACEMENT_3D('',#4786,#3754,#3755);
#3377=AXIS2_PLACEMENT_3D('',#4789,#3756,#3757);
#3378=AXIS2_PLACEMENT_3D('',#4791,#3758,#3759);
#3379=AXIS2_PLACEMENT_3D('',#4793,#3760,#3761);
#3380=AXIS2_PLACEMENT_3D('',#4794,#3762,#3763);
#3381=AXIS2_PLACEMENT_3D('',#4795,#3764,#3765);
#3382=AXIS2_PLACEMENT_3D('',#4798,#3766,#3767);
#3383=AXIS2_PLACEMENT_3D('',#4812,#3770,#3771);
#3384=AXIS2_PLACEMENT_3D('',#4813,#3772,#3773);
#3385=AXIS2_PLACEMENT_3D('',#4814,#3774,#3775);
#3386=AXIS2_PLACEMENT_3D('',#4815,#3776,#3777);
#3387=AXIS2_PLACEMENT_3D('',#4818,#3778,#3779);
#3388=AXIS2_PLACEMENT_3D('',#4832,#3782,#3783);
#3389=AXIS2_PLACEMENT_3D('',#4833,#3784,#3785);
#3390=AXIS2_PLACEMENT_3D('',#4834,#3786,#3787);
#3391=AXIS2_PLACEMENT_3D('',#4835,#3788,#3789);
#3392=AXIS2_PLACEMENT_3D('',#4838,#3790,#3791);
#3393=AXIS2_PLACEMENT_3D('',#4841,#3794,#3795);
#3394=AXIS2_PLACEMENT_3D('',#4874,#3796,#3797);
#3395=AXIS2_PLACEMENT_3D('',#4876,#3798,#3799);
#3396=AXIS2_PLACEMENT_3D('',#4877,#3800,#3801);
#3397=AXIS2_PLACEMENT_3D('',#4878,#3802,#3803);
#3398=AXIS2_PLACEMENT_3D('',#4879,#3804,#3805);
#3399=AXIS2_PLACEMENT_3D('',#4882,#3808,#3809);
#3400=AXIS2_PLACEMENT_3D('',#4886,#3811,#3812);
#3401=AXIS2_PLACEMENT_3D('',#4899,#3814,#3815);
#3402=AXIS2_PLACEMENT_3D('',#4900,#3816,#3817);
#3403=AXIS2_PLACEMENT_3D('',#4901,#3818,#3819);
#3404=AXIS2_PLACEMENT_3D('',#4902,#3820,#3821);
#3405=AXIS2_PLACEMENT_3D('',#4905,#3822,#3823);
#3406=AXIS2_PLACEMENT_3D('',#4908,#3826,#3827);
#3407=AXIS2_PLACEMENT_3D('',#4918,#3828,#3829);
#3408=AXIS2_PLACEMENT_3D('',#4928,#3830,#3831);
#3409=AXIS2_PLACEMENT_3D('',#4930,#3833,#3834);
#3410=AXIS2_PLACEMENT_3D('',#4935,#3837,#3838);
#3411=AXIS2_PLACEMENT_3D('',#4939,#3840,#3841);
#3412=AXIS2_PLACEMENT_3D('',#4941,#3843,#3844);
#3413=AXIS2_PLACEMENT_3D('',#4949,#3849,#3850);
#3414=AXIS2_PLACEMENT_3D('',#4952,#3852,#3853);
#3415=AXIS2_PLACEMENT_3D('',#4953,#3854,#3855);
#3416=AXIS2_PLACEMENT_3D('',#4957,#3858,#3859);
#3417=AXIS2_PLACEMENT_3D('',#4961,#3862,#3863);
#3418=AXIS2_PLACEMENT_3D('',#4969,#3868,#3869);
#3419=AXIS2_PLACEMENT_3D('',#4972,#3871,#3872);
#3420=AXIS2_PLACEMENT_3D('',#4973,#3873,#3874);
#3421=AXIS2_PLACEMENT_3D('',#4977,#3877,#3878);
#3422=AXIS2_PLACEMENT_3D('',#4980,#3880,#3881);
#3423=AXIS2_PLACEMENT_3D('',#4981,#3882,#3883);
#3424=AXIS2_PLACEMENT_3D('',#4989,#3888,#3889);
#3425=AXIS2_PLACEMENT_3D('',#4992,#3891,#3892);
#3426=AXIS2_PLACEMENT_3D('',#4993,#3893,#3894);
#3427=AXIS2_PLACEMENT_3D('',#5009,#3903,#3904);
#3428=AXIS2_PLACEMENT_3D('',#5012,#3906,#3907);
#3429=AXIS2_PLACEMENT_3D('',#5013,#3908,#3909);
#3430=AXIS2_PLACEMENT_3D('',#5017,#3912,#3913);
#3431=AXIS2_PLACEMENT_3D('',#5020,#3915,#3916);
#3432=AXIS2_PLACEMENT_3D('',#5021,#3917,#3918);
#3433=AXIS2_PLACEMENT_3D('',#5027,#3922,#3923);
#3434=AXIS2_PLACEMENT_3D('',#5031,#3925,#3926);
#3435=AXIS2_PLACEMENT_3D('',#5033,#3928,#3929);
#3436=AXIS2_PLACEMENT_3D('',#5037,#3931,#3932);
#3437=AXIS2_PLACEMENT_3D('',#5039,#3934,#3935);
#3438=AXIS2_PLACEMENT_3D('',#5043,#3938,#3939);
#3439=AXIS2_PLACEMENT_3D('',#5057,#3947,#3948);
#3440=AXIS2_PLACEMENT_3D('',#5060,#3949,#3950);
#3441=AXIS2_PLACEMENT_3D('',#5064,#3952,#3953);
#3442=AXIS2_PLACEMENT_3D('',#5068,#3955,#3956);
#3443=AXIS2_PLACEMENT_3D('',#5071,#3958,#3959);
#3444=AXIS2_PLACEMENT_3D('',#5072,#3960,#3961);
#3445=AXIS2_PLACEMENT_3D('',#5076,#3963,#3964);
#3446=AXIS2_PLACEMENT_3D('',#5078,#3966,#3967);
#3447=AXIS2_PLACEMENT_3D('',#5082,#3970,#3971);
#3448=AXIS2_PLACEMENT_3D('',#5085,#3973,#3974);
#3449=AXIS2_PLACEMENT_3D('',#5086,#3975,#3976);
#3450=AXIS2_PLACEMENT_3D('',#5093,#3980,#3981);
#3451=AXIS2_PLACEMENT_3D('',#5094,#3982,#3983);
#3452=AXIS2_PLACEMENT_3D('',#5098,#3985,#3986);
#3453=AXIS2_PLACEMENT_3D('',#5100,#3988,#3989);
#3454=AXIS2_PLACEMENT_3D('',#5104,#3992,#3993);
#3455=AXIS2_PLACEMENT_3D('',#5107,#3994,#3995);
#3456=AXIS2_PLACEMENT_3D('',#5111,#3997,#3998);
#3457=AXIS2_PLACEMENT_3D('',#5113,#3999,#4000);
#3458=AXIS2_PLACEMENT_3D('',#5117,#4002,#4003);
#3459=AXIS2_PLACEMENT_3D('',#5119,#4005,#4006);
#3460=AXIS2_PLACEMENT_3D('',#5123,#4008,#4009);
#3461=AXIS2_PLACEMENT_3D('',#5125,#4011,#4012);
#3462=AXIS2_PLACEMENT_3D('',#5129,#4015,#4016);
#3463=AXIS2_PLACEMENT_3D('',#5132,#4018,#4019);
#3464=AXIS2_PLACEMENT_3D('',#5133,#4020,#4021);
#3465=AXIS2_PLACEMENT_3D('',#5137,#4024,#4025);
#3466=AXIS2_PLACEMENT_3D('',#5139,#4026,#4027);
#3467=AXIS2_PLACEMENT_3D('',#5142,#4029,#4030);
#3468=AXIS2_PLACEMENT_3D('',#5143,#4031,#4032);
#3469=AXIS2_PLACEMENT_3D('',#5152,#4037,#4038);
#3470=AXIS2_PLACEMENT_3D('',#5170,#4049,#4050);
#3471=AXIS2_PLACEMENT_3D('',#5174,#4052,#4053);
#3472=AXIS2_PLACEMENT_3D('',#5176,#4054,#4055);
#3473=AXIS2_PLACEMENT_3D('',#5178,#4056,#4057);
#3474=AXIS2_PLACEMENT_3D('',#5182,#4059,#4060);
#3475=AXIS2_PLACEMENT_3D('',#5184,#4061,#4062);
#3476=AXIS2_PLACEMENT_3D('',#5185,#4063,#4064);
#3477=AXIS2_PLACEMENT_3D('',#5186,#4065,#4066);
#3478=AXIS2_PLACEMENT_3D('',#5192,#4070,#4071);
#3479=AXIS2_PLACEMENT_3D('',#5194,#4073,#4074);
#3480=AXIS2_PLACEMENT_3D('',#5198,#4077,#4078);
#3481=AXIS2_PLACEMENT_3D('',#5199,#4079,#4080);
#3482=AXIS2_PLACEMENT_3D('',#5200,#4081,#4082);
#3483=AXIS2_PLACEMENT_3D('',#5202,#4083,#4084);
#3484=AXIS2_PLACEMENT_3D('',#5209,#4089,#4090);
#3485=AXIS2_PLACEMENT_3D('',#5213,#4093,#4094);
#3486=AXIS2_PLACEMENT_3D('',#5215,#4096,#4097);
#3487=AXIS2_PLACEMENT_3D('',#5217,#4099,#4100);
#3488=AXIS2_PLACEMENT_3D('',#5225,#4104,#4105);
#3489=AXIS2_PLACEMENT_3D('',#5231,#4109,#4110);
#3490=AXIS2_PLACEMENT_3D('',#5234,#4113,#4114);
#3491=AXIS2_PLACEMENT_3D('',#5235,#4115,#4116);
#3492=AXIS2_PLACEMENT_3D('',#5242,#4121,#4122);
#3493=AXIS2_PLACEMENT_3D('',#5243,#4123,#4124);
#3494=AXIS2_PLACEMENT_3D('',#5244,#4125,#4126);
#3495=AXIS2_PLACEMENT_3D('',#5246,#4127,#4128);
#3496=AXIS2_PLACEMENT_3D('',#5248,#4130,#4131);
#3497=AXIS2_PLACEMENT_3D('',#5250,#4133,#4134);
#3498=AXIS2_PLACEMENT_3D('',#5251,#4135,#4136);
#3499=AXIS2_PLACEMENT_3D('',#5253,#4137,#4138);
#3500=AXIS2_PLACEMENT_3D('',#5257,#4140,#4141);
#3501=AXIS2_PLACEMENT_3D('',#5259,#4143,#4144);
#3502=AXIS2_PLACEMENT_3D('',#5265,#4148,#4149);
#3503=AXIS2_PLACEMENT_3D('',#5268,#4150,#4151);
#3504=AXIS2_PLACEMENT_3D('',#5271,#4154,#4155);
#3505=AXIS2_PLACEMENT_3D('',#5274,#4157,#4158);
#3506=AXIS2_PLACEMENT_3D('',#5275,#4159,#4160);
#3507=AXIS2_PLACEMENT_3D('',#5278,#4161,#4162);
#3508=AXIS2_PLACEMENT_3D('',#5281,#4165,#4166);
#3509=AXIS2_PLACEMENT_3D('',#5283,#4167,#4168);
#3510=AXIS2_PLACEMENT_3D('',#5285,#4170,#4171);
#3511=AXIS2_PLACEMENT_3D('',#5287,#4173,#4174);
#3512=AXIS2_PLACEMENT_3D('',#5289,#4176,#4177);
#3513=AXIS2_PLACEMENT_3D('',#5291,#4178,#4179);
#3514=AXIS2_PLACEMENT_3D('',#5294,#4181,#4182);
#3515=AXIS2_PLACEMENT_3D('',#5295,#4183,#4184);
#3516=AXIS2_PLACEMENT_3D('',#5301,#4188,#4189);
#3517=AXIS2_PLACEMENT_3D('',#5302,#4190,#4191);
#3518=AXIS2_PLACEMENT_3D('',#5303,#4192,#4193);
#3519=AXIS2_PLACEMENT_3D('',#5304,#4194,#4195);
#3520=AXIS2_PLACEMENT_3D('',#5305,#4196,#4197);
#3521=AXIS2_PLACEMENT_3D('',#5309,#4200,#4201);
#3522=AXIS2_PLACEMENT_3D('',#5311,#4203,#4204);
#3523=AXIS2_PLACEMENT_3D('',#5313,#4206,#4207);
#3524=AXIS2_PLACEMENT_3D('',#5315,#4209,#4210);
#3525=AXIS2_PLACEMENT_3D('',#5317,#4212,#4213);
#3526=AXIS2_PLACEMENT_3D('',#5319,#4214,#4215);
#3527=AXIS2_PLACEMENT_3D('',#5323,#4217,#4218);
#3528=AXIS2_PLACEMENT_3D('',#5326,#4221,#4222);
#3529=AXIS2_PLACEMENT_3D('',#5327,#4223,#4224);
#3530=AXIS2_PLACEMENT_3D('',#5328,#4225,#4226);
#3531=AXIS2_PLACEMENT_3D('',#5331,#4228,#4229);
#3532=AXIS2_PLACEMENT_3D('',#5332,#4230,#4231);
#3533=AXIS2_PLACEMENT_3D('',#5334,#4233,#4234);
#3534=AXIS2_PLACEMENT_3D('',#5336,#4236,#4237);
#3535=AXIS2_PLACEMENT_3D('',#5338,#4239,#4240);
#3536=AXIS2_PLACEMENT_3D('',#5340,#4242,#4243);
#3537=AXIS2_PLACEMENT_3D('',#5342,#4245,#4246);
#3538=AXIS2_PLACEMENT_3D('',#5344,#4248,#4249);
#3539=AXIS2_PLACEMENT_3D('',#5345,#4250,#4251);
#3540=AXIS2_PLACEMENT_3D('',#5346,#4252,#4253);
#3541=AXIS2_PLACEMENT_3D('',#5347,#4254,#4255);
#3542=AXIS2_PLACEMENT_3D('',#5348,#4256,#4257);
#3543=AXIS2_PLACEMENT_3D('',#5349,#4258,#4259);
#3544=AXIS2_PLACEMENT_3D('',#5350,#4260,#4261);
#3545=AXIS2_PLACEMENT_3D('',#5353,#4262,#4263);
#3546=AXIS2_PLACEMENT_3D('',#5357,#4265,#4266);
#3547=AXIS2_PLACEMENT_3D('',#5359,#4268,#4269);
#3548=AXIS2_PLACEMENT_3D('',#5373,#4277,#4278);
#3549=AXIS2_PLACEMENT_3D('',#5375,#4279,#4280);
#3550=AXIS2_PLACEMENT_3D('',#5378,#4282,#4283);
#3551=AXIS2_PLACEMENT_3D('',#5379,#4284,#4285);
#3552=AXIS2_PLACEMENT_3D('',#5381,#4286,#4287);
#3553=AXIS2_PLACEMENT_3D('',#5385,#4289,#4290);
#3554=AXIS2_PLACEMENT_3D('',#5386,#4291,#4292);
#3555=AXIS2_PLACEMENT_3D('',#5387,#4293,#4294);
#3556=AXIS2_PLACEMENT_3D('',#5390,#4295,#4296);
#3557=AXIS2_PLACEMENT_3D('',#5394,#4298,#4299);
#3558=AXIS2_PLACEMENT_3D('',#5396,#4301,#4302);
#3559=AXIS2_PLACEMENT_3D('',#5398,#4303,#4304);
#3560=AXIS2_PLACEMENT_3D('',#5402,#4306,#4307);
#3561=AXIS2_PLACEMENT_3D('',#5403,#4308,#4309);
#3562=AXIS2_PLACEMENT_3D('',#5404,#4310,#4311);
#3563=AXIS2_PLACEMENT_3D('',#5409,#4313,#4314);
#3564=AXIS2_PLACEMENT_3D('',#5413,#4316,#4317);
#3565=AXIS2_PLACEMENT_3D('',#5422,#4318,#4319);
#3566=AXIS2_PLACEMENT_3D('',#5425,#4322,#4323);
#3567=AXIS2_PLACEMENT_3D('',#5427,#4324,#4325);
#3568=AXIS2_PLACEMENT_3D('',#5430,#4327,#4328);
#3569=AXIS2_PLACEMENT_3D('',#5431,#4329,#4330);
#3570=AXIS2_PLACEMENT_3D('',#5434,#4333,#4334);
#3571=AXIS2_PLACEMENT_3D('',#5437,#4335,#4336);
#3572=AXIS2_PLACEMENT_3D('',#5440,#4339,#4340);
#3573=AXIS2_PLACEMENT_3D('',#5444,#4342,#4343);
#3574=AXIS2_PLACEMENT_3D('',#5452,#4347,#4348);
#3575=AXIS2_PLACEMENT_3D('',#5464,#4354,#4355);
#3576=AXIS2_PLACEMENT_3D('',#5470,#4358,#4359);
#3577=AXIS2_PLACEMENT_3D('',#5474,#4361,#4362);
#3578=AXIS2_PLACEMENT_3D('',#5480,#4365,#4366);
#3579=AXIS2_PLACEMENT_3D('',#5492,#4372,#4373);
#3580=AXIS2_PLACEMENT_3D('',#5499,#4377,#4378);
#3581=AXIS2_PLACEMENT_3D('',#5500,#4379,#4380);
#3582=AXIS2_PLACEMENT_3D('',#5502,#4381,#4382);
#3583=AXIS2_PLACEMENT_3D('',#5514,#4388,#4389);
#3584=AXIS2_PLACEMENT_3D('',#5525,#4395,#4396);
#3585=AXIS2_PLACEMENT_3D('',#5534,#4400,#4401);
#3586=AXIS2_PLACEMENT_3D('',#5536,#4403,#4404);
#3587=AXIS2_PLACEMENT_3D('',#5539,#4406,#4407);
#3588=AXIS2_PLACEMENT_3D('',#5540,#4408,#4409);
#3589=AXIS2_PLACEMENT_3D('',#5542,#4411,#4412);
#3590=AXIS2_PLACEMENT_3D('',#5543,#4413,#4414);
#3591=AXIS2_PLACEMENT_3D('',#5549,#4418,#4419);
#3592=AXIS2_PLACEMENT_3D('',#5555,#4423,#4424);
#3593=AXIS2_PLACEMENT_3D('',#5559,#4427,#4428);
#3594=AXIS2_PLACEMENT_3D('',#5563,#4431,#4432);
#3595=AXIS2_PLACEMENT_3D('',#5567,#4435,#4436);
#3596=AXIS2_PLACEMENT_3D('',#5568,#4437,#4438);
#3597=AXIS2_PLACEMENT_3D('',#5569,#4439,#4440);
#3598=AXIS2_PLACEMENT_3D('',#5570,#4441,#4442);
#3599=AXIS2_PLACEMENT_3D('',#5576,#4446,#4447);
#3600=AXIS2_PLACEMENT_3D('',#5580,#4450,#4451);
#3601=AXIS2_PLACEMENT_3D('',#5584,#4453,#4454);
#3602=AXIS2_PLACEMENT_3D('',#5586,#4456,#4457);
#3603=AXIS2_PLACEMENT_3D('',#5588,#4459,#4460);
#3604=AXIS2_PLACEMENT_3D('',#5590,#4462,#4463);
#3605=AXIS2_PLACEMENT_3D('',#5596,#4467,#4468);
#3606=AXIS2_PLACEMENT_3D('',#5600,#4471,#4472);
#3607=AXIS2_PLACEMENT_3D('',#5604,#4475,#4476);
#3608=AXIS2_PLACEMENT_3D('',#5606,#4477,#4478);
#3609=AXIS2_PLACEMENT_3D('',#5608,#4480,#4481);
#3610=AXIS2_PLACEMENT_3D('',#5610,#4483,#4484);
#3611=AXIS2_PLACEMENT_3D('',#5611,#4485,#4486);
#3612=AXIS2_PLACEMENT_3D('',#5617,#4490,#4491);
#3613=AXIS2_PLACEMENT_3D('',#5621,#4494,#4495);
#3614=AXIS2_PLACEMENT_3D('',#5625,#4498,#4499);
#3615=AXIS2_PLACEMENT_3D('',#5627,#4500,#4501);
#3616=AXIS2_PLACEMENT_3D('',#5629,#4503,#4504);
#3617=AXIS2_PLACEMENT_3D('',#5631,#4506,#4507);
#3618=AXIS2_PLACEMENT_3D('',#5637,#4511,#4512);
#3619=AXIS2_PLACEMENT_3D('',#5640,#4513,#4514);
#3620=AXIS2_PLACEMENT_3D('',#5643,#4517,#4518);
#3621=AXIS2_PLACEMENT_3D('',#5645,#4520,#4521);
#3622=AXIS2_PLACEMENT_3D('',#5651,#4525,#4526);
#3623=AXIS2_PLACEMENT_3D('',#5653,#4527,#4528);
#3624=AXIS2_PLACEMENT_3D('',#5655,#4530,#4531);
#3625=AXIS2_PLACEMENT_3D('',#5661,#4535,#4536);
#3626=AXIS2_PLACEMENT_3D('',#5665,#4539,#4540);
#3627=AXIS2_PLACEMENT_3D('',#5669,#4543,#4544);
#3628=AXIS2_PLACEMENT_3D('',#5670,#4545,#4546);
#3629=AXIS2_PLACEMENT_3D('',#5671,#4547,#4548);
#3630=AXIS2_PLACEMENT_3D('',#5675,#4551,#4552);
#3631=AXIS2_PLACEMENT_3D('',#5676,#4553,#4554);
#3632=AXIS2_PLACEMENT_3D('',#5677,#4555,#4556);
#3633=AXIS2_PLACEMENT_3D('',#5683,#4560,#4561);
#3634=AXIS2_PLACEMENT_3D('',#5686,#4562,#4563);
#3635=AXIS2_PLACEMENT_3D('',#5689,#4566,#4567);
#3636=AXIS2_PLACEMENT_3D('',#5691,#4569,#4570);
#3637=AXIS2_PLACEMENT_3D('',#5697,#4574,#4575);
#3638=AXIS2_PLACEMENT_3D('',#5699,#4576,#4577);
#3639=AXIS2_PLACEMENT_3D('',#5701,#4579,#4580);
#3640=AXIS2_PLACEMENT_3D('',#5703,#4582,#4583);
#3641=AXIS2_PLACEMENT_3D('',#5704,#4584,#4585);
#3642=AXIS2_PLACEMENT_3D('',#5708,#4588,#4589);
#3643=AXIS2_PLACEMENT_3D('',#5712,#4592,#4593);
#3644=AXIS2_PLACEMENT_3D('',#5716,#4596,#4597);
#3645=AXIS2_PLACEMENT_3D('',#5720,#4600,#4601);
#3646=AXIS2_PLACEMENT_3D('',#5721,#4602,#4603);
#3647=AXIS2_PLACEMENT_3D('',#5722,#4604,#4605);
#3648=AXIS2_PLACEMENT_3D('',#5726,#4608,#4609);
#3649=AXIS2_PLACEMENT_3D('',#5727,#4610,#4611);
#3650=AXIS2_PLACEMENT_3D('',#5728,#4612,#4613);
#3651=AXIS2_PLACEMENT_3D('',#5730,#4615,#4616);
#3652=AXIS2_PLACEMENT_3D('',#5732,#4618,#4619);
#3653=AXIS2_PLACEMENT_3D('',#5733,#4620,#4621);
#3654=AXIS2_PLACEMENT_3D('',#5734,#4622,#4623);
#3655=DIRECTION('axis',(0.,0.,1.));
#3656=DIRECTION('refdir',(1.,0.,0.));
#3657=DIRECTION('axis',(0.,0.,1.));
#3658=DIRECTION('refdir',(1.,0.,0.));
#3659=DIRECTION('center_axis',(-2.77555756156289E-16,2.7755575615629E-16,
1.));
#3660=DIRECTION('ref_axis',(0.,-1.,2.7755575615629E-16));
#3661=DIRECTION('center_axis',(0.34707383433891,0.937837807681737,0.));
#3662=DIRECTION('ref_axis',(0.937837807681737,-0.34707383433891,3.27939882662124E-16));
#3663=DIRECTION('center_axis',(-0.937837807681737,-0.347073834338911,0.));
#3664=DIRECTION('ref_axis',(0.347073834338911,-0.937837807681737,4.91909823993188E-16));
#3665=DIRECTION('center_axis',(-8.88178419700125E-16,-1.,1.22464679914735E-16));
#3666=DIRECTION('ref_axis',(0.707106781186546,0.,-0.707106781186548));
#3667=DIRECTION('',(-8.88178419700125E-16,-1.,1.22464679914735E-16));
#3668=DIRECTION('center_axis',(0.,-1.,0.));
#3669=DIRECTION('ref_axis',(0.,0.,-1.));
#3670=DIRECTION('',(8.88178419700125E-16,1.,-1.22464679914735E-16));
#3671=DIRECTION('center_axis',(0.38268343236509,0.923879532511287,0.));
#3672=DIRECTION('ref_axis',(-0.923879532511287,0.38268343236509,-3.20015630564066E-16));
#3673=DIRECTION('center_axis',(4.9448231167702E-16,1.,-1.22464679914735E-16));
#3674=DIRECTION('ref_axis',(0.707106781186546,0.,-0.707106781186549));
#3675=DIRECTION('center_axis',(0.,-1.,0.));
#3676=DIRECTION('ref_axis',(0.,0.,-1.));
#3677=DIRECTION('',(4.9448231167702E-16,1.,-1.22464679914735E-16));
#3678=DIRECTION('center_axis',(7.31808979612075E-16,1.,-1.22464679914735E-16));
#3679=DIRECTION('ref_axis',(0.707106781186546,0.,-0.707106781186549));
#3680=DIRECTION('',(-4.9448231167702E-16,-1.,1.22464679914735E-16));
#3681=DIRECTION('center_axis',(-1.,0.,0.));
#3682=DIRECTION('ref_axis',(0.,0.,-1.));
#3683=DIRECTION('center_axis',(0.,1.22464679914735E-16,1.));
#3684=DIRECTION('ref_axis',(0.707106781186548,-0.707106781186547,1.38777878078145E-16));
#3685=DIRECTION('center_axis',(0.,-1.22464679914735E-16,-1.));
#3686=DIRECTION('ref_axis',(0.707106781186548,-0.707106781186547,8.65956056235491E-17));
#3687=DIRECTION('center_axis',(-1.,8.88178419700125E-16,-1.08770485875751E-31));
#3688=DIRECTION('ref_axis',(0.,-0.707106781186551,-0.707106781186545));
#3689=DIRECTION('',(1.,-8.88178419700125E-16,1.08770485875751E-31));
#3690=DIRECTION('',(-1.,8.88178419700125E-16,-1.08770485875751E-31));
#3691=DIRECTION('center_axis',(-0.923879532511288,-0.382683432365087,0.));
#3692=DIRECTION('ref_axis',(0.382683432365087,-0.923879532511288,2.84230977033732E-31));
#3693=DIRECTION('center_axis',(-0.707106781186548,-0.707106781186548,8.65956056235491E-17));
#3694=DIRECTION('ref_axis',(0.499999999999998,-0.500000000000002,-0.707106781186547));
#3695=DIRECTION('',(0.707106781186548,0.707106781186548,-8.65956056235491E-17));
#3696=DIRECTION('',(-0.707106781186548,-0.707106781186548,8.65956056235491E-17));
#3697=DIRECTION('center_axis',(0.,1.22464679914735E-16,1.));
#3698=DIRECTION('ref_axis',(1.,0.,0.));
#3699=DIRECTION('center_axis',(1.,0.,0.));
#3700=DIRECTION('ref_axis',(0.,0.,-1.));
#3701=DIRECTION('center_axis',(0.,-1.22464679914735E-16,-1.));
#3702=DIRECTION('ref_axis',(-0.707106781186548,-0.707106781186547,0.));
#3703=DIRECTION('center_axis',(0.,1.22464679914735E-16,1.));
#3704=DIRECTION('ref_axis',(-0.707106781186548,-0.707106781186547,8.65956056235491E-17));
#3705=DIRECTION('center_axis',(1.,-8.88178419700125E-16,1.08770485875751E-31));
#3706=DIRECTION('ref_axis',(0.,0.70710678118655,-0.707106781186545));
#3707=DIRECTION('center_axis',(1.,-2.7974123455121E-15,0.));
#3708=DIRECTION('ref_axis',(0.,0.,-1.));
#3709=DIRECTION('',(-1.,8.88178419700125E-16,-1.08770485875751E-31));
#3710=DIRECTION('',(1.,-8.88178419700125E-16,1.08770485875751E-31));
#3711=DIRECTION('center_axis',(0.,-1.,0.));
#3712=DIRECTION('ref_axis',(0.,0.,-1.));
#3713=DIRECTION('center_axis',(0.,1.22464679914735E-16,1.));
#3714=DIRECTION('ref_axis',(0.707106781186547,0.707106781186548,-1.38777878078145E-16));
#3715=DIRECTION('center_axis',(0.,-1.22464679914735E-16,-1.));
#3716=DIRECTION('ref_axis',(0.707106781186548,0.707106781186548,-8.65956056235491E-17));
#3717=DIRECTION('center_axis',(4.9448231167702E-16,1.,-1.22464679914735E-16));
#3718=DIRECTION('ref_axis',(0.707106781186546,0.,-0.707106781186549));
#3719=DIRECTION('',(4.9448231167702E-16,1.,-1.22464679914735E-16));
#3720=DIRECTION('',(-4.9448231167702E-16,-1.,1.22464679914735E-16));
#3721=DIRECTION('center_axis',(-1.,0.,0.));
#3722=DIRECTION('ref_axis',(0.,-0.707106781186543,-0.707106781186552));
#3723=DIRECTION('',(-1.,0.,0.));
#3724=DIRECTION('center_axis',(-1.,0.,0.));
#3725=DIRECTION('ref_axis',(0.,0.,-1.));
#3726=DIRECTION('',(1.,0.,0.));
#3727=DIRECTION('center_axis',(0.,1.,0.));
#3728=DIRECTION('ref_axis',(0.,0.,-1.));
#3729=DIRECTION('center_axis',(0.,1.22464679914735E-16,1.));
#3730=DIRECTION('ref_axis',(-0.707106781186549,-0.707106781186546,1.38777878078145E-16));
#3731=DIRECTION('center_axis',(0.,-1.22464679914735E-16,-1.));
#3732=DIRECTION('ref_axis',(-0.707106781186549,-0.707106781186546,8.6595605623549E-17));
#3733=DIRECTION('center_axis',(8.88178419700125E-16,1.,-1.22464679914735E-16));
#3734=DIRECTION('ref_axis',(-0.707106781186548,0.,-0.707106781186547));
#3735=DIRECTION('center_axis',(0.,1.,0.));
#3736=DIRECTION('ref_axis',(-2.79741234551221E-15,0.,-1.));
#3737=DIRECTION('',(-8.88178419700125E-16,-1.,1.22464679914735E-16));
#3738=DIRECTION('',(8.88178419700125E-16,1.,-1.22464679914735E-16));
#3739=DIRECTION('center_axis',(0.,1.,0.));
#3740=DIRECTION('ref_axis',(-2.79741234551221E-15,0.,-1.));
#3741=DIRECTION('center_axis',(8.88178419700125E-16,1.,-1.22464679914735E-16));
#3742=DIRECTION('ref_axis',(-0.707106781186548,0.,-0.707106781186547));
#3743=DIRECTION('center_axis',(0.,1.,0.));
#3744=DIRECTION('ref_axis',(0.,0.,-1.));
#3745=DIRECTION('',(-8.88178419700125E-16,-1.,1.22464679914735E-16));
#3746=DIRECTION('center_axis',(-0.707106781186548,0.707106781186548,-8.65956056235491E-17));
#3747=DIRECTION('ref_axis',(-0.499999999999998,-0.500000000000002,-0.707106781186547));
#3748=DIRECTION('',(0.707106781186548,-0.707106781186548,8.65956056235491E-17));
#3749=DIRECTION('center_axis',(0.382683843760973,-0.923879362105425,0.));
#3750=DIRECTION('ref_axis',(0.923879362105425,0.382683843760973,2.26285465721079E-16));
#3751=DIRECTION('',(-0.707106781186548,0.707106781186548,-8.65956056235491E-17));
#3752=DIRECTION('center_axis',(-0.923879532511303,0.382683432365051,0.));
#3753=DIRECTION('ref_axis',(-0.382683432365051,-0.923879532511303,2.26285222457517E-16));
#3754=DIRECTION('center_axis',(0.,1.22464679914735E-16,1.));
#3755=DIRECTION('ref_axis',(1.,0.,0.));
#3756=DIRECTION('center_axis',(0.885956687513895,-0.463767989246139,2.47838617524047E-15));
#3757=DIRECTION('ref_axis',(-0.463767989246139,-0.885956687513895,0.));
#3758=DIRECTION('center_axis',(0.,1.22464679914735E-16,1.));
#3759=DIRECTION('ref_axis',(0.70710678118655,0.707106781186545,-8.65956056235489E-17));
#3760=DIRECTION('center_axis',(-1.,0.,0.));
#3761=DIRECTION('ref_axis',(0.,0.,-1.));
#3762=DIRECTION('center_axis',(0.,-1.22464679914735E-16,-1.));
#3763=DIRECTION('ref_axis',(0.70710678118655,0.707106781186545,0.));
#3764=DIRECTION('center_axis',(-1.,8.88178419700125E-16,-1.08770485875751E-31));
#3765=DIRECTION('ref_axis',(0.,-0.707106781186551,-0.707106781186545));
#3766=DIRECTION('center_axis',(-1.,2.79741234551218E-15,0.));
#3767=DIRECTION('ref_axis',(0.,0.,-1.));
#3768=DIRECTION('',(1.,-8.88178419700125E-16,1.08770485875751E-31));
#3769=DIRECTION('',(-1.,8.88178419700125E-16,-1.08770485875751E-31));
#3770=DIRECTION('center_axis',(0.,1.,0.));
#3771=DIRECTION('ref_axis',(0.,0.,-1.));
#3772=DIRECTION('center_axis',(0.,1.22464679914735E-16,1.));
#3773=DIRECTION('ref_axis',(-0.707106781186549,-0.707106781186546,1.38777878078145E-16));
#3774=DIRECTION('center_axis',(0.,-1.22464679914735E-16,-1.));
#3775=DIRECTION('ref_axis',(-0.707106781186549,-0.707106781186546,8.6595605623549E-17));
#3776=DIRECTION('center_axis',(8.88178419700125E-16,1.,-1.22464679914735E-16));
#3777=DIRECTION('ref_axis',(-0.707106781186548,0.,-0.707106781186547));
#3778=DIRECTION('center_axis',(0.,1.,0.));
#3779=DIRECTION('ref_axis',(0.,0.,-1.));
#3780=DIRECTION('',(-8.88178419700125E-16,-1.,1.22464679914735E-16));
#3781=DIRECTION('',(8.88178419700125E-16,1.,-1.22464679914735E-16));
#3782=DIRECTION('center_axis',(1.,0.,0.));
#3783=DIRECTION('ref_axis',(0.,0.,-1.));
#3784=DIRECTION('center_axis',(0.,1.22464679914735E-16,1.));
#3785=DIRECTION('ref_axis',(-0.707106781186547,0.707106781186548,-1.38777878078145E-16));
#3786=DIRECTION('center_axis',(0.,-1.22464679914735E-16,-1.));
#3787=DIRECTION('ref_axis',(-0.707106781186548,0.707106781186548,-8.65956056235491E-17));
#3788=DIRECTION('center_axis',(1.,-8.88178419700125E-16,1.08770485875751E-31));
#3789=DIRECTION('ref_axis',(0.,0.70710678118655,-0.707106781186545));
#3790=DIRECTION('center_axis',(1.,0.,0.));
#3791=DIRECTION('ref_axis',(0.,0.,-1.));
#3792=DIRECTION('',(-1.,8.88178419700125E-16,-1.08770485875751E-31));
#3793=DIRECTION('',(1.,-8.88178419700125E-16,1.08770485875751E-31));
#3794=DIRECTION('center_axis',(0.,1.22464679914735E-16,1.));
#3795=DIRECTION('ref_axis',(1.,0.,0.));
#3796=DIRECTION('center_axis',(0.,1.22464679914735E-16,1.));
#3797=DIRECTION('ref_axis',(0.707106781186548,-0.707106781186547,8.65956056235491E-17));
#3798=DIRECTION('center_axis',(5.59482469102441E-15,1.,0.));
#3799=DIRECTION('ref_axis',(0.,0.,-1.));
#3800=DIRECTION('center_axis',(0.,-1.22464679914735E-16,-1.));
#3801=DIRECTION('ref_axis',(0.707106781186548,-0.707106781186547,0.));
#3802=DIRECTION('center_axis',(0.,1.22464679914735E-16,1.));
#3803=DIRECTION('ref_axis',(0.707106781186548,-0.707106781186547,8.65956056235491E-17));
#3804=DIRECTION('center_axis',(8.88178419700125E-16,1.,-1.22464679914735E-16));
#3805=DIRECTION('ref_axis',(-0.707106781186548,0.,-0.707106781186547));
#3806=DIRECTION('',(-8.88178419700125E-16,-1.,1.22464679914735E-16));
#3807=DIRECTION('',(8.88178419700125E-16,1.,-1.22464679914735E-16));
#3808=DIRECTION('center_axis',(-1.,8.88178419700125E-16,-1.08770485875751E-31));
#3809=DIRECTION('ref_axis',(0.,-0.707106781186551,-0.707106781186545));
#3810=DIRECTION('',(-1.,8.88178419700125E-16,-1.08770485875751E-31));
#3811=DIRECTION('center_axis',(-1.,2.79741234551212E-15,0.));
#3812=DIRECTION('ref_axis',(0.,0.,-1.));
#3813=DIRECTION('',(1.,-8.88178419700125E-16,1.08770485875751E-31));
#3814=DIRECTION('center_axis',(0.,1.,0.));
#3815=DIRECTION('ref_axis',(0.,0.,-1.));
#3816=DIRECTION('center_axis',(0.,1.22464679914735E-16,1.));
#3817=DIRECTION('ref_axis',(-0.707106781186548,-0.707106781186547,1.38777878078145E-16));
#3818=DIRECTION('center_axis',(0.,-1.22464679914735E-16,-1.));
#3819=DIRECTION('ref_axis',(-0.707106781186548,-0.707106781186547,8.65956056235491E-17));
#3820=DIRECTION('center_axis',(8.88178419700125E-16,1.,-1.22464679914735E-16));
#3821=DIRECTION('ref_axis',(-0.707106781186548,0.,-0.707106781186547));
#3822=DIRECTION('center_axis',(7.31808979612075E-16,1.,-1.22464679914735E-16));
#3823=DIRECTION('ref_axis',(-0.707106781186548,0.,-0.707106781186547));
#3824=DIRECTION('',(-8.88178419700125E-16,-1.,1.22464679914735E-16));
#3825=DIRECTION('',(8.88178419700125E-16,1.,-1.22464679914735E-16));
#3826=DIRECTION('center_axis',(0.,1.22464679914735E-16,1.));
#3827=DIRECTION('ref_axis',(1.,0.,0.));
#3828=DIRECTION('center_axis',(0.,-1.22464679914735E-16,-1.));
#3829=DIRECTION('ref_axis',(1.,0.,0.));
#3830=DIRECTION('center_axis',(0.,1.22464679914735E-16,1.));
#3831=DIRECTION('ref_axis',(-1.,8.88178419700125E-16,-1.08770485875751E-31));
#3832=DIRECTION('',(8.88178419700125E-16,1.,-1.22464679914735E-16));
#3833=DIRECTION('center_axis',(0.,1.22464679914735E-16,1.));
#3834=DIRECTION('ref_axis',(-1.,8.88178419700125E-16,-1.08770485875751E-31));
#3835=DIRECTION('',(1.,-7.31808979612075E-16,8.96207524469218E-32));
#3836=DIRECTION('',(1.,-8.88178419700125E-16,1.08770485875751E-31));
#3837=DIRECTION('center_axis',(0.,1.22464679914735E-16,1.));
#3838=DIRECTION('ref_axis',(0.707106781186549,0.707106781186546,-8.65956056235489E-17));
#3839=DIRECTION('',(-8.88178419700125E-16,-1.,1.22464679914735E-16));
#3840=DIRECTION('center_axis',(0.,1.22464679914735E-16,1.));
#3841=DIRECTION('ref_axis',(0.707106781186542,-0.707106781186553,8.65956056235498E-17));
#3842=DIRECTION('',(-1.,8.88178419700125E-16,-1.08770485875751E-31));
#3843=DIRECTION('center_axis',(-1.,4.9448231167702E-16,-6.05566180230247E-32));
#3844=DIRECTION('ref_axis',(-4.9448231167702E-16,-1.,1.22464679914735E-16));
#3845=DIRECTION('',(0.,-1.22464679914735E-16,-1.));
#3846=DIRECTION('',(-4.9448231167702E-16,-1.,1.22464679914735E-16));
#3847=DIRECTION('',(-3.49651795763621E-16,-0.707106781186547,0.707106781186548));
#3848=DIRECTION('',(2.2990052930329E-46,-1.22464679914735E-16,-1.));
#3849=DIRECTION('center_axis',(0.,1.22464679914735E-16,1.));
#3850=DIRECTION('ref_axis',(0.707106781186547,-0.707106781186548,8.65956056235491E-17));
#3851=DIRECTION('',(0.,1.22464679914735E-16,1.));
#3852=DIRECTION('center_axis',(0.,-1.22464679914735E-16,-1.));
#3853=DIRECTION('ref_axis',(0.707106781186547,-0.707106781186548,8.65956056235491E-17));
#3854=DIRECTION('center_axis',(8.88178419700125E-16,1.,-1.22464679914735E-16));
#3855=DIRECTION('ref_axis',(-1.,8.88178419700125E-16,-1.08770485875751E-31));
#3856=DIRECTION('',(4.37905770101505E-47,-1.22464679914735E-16,-1.));
#3857=DIRECTION('',(-1.,8.88178419700125E-16,-1.08770485875751E-31));
#3858=DIRECTION('center_axis',(-0.707106781186548,0.707106781186548,-8.65956056235492E-17));
#3859=DIRECTION('ref_axis',(-1.22464679914735E-16,8.62816615085481E-32,
1.));
#3860=DIRECTION('',(-4.37905770101505E-47,1.22464679914735E-16,1.));
#3861=DIRECTION('',(0.707106781186547,0.707106781186547,-8.65956056235492E-17));
#3862=DIRECTION('center_axis',(-1.,8.88178419700125E-16,-1.08770485875751E-31));
#3863=DIRECTION('ref_axis',(-8.88178419700125E-16,-1.,1.22464679914735E-16));
#3864=DIRECTION('',(0.,-1.22464679914735E-16,-1.));
#3865=DIRECTION('',(8.88178419700125E-16,1.,-1.22464679914735E-16));
#3866=DIRECTION('',(-4.37905770101505E-47,1.22464679914735E-16,1.));
#3867=DIRECTION('',(8.88178419700125E-16,1.,-1.22464679914735E-16));
#3868=DIRECTION('center_axis',(0.,-1.22464679914735E-16,-1.));
#3869=DIRECTION('ref_axis',(-0.707106781186551,-0.707106781186544,8.65956056235487E-17));
#3870=DIRECTION('',(0.,1.22464679914735E-16,1.));
#3871=DIRECTION('center_axis',(0.,-1.22464679914735E-16,-1.));
#3872=DIRECTION('ref_axis',(-0.707106781186551,-0.707106781186544,8.65956056235487E-17));
#3873=DIRECTION('center_axis',(-8.88178419700125E-16,-1.,1.22464679914735E-16));
#3874=DIRECTION('ref_axis',(1.,-8.88178419700125E-16,1.08770485875751E-31));
#3875=DIRECTION('',(0.,-1.22464679914735E-16,-1.));
#3876=DIRECTION('',(-1.,8.88178419700125E-16,-1.08770485875751E-31));
#3877=DIRECTION('center_axis',(0.,-1.22464679914735E-16,-1.));
#3878=DIRECTION('ref_axis',(0.707106781186545,0.70710678118655,-8.65956056235494E-17));
#3879=DIRECTION('',(0.,-1.22464679914735E-16,-1.));
#3880=DIRECTION('center_axis',(0.,1.22464679914735E-16,1.));
#3881=DIRECTION('ref_axis',(0.707106781186545,0.70710678118655,-8.65956056235494E-17));
#3882=DIRECTION('center_axis',(-1.,4.9448231167702E-16,-6.05566180230247E-32));
#3883=DIRECTION('ref_axis',(-4.9448231167702E-16,-1.,1.22464679914735E-16));
#3884=DIRECTION('',(0.,0.,1.));
#3885=DIRECTION('',(0.,1.,0.));
#3886=DIRECTION('',(-2.2990052930329E-46,1.22464679914735E-16,1.));
#3887=DIRECTION('',(2.47205649717616E-31,1.,-1.22464679914735E-16));
#3888=DIRECTION('center_axis',(0.,1.22464679914735E-16,1.));
#3889=DIRECTION('ref_axis',(0.707106781186541,-0.707106781186554,8.65956056235499E-17));
#3890=DIRECTION('',(0.,0.,1.));
#3891=DIRECTION('center_axis',(-1.23259516440763E-32,-1.13369728973371E-16,
-1.));
#3892=DIRECTION('ref_axis',(0.707106781186541,-0.707106781186554,8.65956056235499E-17));
#3893=DIRECTION('center_axis',(0.,-1.,0.));
#3894=DIRECTION('ref_axis',(-1.,0.,0.));
#3895=DIRECTION('',(0.,-1.22464679914735E-16,-1.));
#3896=DIRECTION('',(1.,-5.56768561603064E-16,6.81844836833068E-32));
#3897=DIRECTION('',(0.,0.,1.));
#3898=DIRECTION('',(1.,0.,-1.23259516440763E-32));
#3899=DIRECTION('',(1.08770485875751E-31,0.,-1.));
#3900=DIRECTION('',(-1.,0.,0.));
#3901=DIRECTION('',(-1.08770485875751E-31,0.,1.));
#3902=DIRECTION('',(-1.,0.,1.23259516440763E-32));
#3903=DIRECTION('center_axis',(0.,-1.22464679914735E-16,-1.));
#3904=DIRECTION('ref_axis',(-0.70710678118655,-0.707106781186545,8.65956056235488E-17));
#3905=DIRECTION('',(0.,-1.22464679914735E-16,-1.));
#3906=DIRECTION('center_axis',(0.,1.22464679914735E-16,1.));
#3907=DIRECTION('ref_axis',(-0.70710678118655,-0.707106781186545,8.65956056235488E-17));
#3908=DIRECTION('center_axis',(1.,-8.88178419700125E-16,1.08770485875751E-31));
#3909=DIRECTION('ref_axis',(8.88178419700125E-16,1.,-1.22464679914735E-16));
#3910=DIRECTION('',(0.,-1.22464679914735E-16,-1.));
#3911=DIRECTION('',(-8.88178419700125E-16,-1.,1.22464679914735E-16));
#3912=DIRECTION('center_axis',(0.,1.22464679914735E-16,1.));
#3913=DIRECTION('ref_axis',(0.707106781186554,0.707106781186541,-8.65956056235483E-17));
#3914=DIRECTION('',(0.,1.22464679914735E-16,1.));
#3915=DIRECTION('center_axis',(0.,-1.22464679914735E-16,-1.));
#3916=DIRECTION('ref_axis',(0.707106781186554,0.707106781186541,-8.65956056235483E-17));
#3917=DIRECTION('center_axis',(0.707106781186548,0.707106781186548,-8.65956056235492E-17));
#3918=DIRECTION('ref_axis',(-1.22464679914735E-16,-8.62816615085481E-32,
-1.));
#3919=DIRECTION('',(-4.37905770101505E-47,1.22464679914735E-16,1.));
#3920=DIRECTION('',(0.707106781186547,-0.707106781186547,8.65956056235492E-17));
#3921=DIRECTION('',(4.37905770101505E-47,-1.22464679914735E-16,-1.));
#3922=DIRECTION('center_axis',(0.,-1.22464679914735E-16,-1.));
#3923=DIRECTION('ref_axis',(-0.70710678118655,0.707106781186545,-8.65956056235488E-17));
#3924=DIRECTION('',(0.,1.22464679914735E-16,1.));
#3925=DIRECTION('center_axis',(0.,1.22464679914735E-16,1.));
#3926=DIRECTION('ref_axis',(-0.70710678118655,0.707106781186545,-8.65956056235488E-17));
#3927=DIRECTION('',(0.,1.22464679914735E-16,1.));
#3928=DIRECTION('center_axis',(0.,-1.22464679914735E-16,-1.));
#3929=DIRECTION('ref_axis',(-0.707106781186558,-0.707106781186537,8.65956056235478E-17));
#3930=DIRECTION('',(0.,-1.22464679914735E-16,-1.));
#3931=DIRECTION('center_axis',(0.,1.22464679914735E-16,1.));
#3932=DIRECTION('ref_axis',(-0.707106781186558,-0.707106781186537,8.65956056235478E-17));
#3933=DIRECTION('',(0.,-1.22464679914735E-16,-1.));
#3934=DIRECTION('center_axis',(-8.88178419700125E-16,-1.,1.22464679914735E-16));
#3935=DIRECTION('ref_axis',(-1.,8.88178419700125E-16,-1.08770485875751E-31));
#3936=DIRECTION('',(0.,-1.22464679914735E-16,-1.));
#3937=DIRECTION('',(-1.,8.88178419700125E-16,-1.08770485875751E-31));
#3938=DIRECTION('center_axis',(1.,-8.88178419700125E-16,1.08770485875751E-31));
#3939=DIRECTION('ref_axis',(8.88178419700125E-16,1.,-1.22464679914735E-16));
#3940=DIRECTION('',(0.,-1.22464679914735E-16,-1.));
#3941=DIRECTION('',(0.,-1.,1.22464679914735E-16));
#3942=DIRECTION('',(2.18952885050753E-47,-1.22464679914735E-16,-1.));
#3943=DIRECTION('',(-8.88178419700125E-16,-1.,0.));
#3944=DIRECTION('',(0.,0.,1.));
#3945=DIRECTION('',(-8.88178419700125E-16,-1.,1.22464679914735E-16));
#3946=DIRECTION('',(0.,1.22464679914735E-16,1.));
#3947=DIRECTION('center_axis',(-6.05566180230247E-32,0.,1.));
#3948=DIRECTION('ref_axis',(-0.707106781186545,-0.707106781186549,0.));
#3949=DIRECTION('center_axis',(0.707106781186548,-4.3624740138717E-16,-0.707106781186548));
#3950=DIRECTION('ref_axis',(-0.707106781186547,4.94517309821661E-16,-0.707106781186547));
#3951=DIRECTION('',(6.05566180230247E-32,0.,-1.));
#3952=DIRECTION('center_axis',(0.,0.,1.));
#3953=DIRECTION('ref_axis',(-0.707106781186545,-0.707106781186549,0.));
#3954=DIRECTION('',(6.05566180230247E-32,0.,-1.));
#3955=DIRECTION('center_axis',(-1.23259516440763E-32,-1.13369728973371E-16,
-1.));
#3956=DIRECTION('ref_axis',(-0.707106781186545,-0.707106781186549,0.));
#3957=DIRECTION('',(-6.05566180230247E-32,0.,1.));
#3958=DIRECTION('center_axis',(0.,-1.22464679914735E-16,-1.));
#3959=DIRECTION('ref_axis',(-0.707106781186545,-0.707106781186549,0.));
#3960=DIRECTION('center_axis',(0.,0.,1.));
#3961=DIRECTION('ref_axis',(1.,-7.89294136591665E-47,0.));
#3962=DIRECTION('',(4.9448231167702E-16,1.,0.));
#3963=DIRECTION('center_axis',(0.,0.,1.));
#3964=DIRECTION('ref_axis',(-0.70710678118655,0.707106781186545,0.));
#3965=DIRECTION('',(0.,1.,0.));
#3966=DIRECTION('center_axis',(-1.,4.9448231167702E-16,-6.05566180230247E-32));
#3967=DIRECTION('ref_axis',(-4.9448231167702E-16,-1.,1.22464679914735E-16));
#3968=DIRECTION('',(-4.9448231167702E-16,-1.,1.22464679914735E-16));
#3969=DIRECTION('',(-6.05566180230247E-32,0.,1.));
#3970=DIRECTION('center_axis',(-0.707106781186548,4.3624740138717E-16,0.707106781186548));
#3971=DIRECTION('ref_axis',(0.707106781186548,0.,0.707106781186548));
#3972=DIRECTION('',(4.9448231167702E-16,1.,-1.22464679914735E-16));
#3973=DIRECTION('center_axis',(0.707106781186548,-4.3624740138717E-16,-0.707106781186548));
#3974=DIRECTION('ref_axis',(-0.707106781186547,4.32702646093954E-16,-0.707106781186547));
#3975=DIRECTION('center_axis',(0.,1.22464679914735E-16,1.));
#3976=DIRECTION('ref_axis',(-1.,8.88178419700125E-16,-1.08770485875751E-31));
#3977=DIRECTION('',(1.,0.,0.));
#3978=DIRECTION('',(8.88178419700125E-16,1.,-1.22464679914735E-16));
#3979=DIRECTION('',(-1.,0.,0.));
#3980=DIRECTION('center_axis',(0.,-1.22464679914735E-16,-1.));
#3981=DIRECTION('ref_axis',(-0.70710678118655,0.707106781186545,0.));
#3982=DIRECTION('center_axis',(6.05566180230247E-32,0.,-1.));
#3983=DIRECTION('ref_axis',(-0.70710678118655,0.707106781186545,0.));
#3984=DIRECTION('',(6.05566180230247E-32,0.,-1.));
#3985=DIRECTION('center_axis',(-1.23259516440763E-32,-1.13369728973371E-16,
-1.));
#3986=DIRECTION('ref_axis',(-0.70710678118655,0.707106781186545,0.));
#3987=DIRECTION('',(-6.05566180230247E-32,0.,1.));
#3988=DIRECTION('center_axis',(0.,-1.,0.));
#3989=DIRECTION('ref_axis',(-1.,0.,0.));
#3990=DIRECTION('',(-1.08770485875751E-31,0.,1.));
#3991=DIRECTION('',(-1.,0.,1.23259516440763E-32));
#3992=DIRECTION('center_axis',(1.08770485875751E-31,0.,-1.));
#3993=DIRECTION('ref_axis',(0.707106781186545,-0.707106781186549,0.));
#3994=DIRECTION('center_axis',(0.,0.,1.));
#3995=DIRECTION('ref_axis',(0.707106781186545,-0.707106781186549,0.));
#3996=DIRECTION('',(-1.08770485875751E-31,0.,1.));
#3997=DIRECTION('center_axis',(-0.70710678118654,5.41441377849954E-16,-0.707106781186555));
#3998=DIRECTION('ref_axis',(0.707106781186555,-4.32702646093958E-16,-0.70710678118654));
#3999=DIRECTION('center_axis',(0.,-1.22464679914735E-16,-1.));
#4000=DIRECTION('ref_axis',(0.707106781186545,-0.707106781186549,0.));
#4001=DIRECTION('',(1.08770485875751E-31,0.,-1.));
#4002=DIRECTION('center_axis',(-1.23259516440763E-32,-1.13369728973371E-16,
-1.));
#4003=DIRECTION('ref_axis',(0.707106781186545,-0.707106781186549,0.));
#4004=DIRECTION('',(-1.08770485875751E-31,0.,1.));
#4005=DIRECTION('center_axis',(0.70710678118654,-5.41441377849954E-16,0.707106781186555));
#4006=DIRECTION('ref_axis',(0.707106781186555,0.,-0.70710678118654));
#4007=DIRECTION('',(8.88178419700125E-16,1.,-1.22464679914735E-16));
#4008=DIRECTION('center_axis',(-0.70710678118654,5.41441377849954E-16,-0.707106781186555));
#4009=DIRECTION('ref_axis',(0.707106781186555,-4.32702646093958E-16,-0.70710678118654));
#4010=DIRECTION('',(-8.88178419700125E-16,-1.,1.22464679914735E-16));
#4011=DIRECTION('center_axis',(1.,-8.88178419700125E-16,1.08770485875751E-31));
#4012=DIRECTION('ref_axis',(8.88178419700125E-16,1.,-1.22464679914735E-16));
#4013=DIRECTION('',(-8.88178419700125E-16,-1.,0.));
#4014=DIRECTION('',(1.08770485875751E-31,0.,-1.));
#4015=DIRECTION('center_axis',(0.,0.,1.));
#4016=DIRECTION('ref_axis',(1.,-7.89294136591665E-47,0.));
#4017=DIRECTION('',(0.,1.,0.));
#4018=DIRECTION('center_axis',(0.,0.,1.));
#4019=DIRECTION('ref_axis',(0.70710678118655,0.707106781186545,0.));
#4020=DIRECTION('center_axis',(-1.,0.,0.));
#4021=DIRECTION('ref_axis',(0.,6.76537831364234E-47,1.));
#4022=DIRECTION('',(0.,1.,0.));
#4023=DIRECTION('',(1.08770485875751E-31,0.,-1.));
#4024=DIRECTION('center_axis',(-1.08770485875751E-31,0.,1.));
#4025=DIRECTION('ref_axis',(0.70710678118655,0.707106781186545,0.));
#4026=DIRECTION('center_axis',(-1.23259516440763E-32,-1.13369728973371E-16,
-1.));
#4027=DIRECTION('ref_axis',(0.70710678118655,0.707106781186545,0.));
#4028=DIRECTION('',(-1.08770485875751E-31,0.,1.));
#4029=DIRECTION('center_axis',(0.,-1.22464679914735E-16,-1.));
#4030=DIRECTION('ref_axis',(0.70710678118655,0.707106781186545,0.));
#4031=DIRECTION('center_axis',(-6.28036983473511E-16,-0.707106781186549,
0.707106781186546));
#4032=DIRECTION('ref_axis',(1.,0.,8.88178419700128E-16));
#4033=DIRECTION('',(-6.28036983473509E-16,-0.707106781186546,-0.707106781186549));
#4034=DIRECTION('',(1.,-8.88178419700125E-16,1.08770485875751E-31));
#4035=DIRECTION('',(6.28036983473509E-16,0.707106781186546,0.707106781186549));
#4036=DIRECTION('',(-1.,8.88178419700125E-16,-1.08770485875751E-31));
#4037=DIRECTION('center_axis',(1.,-8.88178419700125E-16,1.08770485875751E-31));
#4038=DIRECTION('ref_axis',(8.88178419700125E-16,1.,-1.22464679914735E-16));
#4039=DIRECTION('',(0.,0.,1.));
#4040=DIRECTION('',(-8.88178419700125E-16,-1.,1.22464679914735E-16));
#4041=DIRECTION('',(4.37905770101505E-47,-1.22464679914735E-16,-1.));
#4042=DIRECTION('',(6.2803698347351E-16,0.707106781186547,-0.707106781186548));
#4043=DIRECTION('',(8.88178419700125E-16,1.,-1.22464679914735E-16));
#4044=DIRECTION('',(1.08770485875751E-31,0.,-1.));
#4045=DIRECTION('',(-8.88178419700125E-16,-1.,1.13369728973371E-16));
#4046=DIRECTION('',(1.08770485875751E-31,0.,-1.));
#4047=DIRECTION('',(-8.88178419700125E-16,-1.,1.13369728973371E-16));
#4048=DIRECTION('',(8.88178419700125E-16,1.,-1.22464679914735E-16));
#4049=DIRECTION('center_axis',(-8.88178419700125E-16,-1.,1.22464679914735E-16));
#4050=DIRECTION('ref_axis',(1.,-8.88178419700125E-16,1.08770485875751E-31));
#4051=DIRECTION('',(0.,0.,1.));
#4052=DIRECTION('center_axis',(-8.88178419700125E-16,-1.,1.22464679914735E-16));
#4053=DIRECTION('ref_axis',(-0.707106781186547,5.4144137784996E-16,-0.707106781186548));
#4054=DIRECTION('center_axis',(-8.88178419700125E-16,-1.,1.22464679914735E-16));
#4055=DIRECTION('ref_axis',(-1.,0.,0.));
#4056=DIRECTION('center_axis',(-8.88178419700125E-16,-1.,1.22464679914735E-16));
#4057=DIRECTION('ref_axis',(-0.388909735321822,0.,-0.921275864099299));
#4058=DIRECTION('',(1.,-8.88178419700125E-16,0.));
#4059=DIRECTION('center_axis',(-8.88178419700125E-16,-1.,1.22464679914735E-16));
#4060=DIRECTION('ref_axis',(0.388909735321823,0.,-0.921275864099299));
#4061=DIRECTION('center_axis',(-8.88178419700125E-16,-1.,1.22464679914735E-16));
#4062=DIRECTION('ref_axis',(1.,0.,0.));
#4063=DIRECTION('center_axis',(-8.88178419700125E-16,-1.,1.22464679914735E-16));
#4064=DIRECTION('ref_axis',(0.707106781186547,-7.14632589097059E-16,-0.707106781186548));
#4065=DIRECTION('center_axis',(0.,1.,0.));
#4066=DIRECTION('ref_axis',(1.,0.,0.));
#4067=DIRECTION('',(1.,0.,0.));
#4068=DIRECTION('',(-1.08770485875751E-31,0.,1.));
#4069=DIRECTION('',(1.,0.,-1.23259516440763E-32));
#4070=DIRECTION('center_axis',(0.,1.,0.));
#4071=DIRECTION('ref_axis',(1.,0.,0.));
#4072=DIRECTION('',(1.,0.,-1.23259516440763E-32));
#4073=DIRECTION('center_axis',(-1.23259516440763E-32,-1.13369728973371E-16,
-1.));
#4074=DIRECTION('ref_axis',(-1.,0.,1.23259516440763E-32));
#4075=DIRECTION('',(0.,1.,0.));
#4076=DIRECTION('',(1.,0.,-1.23259516440763E-32));
#4077=DIRECTION('center_axis',(1.23259516440763E-32,1.13369728973371E-16,
1.));
#4078=DIRECTION('ref_axis',(0.707106781186557,0.707106781186538,0.));
#4079=DIRECTION('center_axis',(-1.23259516440763E-32,-1.13369728973371E-16,
-1.));
#4080=DIRECTION('ref_axis',(-1.,0.,1.23259516440763E-32));
#4081=DIRECTION('center_axis',(-1.23259516440763E-32,-1.13369728973371E-16,
-1.));
#4082=DIRECTION('ref_axis',(-0.707106781186545,-0.70710678118655,8.65956056235494E-17));
#4083=DIRECTION('center_axis',(1.23259516440763E-32,1.13369728973371E-16,
1.));
#4084=DIRECTION('ref_axis',(-0.707106781186551,0.707106781186544,-9.81307786677359E-17));
#4085=DIRECTION('',(-1.,4.44089209850063E-16,0.));
#4086=DIRECTION('',(8.88178419700125E-16,1.,-1.13369728973371E-16));
#4087=DIRECTION('',(-1.,0.,1.23259516440763E-32));
#4088=DIRECTION('',(8.88178419700125E-16,1.,-1.13369728973371E-16));
#4089=DIRECTION('center_axis',(0.,-1.,0.));
#4090=DIRECTION('ref_axis',(-1.,0.,0.));
#4091=DIRECTION('',(1.08770485875751E-31,0.,-1.));
#4092=DIRECTION('',(-1.,0.,0.));
#4093=DIRECTION('center_axis',(0.,1.22464679914735E-16,1.));
#4094=DIRECTION('ref_axis',(-1.,8.88178419700125E-16,-1.08770485875751E-31));
#4095=DIRECTION('',(-8.88178419700125E-16,-1.,1.22464679914735E-16));
#4096=DIRECTION('center_axis',(0.,1.22464679914735E-16,1.));
#4097=DIRECTION('ref_axis',(-1.,8.88178419700125E-16,-1.08770485875751E-31));
#4098=DIRECTION('',(-8.88178419700125E-16,-1.,1.22464679914735E-16));
#4099=DIRECTION('center_axis',(0.,1.22464679914735E-16,1.));
#4100=DIRECTION('ref_axis',(-1.,8.88178419700125E-16,-1.08770485875751E-31));
#4101=DIRECTION('',(1.,-4.44089209850063E-16,5.43852429378755E-32));
#4102=DIRECTION('',(-8.88178419700125E-16,-1.,1.22464679914735E-16));
#4103=DIRECTION('',(-1.,8.88178419700125E-16,-1.08770485875751E-31));
#4104=DIRECTION('center_axis',(0.,-1.22464679914735E-16,-1.));
#4105=DIRECTION('ref_axis',(-0.707106781186547,-0.707106781186548,8.65956056235491E-17));
#4106=DIRECTION('',(8.88178419700125E-16,1.,-1.22464679914735E-16));
#4107=DIRECTION('',(1.,-7.31808979612074E-16,8.96207524469215E-32));
#4108=DIRECTION('',(-8.88178419700125E-16,-1.,1.22464679914735E-16));
#4109=DIRECTION('center_axis',(0.,1.22464679914735E-16,1.));
#4110=DIRECTION('ref_axis',(-1.,8.88178419700125E-16,-1.08770485875751E-31));
#4111=DIRECTION('',(1.,0.,0.));
#4112=DIRECTION('',(1.,-7.31808979612074E-16,8.96207524469215E-32));
#4113=DIRECTION('center_axis',(1.,0.,0.));
#4114=DIRECTION('ref_axis',(0.,-6.76537831364234E-47,-1.));
#4115=DIRECTION('center_axis',(-4.44089209850063E-16,-1.,1.22464679914735E-16));
#4116=DIRECTION('ref_axis',(0.,-1.22464679914735E-16,-1.));
#4117=DIRECTION('',(-1.08770485875751E-31,0.,1.));
#4118=DIRECTION('',(-2.18952885050753E-47,1.22464679914735E-16,1.));
#4119=DIRECTION('',(-1.,4.44089209850063E-16,-5.43852429378756E-32));
#4120=DIRECTION('',(4.37905770101505E-47,-1.22464679914735E-16,-1.));
#4121=DIRECTION('center_axis',(2.18952885050753E-47,-1.22464679914735E-16,
-1.));
#4122=DIRECTION('ref_axis',(-0.707106781186551,0.707106781186544,-9.81307786677359E-17));
#4123=DIRECTION('center_axis',(0.,1.22464679914735E-16,1.));
#4124=DIRECTION('ref_axis',(-0.707106781186551,0.707106781186544,-9.81307786677359E-17));
#4125=DIRECTION('center_axis',(-2.2990052930329E-46,1.22464679914735E-16,
1.));
#4126=DIRECTION('ref_axis',(0.707106781186557,0.707106781186538,0.));
#4127=DIRECTION('center_axis',(0.,1.22464679914735E-16,1.));
#4128=DIRECTION('ref_axis',(0.707106781186557,0.707106781186538,0.));
#4129=DIRECTION('',(2.2990052930329E-46,-1.22464679914735E-16,-1.));
#4130=DIRECTION('center_axis',(0.,-1.22464679914735E-16,-1.));
#4131=DIRECTION('ref_axis',(1.,-8.88178419700125E-16,1.08770485875751E-31));
#4132=DIRECTION('',(-1.,4.44089209850063E-16,-5.43852429378756E-32));
#4133=DIRECTION('center_axis',(-4.44089209850063E-16,-1.,1.22464679914735E-16));
#4134=DIRECTION('ref_axis',(0.,-1.22464679914735E-16,-1.));
#4135=DIRECTION('center_axis',(0.,-1.22464679914735E-16,-1.));
#4136=DIRECTION('ref_axis',(1.,-8.88178419700125E-16,1.08770485875751E-31));
#4137=DIRECTION('center_axis',(0.,1.22464679914735E-16,1.));
#4138=DIRECTION('ref_axis',(-0.707106781186545,0.70710678118655,-8.65956056235494E-17));
#4139=DIRECTION('',(-1.,8.88178419700125E-16,-1.08770485875751E-31));
#4140=DIRECTION('center_axis',(0.,-1.22464679914735E-16,-1.));
#4141=DIRECTION('ref_axis',(0.70710678118655,-0.707106781186545,8.65956056235488E-17));
#4142=DIRECTION('',(-8.88178419700125E-16,-1.,1.22464679914735E-16));
#4143=DIRECTION('center_axis',(-1.,8.88178419700125E-16,-1.08770485875751E-31));
#4144=DIRECTION('ref_axis',(-8.88178419700125E-16,-1.,1.22464679914735E-16));
#4145=DIRECTION('',(-6.2803698347351E-16,-0.707106781186547,0.707106781186548));
#4146=DIRECTION('',(-4.37905770101505E-47,1.22464679914735E-16,1.));
#4147=DIRECTION('',(8.88178419700125E-16,1.,-1.22464679914735E-16));
#4148=DIRECTION('center_axis',(0.,1.,0.));
#4149=DIRECTION('ref_axis',(-0.388909735321822,0.,-0.921275864099299));
#4150=DIRECTION('center_axis',(0.,-1.,0.));
#4151=DIRECTION('ref_axis',(-0.388909735321822,0.,-0.921275864099299));
#4152=DIRECTION('',(0.,-1.,0.));
#4153=DIRECTION('',(0.,1.,0.));
#4154=DIRECTION('center_axis',(0.,-1.,0.));
#4155=DIRECTION('ref_axis',(-1.,0.,0.));
#4156=DIRECTION('',(0.,1.,0.));
#4157=DIRECTION('center_axis',(0.,-1.,0.));
#4158=DIRECTION('ref_axis',(-1.,0.,0.));
#4159=DIRECTION('center_axis',(0.,1.,0.));
#4160=DIRECTION('ref_axis',(0.388909735321823,0.,-0.921275864099299));
#4161=DIRECTION('center_axis',(0.,-1.,0.));
#4162=DIRECTION('ref_axis',(0.388909735321823,0.,-0.921275864099299));
#4163=DIRECTION('',(0.,-1.,0.));
#4164=DIRECTION('',(0.,1.,0.));
#4165=DIRECTION('center_axis',(0.,1.,0.));
#4166=DIRECTION('ref_axis',(1.,0.,0.));
#4167=DIRECTION('center_axis',(0.,-1.,0.));
#4168=DIRECTION('ref_axis',(1.,0.,0.));
#4169=DIRECTION('',(0.,-1.,0.));
#4170=DIRECTION('center_axis',(0.,0.,-1.));
#4171=DIRECTION('ref_axis',(-1.,0.,0.));
#4172=DIRECTION('',(1.,0.,0.));
#4173=DIRECTION('center_axis',(5.17467092016906E-16,0.707106781186548,0.707106781186547));
#4174=DIRECTION('ref_axis',(1.,-9.86076131526265E-32,-7.31808979612075E-16));
#4175=DIRECTION('',(-1.,7.31808979612075E-16,-8.96207524469218E-32));
#4176=DIRECTION('center_axis',(0.,1.,0.));
#4177=DIRECTION('ref_axis',(1.,0.,0.));
#4178=DIRECTION('center_axis',(0.,1.,0.));
#4179=DIRECTION('ref_axis',(-0.707106781186547,0.,-0.707106781186548));
#4180=DIRECTION('',(-1.,0.,0.));
#4181=DIRECTION('center_axis',(0.,1.,0.));
#4182=DIRECTION('ref_axis',(0.707106781186547,0.,-0.707106781186548));
#4183=DIRECTION('center_axis',(0.,-1.22464679914735E-16,-1.));
#4184=DIRECTION('ref_axis',(1.,-8.88178419700125E-16,1.08770485875751E-31));
#4185=DIRECTION('',(-8.88178419700125E-16,-1.,1.22464679914735E-16));
#4186=DIRECTION('',(-1.,7.31808979612075E-16,-8.96207524469218E-32));
#4187=DIRECTION('',(8.88178419700125E-16,1.,-1.22464679914735E-16));
#4188=DIRECTION('center_axis',(-8.88178419700125E-16,-1.,1.22464679914735E-16));
#4189=DIRECTION('ref_axis',(0.707106781186547,-7.14632589097059E-16,-0.707106781186548));
#4190=DIRECTION('center_axis',(-7.31808979612075E-16,-1.,1.22464679914735E-16));
#4191=DIRECTION('ref_axis',(0.707106781186547,-6.04062697640455E-16,-0.707106781186548));
#4192=DIRECTION('center_axis',(-8.88178419700125E-16,-1.,1.22464679914735E-16));
#4193=DIRECTION('ref_axis',(-0.707106781186547,5.4144137784996E-16,-0.707106781186548));
#4194=DIRECTION('center_axis',(-7.31808979612075E-16,-1.,1.22464679914735E-16));
#4195=DIRECTION('ref_axis',(-0.707106781186547,4.30871486393357E-16,-0.707106781186548));
#4196=DIRECTION('center_axis',(7.31808979612075E-16,1.,-1.22464679914735E-16));
#4197=DIRECTION('ref_axis',(-1.,7.31808979612075E-16,-8.96207524469218E-32));
#4198=DIRECTION('',(-1.,7.31808979612075E-16,-8.96207524469218E-32));
#4199=DIRECTION('',(4.37905770101505E-47,-1.22464679914735E-16,-1.));
#4200=DIRECTION('center_axis',(5.17467092016906E-16,0.707106781186548,0.707106781186547));
#4201=DIRECTION('ref_axis',(1.,-9.86076131526265E-32,-7.31808979612075E-16));
#4202=DIRECTION('',(6.28036983473511E-16,0.707106781186548,-0.707106781186547));
#4203=DIRECTION('center_axis',(1.,-8.88178419700125E-16,1.08770485875751E-31));
#4204=DIRECTION('ref_axis',(8.88178419700125E-16,1.,-1.22464679914735E-16));
#4205=DIRECTION('',(0.,1.22464679914735E-16,1.));
#4206=DIRECTION('center_axis',(8.88178419700125E-16,1.,-1.22464679914735E-16));
#4207=DIRECTION('ref_axis',(-1.,8.88178419700125E-16,-1.08770485875751E-31));
#4208=DIRECTION('',(0.,-1.22464679914735E-16,-1.));
#4209=DIRECTION('center_axis',(1.,-8.88178419700125E-16,1.08770485875751E-31));
#4210=DIRECTION('ref_axis',(8.88178419700125E-16,1.,-1.22464679914735E-16));
#4211=DIRECTION('',(0.,1.22464679914735E-16,1.));
#4212=DIRECTION('center_axis',(0.,-1.22464679914735E-16,-1.));
#4213=DIRECTION('ref_axis',(1.,-8.88178419700125E-16,1.08770485875751E-31));
#4214=DIRECTION('center_axis',(0.,1.22464679914735E-16,1.));
#4215=DIRECTION('ref_axis',(0.707106781186542,-0.707106781186553,8.65956056235498E-17));
#4216=DIRECTION('',(-8.88178419700125E-16,-1.,1.22464679914735E-16));
#4217=DIRECTION('center_axis',(0.,1.22464679914735E-16,1.));
#4218=DIRECTION('ref_axis',(0.707106781186549,0.707106781186546,-8.65956056235489E-17));
#4219=DIRECTION('',(1.,-8.88178419700125E-16,1.08770485875751E-31));
#4220=DIRECTION('',(8.88178419700125E-16,1.,-1.22464679914735E-16));
#4221=DIRECTION('center_axis',(0.,1.22464679914735E-16,1.));
#4222=DIRECTION('ref_axis',(-0.707106781186545,-0.70710678118655,8.65956056235494E-17));
#4223=DIRECTION('center_axis',(0.,1.22464679914735E-16,1.));
#4224=DIRECTION('ref_axis',(-0.707106781186545,-0.70710678118655,8.65956056235494E-17));
#4225=DIRECTION('center_axis',(0.,-1.22464679914735E-16,-1.));
#4226=DIRECTION('ref_axis',(1.,-8.88178419700125E-16,1.08770485875751E-31));
#4227=DIRECTION('',(1.,-8.88178419700125E-16,1.08770485875751E-31));
#4228=DIRECTION('center_axis',(0.,1.22464679914735E-16,1.));
#4229=DIRECTION('ref_axis',(-0.70710678118655,-0.707106781186545,8.65956056235488E-17));
#4230=DIRECTION('center_axis',(0.,-1.22464679914735E-16,-1.));
#4231=DIRECTION('ref_axis',(0.70710678118655,-0.707106781186545,8.65956056235488E-17));
#4232=DIRECTION('',(0.,-1.22464679914735E-16,-1.));
#4233=DIRECTION('center_axis',(-8.88178419700125E-16,-1.,1.22464679914735E-16));
#4234=DIRECTION('ref_axis',(1.,-8.88178419700125E-16,1.08770485875751E-31));
#4235=DIRECTION('',(0.,1.22464679914735E-16,1.));
#4236=DIRECTION('center_axis',(8.88178419700125E-16,1.,-1.22464679914735E-16));
#4237=DIRECTION('ref_axis',(-1.,8.88178419700125E-16,-1.08770485875751E-31));
#4238=DIRECTION('',(0.,-1.22464679914735E-16,-1.));
#4239=DIRECTION('center_axis',(0.,-1.22464679914735E-16,-1.));
#4240=DIRECTION('ref_axis',(0.707106781186542,-0.707106781186553,8.65956056235498E-17));
#4241=DIRECTION('',(0.,-1.22464679914735E-16,-1.));
#4242=DIRECTION('center_axis',(1.,-8.88178419700125E-16,1.08770485875751E-31));
#4243=DIRECTION('ref_axis',(-8.88178419700125E-16,-1.,1.22464679914735E-16));
#4244=DIRECTION('',(0.,-1.22464679914735E-16,-1.));
#4245=DIRECTION('center_axis',(0.,-1.22464679914735E-16,-1.));
#4246=DIRECTION('ref_axis',(0.707106781186549,0.707106781186546,-8.65956056235489E-17));
#4247=DIRECTION('',(0.,-1.22464679914735E-16,-1.));
#4248=DIRECTION('center_axis',(-1.,8.88178419700125E-16,-1.08770485875751E-31));
#4249=DIRECTION('ref_axis',(8.88178419700125E-16,1.,-1.22464679914735E-16));
#4250=DIRECTION('center_axis',(0.,-1.22464679914735E-16,-1.));
#4251=DIRECTION('ref_axis',(-0.70710678118655,-0.707106781186545,8.65956056235488E-17));
#4252=DIRECTION('center_axis',(0.,1.22464679914735E-16,1.));
#4253=DIRECTION('ref_axis',(-0.707106781186545,0.70710678118655,-8.65956056235494E-17));
#4254=DIRECTION('center_axis',(0.,-1.22464679914735E-16,-1.));
#4255=DIRECTION('ref_axis',(-0.707106781186547,-0.707106781186548,8.65956056235491E-17));
#4256=DIRECTION('center_axis',(8.88178419700125E-16,1.,-1.22464679914735E-16));
#4257=DIRECTION('ref_axis',(1.,-8.88178419700125E-16,1.08770485875751E-31));
#4258=DIRECTION('axis',(0.,0.,1.));
#4259=DIRECTION('refdir',(1.,0.,0.));
#4260=DIRECTION('center_axis',(-3.82992666461943E-33,-4.08044448080118E-48,
-1.));
#4261=DIRECTION('ref_axis',(-0.923936435359804,-0.382546027837983,0.));
#4262=DIRECTION('center_axis',(0.,0.,-1.));
#4263=DIRECTION('ref_axis',(-0.923936435359804,-0.382546027837983,0.));
#4264=DIRECTION('',(-3.31479282676155E-32,-4.27982130413241E-47,1.));
#4265=DIRECTION('center_axis',(-3.69778549322349E-32,0.,1.));
#4266=DIRECTION('ref_axis',(-0.923936435359804,-0.382546027837983,0.));
#4267=DIRECTION('',(-3.82992666461943E-33,-4.08044448080118E-48,-1.));
#4268=DIRECTION('center_axis',(1.,1.2677495113774E-15,3.31479282676155E-32));
#4269=DIRECTION('ref_axis',(-1.2677495113774E-15,1.,-2.94412745450638E-47));
#4270=DIRECTION('',(1.2677495113774E-15,-1.,2.94412745450638E-47));
#4271=DIRECTION('',(3.31479282676155E-32,4.49307287547097E-47,-1.));
#4272=DIRECTION('',(-1.2677495113774E-15,1.,-1.06340665519633E-47));
#4273=DIRECTION('',(3.31479282676155E-32,1.25819953193789E-47,-1.));
#4274=DIRECTION('',(-1.2677495113774E-15,1.,-1.06340665519633E-47));
#4275=DIRECTION('',(-3.31479282676155E-32,-1.25819953193789E-47,1.));
#4276=DIRECTION('',(-1.22817982218681E-15,1.,-4.54154552955219E-47));
#4277=DIRECTION('center_axis',(-3.31479282676155E-32,-4.49307287547097E-47,
1.));
#4278=DIRECTION('ref_axis',(-0.923936435359806,0.382546027837979,0.));
#4279=DIRECTION('center_axis',(0.,0.,-1.));
#4280=DIRECTION('ref_axis',(-0.923936435359806,0.382546027837979,0.));
#4281=DIRECTION('',(-3.31479282676155E-32,-4.49307287547097E-47,1.));
#4282=DIRECTION('center_axis',(-3.69778549322349E-32,0.,1.));
#4283=DIRECTION('ref_axis',(-0.923936435359806,0.382546027837979,0.));
#4284=DIRECTION('center_axis',(3.31479282676155E-32,4.49307287547097E-47,
-1.));
#4285=DIRECTION('ref_axis',(0.917888710595891,-0.39683789506625,0.));
#4286=DIRECTION('center_axis',(0.,0.,1.));
#4287=DIRECTION('ref_axis',(0.917888710595891,-0.39683789506625,0.));
#4288=DIRECTION('',(3.82992666461943E-33,-5.53412999892185E-48,1.));
#4289=DIRECTION('center_axis',(0.707106781186547,7.53359062794597E-16,0.707106781186548));
#4290=DIRECTION('ref_axis',(0.707106781186548,7.58658120792581E-16,-0.707106781186547));
#4291=DIRECTION('center_axis',(-3.69778549322349E-32,0.,1.));
#4292=DIRECTION('ref_axis',(0.917888710595891,-0.39683789506625,0.));
#4293=DIRECTION('center_axis',(-3.69778549322349E-32,1.13251492267631E-47,
1.));
#4294=DIRECTION('ref_axis',(0.923936435359805,-0.382546027837981,0.));
#4295=DIRECTION('center_axis',(0.,0.,-1.));
#4296=DIRECTION('ref_axis',(0.923936435359805,-0.382546027837981,0.));
#4297=DIRECTION('',(-3.69778549322349E-32,1.13251492267631E-47,1.));
#4298=DIRECTION('center_axis',(-3.69778549322349E-32,0.,1.));
#4299=DIRECTION('ref_axis',(0.923936435359805,-0.382546027837981,0.));
#4300=DIRECTION('',(0.,7.48205876633743E-48,-1.));
#4301=DIRECTION('center_axis',(-3.69778549322349E-32,1.13251492267631E-47,
1.));
#4302=DIRECTION('ref_axis',(-0.370078740157664,0.929000390787494,0.));
#4303=DIRECTION('center_axis',(0.,0.,1.));
#4304=DIRECTION('ref_axis',(-0.370078740157664,0.929000390787494,0.));
#4305=DIRECTION('',(-3.69778549322349E-32,1.13251492267631E-47,1.));
#4306=DIRECTION('center_axis',(-0.707106781186547,2.16564477059831E-16,
0.707106781186548));
#4307=DIRECTION('ref_axis',(-0.707106781186548,1.97910814119803E-16,-0.707106781186547));
#4308=DIRECTION('center_axis',(-3.69778549322349E-32,0.,1.));
#4309=DIRECTION('ref_axis',(-0.370078740157664,0.929000390787494,0.));
#4310=DIRECTION('center_axis',(-1.91309676098817E-62,-3.76144159862012E-47,
1.));
#4311=DIRECTION('ref_axis',(-0.926427394098129,-0.376473483082873,0.));
#4312=DIRECTION('',(3.69778549322349E-32,2.62892667594382E-47,-1.));
#4313=DIRECTION('center_axis',(0.,0.,1.));
#4314=DIRECTION('ref_axis',(-0.926427394098129,-0.376473483082873,0.));
#4315=DIRECTION('',(-1.91309676098817E-62,-3.76144159862012E-47,1.));
#4316=DIRECTION('center_axis',(3.69778549322349E-32,0.,-1.));
#4317=DIRECTION('ref_axis',(-0.926427394098129,-0.376473483082873,0.));
#4318=DIRECTION('center_axis',(-0.707106781186547,2.16564477059831E-16,
0.707106781186548));
#4319=DIRECTION('ref_axis',(0.707106781186548,0.,0.707106781186547));
#4320=DIRECTION('',(3.0626842058625E-16,1.,1.13251492267631E-47));
#4321=DIRECTION('',(-3.0626842058625E-16,-1.,-1.13251492267631E-47));
#4322=DIRECTION('center_axis',(1.91309676098817E-62,3.76144159862012E-47,
-1.));
#4323=DIRECTION('ref_axis',(0.370078740157549,0.929000390787539,0.));
#4324=DIRECTION('center_axis',(0.,0.,-1.));
#4325=DIRECTION('ref_axis',(0.370078740157549,0.929000390787539,0.));
#4326=DIRECTION('',(-1.91309676098817E-62,-3.76144159862012E-47,1.));
#4327=DIRECTION('center_axis',(-3.69778549322349E-32,0.,1.));
#4328=DIRECTION('ref_axis',(0.370078740157549,0.929000390787539,0.));
#4329=DIRECTION('center_axis',(0.,0.,-1.));
#4330=DIRECTION('ref_axis',(-1.,5.08607328022848E-16,0.));
#4331=DIRECTION('',(-3.0626842058625E-16,-1.,0.));
#4332=DIRECTION('',(5.08607328022848E-16,1.,0.));
#4333=DIRECTION('center_axis',(0.707106781186547,7.53359062794597E-16,0.707106781186548));
#4334=DIRECTION('ref_axis',(0.707106781186548,0.,-0.707106781186547));
#4335=DIRECTION('center_axis',(0.707106781186547,7.53359062794597E-16,0.707106781186548));
#4336=DIRECTION('ref_axis',(0.707106781186548,7.25672985105946E-16,-0.707106781186547));
#4337=DIRECTION('',(1.0654106039408E-15,-1.,3.93965987557878E-47));
#4338=DIRECTION('',(-1.0654106039408E-15,1.,-3.93965987557878E-47));
#4339=DIRECTION('center_axis',(3.69778549322349E-32,0.,-1.));
#4340=DIRECTION('ref_axis',(1.,2.81229493190908E-31,3.69778549322349E-32));
#4341=DIRECTION('',(5.08607328022848E-16,1.,1.88072079931005E-47));
#4342=DIRECTION('center_axis',(-3.69778549322349E-32,0.,1.));
#4343=DIRECTION('ref_axis',(0.707106781186549,-0.707106781186546,0.));
#4344=DIRECTION('',(1.,-5.08607328022848E-16,3.69778549322349E-32));
#4345=DIRECTION('',(-6.01615696602308E-16,1.,-2.22464579539156E-47));
#4346=DIRECTION('',(1.,2.48557393572797E-16,3.69778549322349E-32));
#4347=DIRECTION('center_axis',(3.69778549322349E-32,0.,-1.));
#4348=DIRECTION('ref_axis',(-0.999999999996443,-2.66713890095186E-6,0.));
#4349=DIRECTION('',(5.08607328022848E-16,1.,1.88072079931005E-47));
#4350=DIRECTION('',(1.,-5.08607328022848E-16,3.69778549322349E-32));
#4351=DIRECTION('',(-5.08607328022848E-16,-1.,-1.88072079931005E-47));
#4352=DIRECTION('',(1.,2.48557393572797E-16,3.69778549322349E-32));
#4353=DIRECTION('',(6.19629630485364E-16,1.,2.29125745878021E-47));
#4354=DIRECTION('center_axis',(3.69778549322349E-32,0.,-1.));
#4355=DIRECTION('ref_axis',(-0.707106781186549,0.707106781186546,-2.61472919763158E-32));
#4356=DIRECTION('',(1.,-6.19629630485364E-16,3.69778549322349E-32));
#4357=DIRECTION('',(5.08607328022848E-16,1.,1.88072079931005E-47));
#4358=DIRECTION('center_axis',(3.69778549322349E-32,0.,-1.));
#4359=DIRECTION('ref_axis',(-0.707106781186548,0.707106781186548,-2.61472919763157E-32));
#4360=DIRECTION('',(-1.,-7.59142183354554E-16,3.82992666461944E-33));
#4361=DIRECTION('center_axis',(3.82992666461943E-33,1.54894542096459E-47,
1.));
#4362=DIRECTION('ref_axis',(0.707106781186547,0.707106781186548,-2.70816711599958E-33));
#4363=DIRECTION('',(-1.2677495113774E-15,1.,-1.06340665519633E-47));
#4364=DIRECTION('',(-1.,-1.37877181383992E-15,3.82992666461944E-33));
#4365=DIRECTION('center_axis',(3.82992666461943E-33,1.54894542096459E-47,
1.));
#4366=DIRECTION('ref_axis',(0.707106781186548,0.707106781186547,-2.70816711599959E-33));
#4367=DIRECTION('',(-1.37877181383992E-15,1.,-1.02088592753947E-47));
#4368=DIRECTION('',(-1.,-5.10584789781757E-16,3.82992666461943E-33));
#4369=DIRECTION('',(5.08607328022848E-16,1.,1.88072079931005E-47));
#4370=DIRECTION('',(1.,-5.08607328022848E-16,3.69778549322349E-32));
#4371=DIRECTION('',(-5.08607328022848E-16,-1.,-1.88072079931005E-47));
#4372=DIRECTION('center_axis',(3.69778549322349E-32,0.,-1.));
#4373=DIRECTION('ref_axis',(2.66713888766657E-6,-0.999999999996443,0.));
#4374=DIRECTION('',(-1.,-5.10584789781757E-16,3.82992666461943E-33));
#4375=DIRECTION('',(-1.57526486752246E-16,1.,-1.48861393176496E-47));
#4376=DIRECTION('',(-1.,-1.2677495113774E-15,3.82992666461943E-33));
#4377=DIRECTION('center_axis',(-3.82992666461943E-33,-1.54894542096459E-47,
-1.));
#4378=DIRECTION('ref_axis',(-0.707106781186548,-0.707106781186547,-2.34391248603162E-32));
#4379=DIRECTION('center_axis',(-3.69778549322349E-32,0.,1.));
#4380=DIRECTION('ref_axis',(0.37007874015767,0.929000390787492,0.));
#4381=DIRECTION('center_axis',(-3.82992666461943E-33,-1.54894542096459E-47,
-1.));
#4382=DIRECTION('ref_axis',(-0.707106781186548,0.707106781186547,-2.34391248603162E-32));
#4383=DIRECTION('',(1.,1.2677495113774E-15,-3.82992666461943E-33));
#4384=DIRECTION('',(-1.57526486752246E-16,1.,-1.48861393176496E-47));
#4385=DIRECTION('',(-1.,-7.1889389760448E-15,3.82992666461943E-33));
#4386=DIRECTION('',(-6.01615696602308E-16,1.,-2.22464579539156E-47));
#4387=DIRECTION('',(-1.,5.08607328022848E-16,-3.69778549322349E-32));
#4388=DIRECTION('center_axis',(-3.69778549322349E-32,0.,1.));
#4389=DIRECTION('ref_axis',(0.707106781186548,0.707106781186548,0.));
#4390=DIRECTION('',(-4.97470881902945E-16,-1.,-1.8395406104018E-47));
#4391=DIRECTION('',(1.,-5.08607328022848E-16,3.69778549322349E-32));
#4392=DIRECTION('',(-5.08607328022848E-16,-1.,-1.88072079931005E-47));
#4393=DIRECTION('',(-1.,5.08607328022848E-16,-3.69778549322349E-32));
#4394=DIRECTION('',(5.08607328022848E-16,1.,1.88072079931005E-47));
#4395=DIRECTION('center_axis',(3.69778549322349E-32,0.,-1.));
#4396=DIRECTION('ref_axis',(-2.66715288532118E-6,0.999999999996443,0.));
#4397=DIRECTION('',(-1.,5.08607328022848E-16,-3.69778549322349E-32));
#4398=DIRECTION('',(5.08607328022848E-16,1.,1.88072079931005E-47));
#4399=DIRECTION('',(1.,-5.08607328022848E-16,3.69778549322349E-32));
#4400=DIRECTION('center_axis',(3.69778549322349E-32,0.,-1.));
#4401=DIRECTION('ref_axis',(0.999999999996443,2.66713887434276E-6,0.));
#4402=DIRECTION('',(-5.08607328022848E-16,-1.,-1.88072079931005E-47));
#4403=DIRECTION('center_axis',(-3.82992666461943E-33,-4.08044448080118E-48,
-1.));
#4404=DIRECTION('ref_axis',(0.37007874015767,0.929000390787492,0.));
#4405=DIRECTION('',(-3.82992666461943E-33,-4.08044448080118E-48,-1.));
#4406=DIRECTION('center_axis',(0.,0.,1.));
#4407=DIRECTION('ref_axis',(0.37007874015767,0.929000390787492,0.));
#4408=DIRECTION('center_axis',(-1.,-1.0654106039408E-15,3.82992666461943E-33));
#4409=DIRECTION('ref_axis',(-1.0654106039408E-15,1.,-1.14090097288447E-47));
#4410=DIRECTION('',(-1.0654106039408E-15,1.,0.));
#4411=DIRECTION('center_axis',(0.,0.,-1.));
#4412=DIRECTION('ref_axis',(-1.,5.08607328022848E-16,0.));
#4413=DIRECTION('center_axis',(1.,-5.08607328022848E-16,0.));
#4414=DIRECTION('ref_axis',(5.08607328022848E-16,1.,0.));
#4415=DIRECTION('',(0.,0.,1.));
#4416=DIRECTION('',(5.08607328022848E-16,1.,1.88072079931005E-47));
#4417=DIRECTION('',(0.,0.,-1.));
#4418=DIRECTION('center_axis',(5.08607328022848E-16,1.,0.));
#4419=DIRECTION('ref_axis',(-1.,5.08607328022848E-16,-2.41178636971877E-15));
#4420=DIRECTION('',(0.,0.,1.));
#4421=DIRECTION('',(-1.,5.08607328022848E-16,-2.41178636971877E-15));
#4422=DIRECTION('',(0.,0.,1.));
#4423=DIRECTION('center_axis',(1.,-5.08607328022848E-16,0.));
#4424=DIRECTION('ref_axis',(5.08607328022848E-16,1.,0.));
#4425=DIRECTION('',(5.08607328022848E-16,1.,0.));
#4426=DIRECTION('',(0.,0.,1.));
#4427=DIRECTION('center_axis',(-5.08607328022848E-16,-1.,0.));
#4428=DIRECTION('ref_axis',(1.,-5.08607328022848E-16,0.));
#4429=DIRECTION('',(1.,-5.08607328022848E-16,0.));
#4430=DIRECTION('',(0.,0.,1.));
#4431=DIRECTION('center_axis',(-1.,5.08607328022848E-16,0.));
#4432=DIRECTION('ref_axis',(-5.08607328022848E-16,-1.,2.41178636971876E-15));
#4433=DIRECTION('',(-5.08607328022848E-16,-1.,2.41178636971876E-15));
#4434=DIRECTION('',(0.,0.,1.));
#4435=DIRECTION('center_axis',(0.,0.,1.));
#4436=DIRECTION('ref_axis',(-2.66715288532118E-6,0.999999999996443,0.));
#4437=DIRECTION('center_axis',(-2.96112664565016E-21,1.11022006349827E-15,
1.));
#4438=DIRECTION('ref_axis',(-2.66715288532118E-6,0.999999999996443,-1.11022006350222E-15));
#4439=DIRECTION('center_axis',(-2.96112664595507E-21,1.11022006349827E-15,
1.));
#4440=DIRECTION('ref_axis',(1.,-5.08607328022848E-16,2.96112664651973E-21));
#4441=DIRECTION('center_axis',(5.08607328022848E-16,1.,0.));
#4442=DIRECTION('ref_axis',(-1.,5.08607328022848E-16,0.));
#4443=DIRECTION('',(0.,0.,1.));
#4444=DIRECTION('',(-1.,5.08607328022848E-16,0.));
#4445=DIRECTION('',(0.,0.,1.));
#4446=DIRECTION('center_axis',(1.,-5.08607328022848E-16,0.));
#4447=DIRECTION('ref_axis',(5.08607328022848E-16,1.,0.));
#4448=DIRECTION('',(5.08607328022848E-16,1.,0.));
#4449=DIRECTION('',(0.,0.,1.));
#4450=DIRECTION('center_axis',(0.,0.,1.));
#4451=DIRECTION('ref_axis',(-0.999999999996443,-2.66713890095186E-6,0.));
#4452=DIRECTION('',(0.,0.,1.));
#4453=DIRECTION('center_axis',(-1.11022006348271E-15,-2.96111111993749E-21,
1.));
#4454=DIRECTION('ref_axis',(-0.999999999996443,-2.66713890095186E-6,-1.11022006348666E-15));
#4455=DIRECTION('',(0.,0.,1.));
#4456=DIRECTION('center_axis',(-1.,5.08607328022848E-16,0.));
#4457=DIRECTION('ref_axis',(-5.08607328022848E-16,-1.,0.));
#4458=DIRECTION('',(-5.08607328022848E-16,-1.,0.));
#4459=DIRECTION('center_axis',(0.,0.,1.));
#4460=DIRECTION('ref_axis',(1.,-5.08607328022848E-16,0.));
#4461=DIRECTION('',(1.,-5.08607328022848E-16,3.12163449529677E-33));
#4462=DIRECTION('center_axis',(-5.08607328022848E-16,-1.,0.));
#4463=DIRECTION('ref_axis',(1.,-5.08607328022848E-16,0.));
#4464=DIRECTION('',(0.,0.,1.));
#4465=DIRECTION('',(1.,-5.08607328022848E-16,0.));
#4466=DIRECTION('',(0.,0.,1.));
#4467=DIRECTION('center_axis',(-1.,5.08607328022848E-16,0.));
#4468=DIRECTION('ref_axis',(-5.08607328022848E-16,-1.,0.));
#4469=DIRECTION('',(-5.08607328022848E-16,-1.,0.));
#4470=DIRECTION('',(0.,0.,1.));
#4471=DIRECTION('center_axis',(5.08607328022848E-16,1.,0.));
#4472=DIRECTION('ref_axis',(-1.,5.08607328022848E-16,-1.36316241825924E-31));
#4473=DIRECTION('',(-1.,5.08607328022848E-16,-1.36316241825924E-31));
#4474=DIRECTION('',(0.,0.,1.));
#4475=DIRECTION('center_axis',(0.,0.,1.));
#4476=DIRECTION('ref_axis',(0.999999999996443,2.66713887434276E-6,0.));
#4477=DIRECTION('center_axis',(-5.15859583285903E-32,0.,1.));
#4478=DIRECTION('ref_axis',(0.999999999996443,2.66713887434276E-6,5.15859618005978E-32));
#4479=DIRECTION('',(0.,0.,1.));
#4480=DIRECTION('center_axis',(1.,-5.08607328022848E-16,0.));
#4481=DIRECTION('ref_axis',(5.08607328022848E-16,1.,1.4791141972894E-31));
#4482=DIRECTION('',(5.08607328022848E-16,1.,1.4791141972894E-31));
#4483=DIRECTION('center_axis',(-5.15859583285903E-32,0.,1.));
#4484=DIRECTION('ref_axis',(1.,-5.08607328022848E-16,5.15859583285903E-32));
#4485=DIRECTION('center_axis',(-1.,5.08607328022848E-16,0.));
#4486=DIRECTION('ref_axis',(-5.08607328022848E-16,-1.,0.));
#4487=DIRECTION('',(0.,0.,1.));
#4488=DIRECTION('',(-5.08607328022848E-16,-1.,0.));
#4489=DIRECTION('',(0.,0.,1.));
#4490=DIRECTION('center_axis',(5.08607328022848E-16,1.,0.));
#4491=DIRECTION('ref_axis',(-1.,5.08607328022848E-16,0.));
#4492=DIRECTION('',(-1.,5.08607328022848E-16,0.));
#4493=DIRECTION('',(0.,0.,1.));
#4494=DIRECTION('center_axis',(1.,-5.08607328022848E-16,0.));
#4495=DIRECTION('ref_axis',(5.08607328022848E-16,1.,-7.39557098644699E-32));
#4496=DIRECTION('',(5.08607328022848E-16,1.,-7.39557098644699E-32));
#4497=DIRECTION('',(0.,0.,1.));
#4498=DIRECTION('center_axis',(0.,0.,1.));
#4499=DIRECTION('ref_axis',(2.66713888766657E-6,-0.999999999996443,0.));
#4500=DIRECTION('center_axis',(-5.67980420992843E-32,-4.93038065763132E-32,
1.));
#4501=DIRECTION('ref_axis',(2.66713888766657E-6,-0.999999999996443,-4.62221953837856E-32));
#4502=DIRECTION('',(0.,0.,1.));
#4503=DIRECTION('center_axis',(-5.67980420992844E-32,-4.93038065763132E-32,
1.));
#4504=DIRECTION('ref_axis',(1.,-5.08607328022848E-16,5.67980420992843E-32));
#4505=DIRECTION('',(1.,-5.08607328022848E-16,7.34092501932777E-32));
#4506=DIRECTION('center_axis',(-5.10584789781757E-16,1.,-1.35339519087116E-47));
#4507=DIRECTION('ref_axis',(1.,5.10584789781757E-16,-3.82992666461943E-33));
#4508=DIRECTION('',(1.,1.2677495113774E-15,3.31479282676155E-32));
#4509=DIRECTION('',(-3.31479282676155E-32,-1.25819953193789E-47,1.));
#4510=DIRECTION('',(-3.82992666461943E-33,-1.54894542096459E-47,-1.));
#4511=DIRECTION('center_axis',(-3.82992666461943E-33,-1.54894542096459E-47,
-1.));
#4512=DIRECTION('ref_axis',(0.707106781186548,0.707106781186547,-2.70816711599959E-33));
#4513=DIRECTION('center_axis',(3.82992666461943E-33,1.54894542096459E-47,
1.));
#4514=DIRECTION('ref_axis',(0.707106781186548,0.707106781186547,-2.70816711599959E-33));
#4515=DIRECTION('',(-3.31479282676155E-32,-1.25819953193789E-47,1.));
#4516=DIRECTION('',(-3.31479282676155E-32,-1.25819953193789E-47,1.));
#4517=DIRECTION('center_axis',(-1.,-1.37877181383992E-15,3.82992666461943E-33));
#4518=DIRECTION('ref_axis',(1.37877181383992E-15,-1.,2.71170936169723E-31));
#4519=DIRECTION('',(1.37877181383992E-15,-1.,1.02088592753947E-47));
#4520=DIRECTION('center_axis',(-1.,-7.59142183354554E-16,3.82992666461943E-33));
#4521=DIRECTION('ref_axis',(-7.59142183354554E-16,1.,-1.25819953193789E-47));
#4522=DIRECTION('',(-1.2677495113774E-15,1.,-1.06340665519633E-47));
#4523=DIRECTION('',(-3.31479282676155E-32,-3.5494569907181E-47,1.));
#4524=DIRECTION('',(-3.31479282676155E-32,-1.25819953193789E-47,1.));
#4525=DIRECTION('center_axis',(3.82992666461943E-33,1.54894542096459E-47,
1.));
#4526=DIRECTION('ref_axis',(0.707106781186547,0.707106781186548,-2.70816711599958E-33));
#4527=DIRECTION('center_axis',(-3.82992666461943E-33,-1.54894542096459E-47,
-1.));
#4528=DIRECTION('ref_axis',(0.707106781186547,0.707106781186548,-2.70816711599958E-33));
#4529=DIRECTION('',(-3.31479282676155E-32,-1.25819953193789E-47,1.));
#4530=DIRECTION('center_axis',(-1.,-1.57526486752246E-16,-3.31479282676155E-32));
#4531=DIRECTION('ref_axis',(1.57526486752246E-16,-1.,2.77555756156289E-16));
#4532=DIRECTION('',(-3.31479282676155E-32,-1.25819953193789E-47,1.));
#4533=DIRECTION('',(-1.57526486752246E-16,1.,-2.77555756156289E-16));
#4534=DIRECTION('',(-3.31479282676155E-32,-1.25819953193789E-47,1.));
#4535=DIRECTION('center_axis',(-1.,-1.57526486752246E-16,-3.31479282676155E-32));
#4536=DIRECTION('ref_axis',(1.57526486752246E-16,-1.,-7.36031863626593E-48));
#4537=DIRECTION('',(-1.57526486752246E-16,1.,7.36031863626593E-48));
#4538=DIRECTION('',(-3.31479282676155E-32,-1.25819953193789E-47,1.));
#4539=DIRECTION('center_axis',(1.2677495113774E-15,-1.,2.94412745450638E-47));
#4540=DIRECTION('ref_axis',(1.,1.2677495113774E-15,5.55111512312573E-16));
#4541=DIRECTION('',(-3.31479282676155E-32,-1.25819953193789E-47,1.));
#4542=DIRECTION('',(-1.,-1.2677495113774E-15,-5.55111512312573E-16));
#4543=DIRECTION('center_axis',(3.31479282676155E-32,1.25819953193789E-47,
-1.));
#4544=DIRECTION('ref_axis',(-0.707106781186548,-0.707106781186547,-2.34391248603162E-32));
#4545=DIRECTION('center_axis',(3.82992666461943E-33,1.54894542096459E-47,
1.));
#4546=DIRECTION('ref_axis',(-0.707106781186548,-0.707106781186547,-2.34391248603162E-32));
#4547=DIRECTION('center_axis',(-1.2677495113774E-15,1.,-2.94412745450638E-47));
#4548=DIRECTION('ref_axis',(-1.,-1.2677495113774E-15,-3.56131185964314E-32));
#4549=DIRECTION('',(3.31479282676155E-32,1.25819953193789E-47,-1.));
#4550=DIRECTION('',(-1.,-1.2677495113774E-15,-3.56131185964314E-32));
#4551=DIRECTION('center_axis',(-3.31479282676155E-32,-1.25819953193789E-47,
1.));
#4552=DIRECTION('ref_axis',(-0.707106781186548,0.707106781186547,-2.34391248603162E-32));
#4553=DIRECTION('center_axis',(3.82992666461943E-33,1.54894542096459E-47,
1.));
#4554=DIRECTION('ref_axis',(-0.707106781186548,0.707106781186547,-2.34391248603162E-32));
#4555=DIRECTION('center_axis',(2.48557393572797E-16,-1.,9.1911192418693E-48));
#4556=DIRECTION('ref_axis',(-1.,-2.48557393572797E-16,-3.69778549322349E-32));
#4557=DIRECTION('',(-1.,5.08607328022848E-16,0.));
#4558=DIRECTION('',(3.69778549322349E-32,2.43086534291451E-63,-1.));
#4559=DIRECTION('',(0.,0.,1.));
#4560=DIRECTION('center_axis',(-3.69778549322349E-32,0.,1.));
#4561=DIRECTION('ref_axis',(-0.707106781186549,0.707106781186546,-2.61472919763158E-32));
#4562=DIRECTION('center_axis',(3.69778549322349E-32,0.,-1.));
#4563=DIRECTION('ref_axis',(-0.707106781186549,0.707106781186546,-2.61472919763158E-32));
#4564=DIRECTION('',(0.,0.,1.));
#4565=DIRECTION('',(0.,0.,1.));
#4566=DIRECTION('center_axis',(-1.,6.19629630485364E-16,-3.69778549322349E-32));
#4567=DIRECTION('ref_axis',(-6.19629630485364E-16,-1.,2.71170936169723E-31));
#4568=DIRECTION('',(-6.19629630485364E-16,-1.,-2.29125745878021E-47));
#4569=DIRECTION('center_axis',(-1.,-2.81229493190908E-31,-3.69778549322349E-32));
#4570=DIRECTION('ref_axis',(-2.81229493190908E-31,1.,-1.03992634018794E-62));
#4571=DIRECTION('',(5.08607328022848E-16,1.,1.88072079931005E-47));
#4572=DIRECTION('',(0.,0.,1.));
#4573=DIRECTION('',(-1.16535033392262E-62,-2.29125745878021E-47,1.));
#4574=DIRECTION('center_axis',(3.69778549322349E-32,0.,-1.));
#4575=DIRECTION('ref_axis',(-0.707106781186548,0.707106781186548,-2.61472919763157E-32));
#4576=DIRECTION('center_axis',(-3.69778549322349E-32,0.,1.));
#4577=DIRECTION('ref_axis',(-0.707106781186548,0.707106781186548,-2.61472919763157E-32));
#4578=DIRECTION('',(0.,0.,1.));
#4579=DIRECTION('center_axis',(-2.81229493190908E-31,1.,-1.03992634018794E-62));
#4580=DIRECTION('ref_axis',(1.,2.81229493190908E-31,3.69778549322349E-32));
#4581=DIRECTION('',(-1.,-7.59142183354554E-16,3.82992666461944E-33));
#4582=DIRECTION('center_axis',(-1.,3.0626842058625E-16,-3.69778549322349E-32));
#4583=DIRECTION('ref_axis',(3.0626842058625E-16,1.,1.13251492267631E-47));
#4584=DIRECTION('center_axis',(0.,-1.,0.));
#4585=DIRECTION('ref_axis',(0.,0.,-1.));
#4586=DIRECTION('',(1.,0.,3.69778549322349E-32));
#4587=DIRECTION('',(0.,0.,1.));
#4588=DIRECTION('center_axis',(-1.,-6.01615696602308E-16,0.));
#4589=DIRECTION('ref_axis',(6.01615696602308E-16,-1.,2.77555756156289E-16));
#4590=DIRECTION('',(-6.01615696602308E-16,1.,-2.77555756156289E-16));
#4591=DIRECTION('',(0.,0.,1.));
#4592=DIRECTION('center_axis',(-1.,-6.01615696602308E-16,0.));
#4593=DIRECTION('ref_axis',(6.01615696602308E-16,-1.,0.));
#4594=DIRECTION('',(0.,0.,1.));
#4595=DIRECTION('',(-6.01615696602308E-16,1.,0.));
#4596=DIRECTION('center_axis',(5.08607328022848E-16,1.,0.));
#4597=DIRECTION('ref_axis',(-1.,5.08607328022848E-16,5.55111512312573E-16));
#4598=DIRECTION('',(0.,0.,1.));
#4599=DIRECTION('',(1.,-5.08607328022848E-16,-5.55111512312573E-16));
#4600=DIRECTION('center_axis',(0.,0.,1.));
#4601=DIRECTION('ref_axis',(0.707106781186549,-0.707106781186546,0.));
#4602=DIRECTION('center_axis',(3.69778549322349E-32,0.,-1.));
#4603=DIRECTION('ref_axis',(0.707106781186549,-0.707106781186546,0.));
#4604=DIRECTION('center_axis',(-5.08607328022848E-16,-1.,0.));
#4605=DIRECTION('ref_axis',(1.,-5.08607328022848E-16,-2.46519032881593E-33));
#4606=DIRECTION('',(0.,0.,-1.));
#4607=DIRECTION('',(1.,-5.08607328022848E-16,-2.46519032881593E-33));
#4608=DIRECTION('center_axis',(0.,0.,-1.));
#4609=DIRECTION('ref_axis',(0.707106781186548,0.707106781186548,0.));
#4610=DIRECTION('center_axis',(3.69778549322349E-32,0.,-1.));
#4611=DIRECTION('ref_axis',(0.707106781186548,0.707106781186548,0.));
#4612=DIRECTION('center_axis',(3.69778549322349E-32,0.,-1.));
#4613=DIRECTION('ref_axis',(-1.,-2.81229493190908E-31,-3.69778549322349E-32));
#4614=DIRECTION('',(1.,1.37877181383992E-15,-3.82992666461943E-33));
#4615=DIRECTION('center_axis',(6.19629630485364E-16,1.,2.29125745878021E-47));
#4616=DIRECTION('ref_axis',(-1.,6.19629630485364E-16,5.55111512312585E-17));
#4617=DIRECTION('',(1.,1.37877181383992E-15,-3.82992666461944E-33));
#4618=DIRECTION('center_axis',(3.69778549322349E-32,0.,-1.));
#4619=DIRECTION('ref_axis',(-1.,-2.81229493190908E-31,-3.69778549322349E-32));
#4620=DIRECTION('',(2.77555756156288E-16,-7.39557098644698E-32,0.999999999999998));
#4621=DIRECTION('',(0.999999999999999,7.14837123391552E-32,-2.77555756156291E-16));
#4622=DIRECTION('',(1.55431223447521E-15,-1.2246467991473E-16,-1.));
#4623=DIRECTION('',(1.,-3.14318298713444E-16,1.55431223447521E-15));
#4624=CARTESIAN_POINT('',(0.,0.,0.));
#4625=CARTESIAN_POINT('',(0.,0.,0.));
#4626=CARTESIAN_POINT('Ctrl Pts',(12.6179514065385,-45.4502008914948,-1.69));
#4627=CARTESIAN_POINT('Ctrl Pts',(12.7960684900233,-45.5161182373514,-1.69));
#4628=CARTESIAN_POINT('Ctrl Pts',(13.0918630279668,-45.625585507299,-1.58595677823502));
#4629=CARTESIAN_POINT('Ctrl Pts',(13.3573985922091,-45.7238545743808,-1.25207904846053));
#4630=CARTESIAN_POINT('Ctrl Pts',(13.4117014065385,-45.7439508914948,-1.01499472232318));
#4631=CARTESIAN_POINT('Ctrl Pts',(13.4117014065385,-45.7439508914948,-0.896249999999992));
#4632=CARTESIAN_POINT('Ctrl Pts',(12.6179514065385,-45.4502008914948,-1.69));
#4633=CARTESIAN_POINT('Ctrl Pts',(12.7773685337519,-45.5348181936227,-1.69));
#4634=CARTESIAN_POINT('Ctrl Pts',(13.0427674324812,-45.675235967881,-1.61215329084167));
#4635=CARTESIAN_POINT('Ctrl Pts',(13.3353910659667,-45.83167969274,-1.30604848658297));
#4636=CARTESIAN_POINT('Ctrl Pts',(13.4117014065385,-45.8748505853944,-1.0347707160001));
#4637=CARTESIAN_POINT('Ctrl Pts',(13.4117014065385,-45.8748505853944,-0.896249999999992));
#4638=CARTESIAN_POINT('Ctrl Pts',(12.6179514065385,-45.4502008914948,-1.69));
#4639=CARTESIAN_POINT('Ctrl Pts',(12.7399686212092,-45.5722181061655,-1.69));
#4640=CARTESIAN_POINT('Ctrl Pts',(12.9429678648819,-45.7752173498382,-1.63787044485981));
#4641=CARTESIAN_POINT('Ctrl Pts',(13.2148557074056,-46.0471051923619,-1.36603836810487));
#4642=CARTESIAN_POINT('Ctrl Pts',(13.3032673941119,-46.1355168790682,-1.0572187242581));
#4643=CARTESIAN_POINT('Ctrl Pts',(13.3032673941119,-46.1355168790682,-0.896249999999994));
#4644=CARTESIAN_POINT('Ctrl Pts',(12.6179514065385,-45.4502008914948,-1.69));
#4645=CARTESIAN_POINT('Ctrl Pts',(12.7025687086664,-45.6096180187082,-1.69));
#4646=CARTESIAN_POINT('Ctrl Pts',(12.8429864829247,-45.8750169174375,-1.61215329084167));
#4647=CARTESIAN_POINT('Ctrl Pts',(12.9994302077837,-46.167640550923,-1.30604848658297));
#4648=CARTESIAN_POINT('Ctrl Pts',(13.0426011004381,-46.2439508914948,-1.0347707160001));
#4649=CARTESIAN_POINT('Ctrl Pts',(13.0426011004381,-46.2439508914948,-0.896249999999997));
#4650=CARTESIAN_POINT('Ctrl Pts',(12.6179514065385,-45.4502008914948,-1.69));
#4651=CARTESIAN_POINT('Ctrl Pts',(12.6838687523951,-45.6283179749796,-1.69));
#4652=CARTESIAN_POINT('Ctrl Pts',(12.7933360223427,-45.9241125129231,-1.58595677823502));
#4653=CARTESIAN_POINT('Ctrl Pts',(12.8916050894244,-46.1896480771654,-1.25207904846053));
#4654=CARTESIAN_POINT('Ctrl Pts',(12.9117014065385,-46.2439508914948,-1.01499472232318));
#4655=CARTESIAN_POINT('Ctrl Pts',(12.9117014065385,-46.2439508914948,-0.896249999999999));
#4656=CARTESIAN_POINT('',(12.9117014065385,-46.2439508914948,-0.896249999999998));
#4657=CARTESIAN_POINT('',(13.4117014065385,-45.7439508914948,-0.896249999999998));
#4658=CARTESIAN_POINT('Origin',(12.9117014065385,-45.7439508914948,-0.896249999999998));
#4659=CARTESIAN_POINT('',(12.6179514065385,-45.4502008914948,-1.69));
#4660=CARTESIAN_POINT('Origin',(12.6179514065385,-45.4502008914948,-0.896249999999998));
#4661=CARTESIAN_POINT('Origin',(12.6179514065385,-45.4502008914948,-0.896249999999998));
#4662=CARTESIAN_POINT('Origin',(10.3179511137307,-26.4439509987832,-0.896250000000001));
#4663=CARTESIAN_POINT('',(10.3179511137307,-21.4151690909379,-1.69));
#4664=CARTESIAN_POINT('',(10.3179511137307,-23.8439511060715,-1.69));
#4665=CARTESIAN_POINT('',(10.3179511137307,-26.4439509987832,-1.69));
#4666=CARTESIAN_POINT('',(11.1117011137307,-23.8439511060715,-0.896250000000001));
#4667=CARTESIAN_POINT('Origin',(10.3179511137307,-23.8439511060715,-0.896250000000001));
#4668=CARTESIAN_POINT('',(11.1117011137307,-21.7439511060715,-0.896250000000001));
#4669=CARTESIAN_POINT('',(11.1117011137307,-26.4439509987832,-0.896250000000001));
#4670=CARTESIAN_POINT('Origin',(10.3179511137307,-21.4151690909379,-0.896250000000001));
#4671=CARTESIAN_POINT('Origin',(12.6179514065385,-24.2939508914948,-0.896250000000001));
#4672=CARTESIAN_POINT('',(12.6179514065385,-20.5439511060715,-1.69));
#4673=CARTESIAN_POINT('',(13.4117014065385,-20.5439511060715,-0.896250000000002));
#4674=CARTESIAN_POINT('Origin',(12.6179514065385,-20.5439511060715,-0.896250000000002));
#4675=CARTESIAN_POINT('',(13.4117014065385,-18.1439508914948,-0.896250000000002));
#4676=CARTESIAN_POINT('',(13.4117014065385,-24.2939508914948,-0.896250000000001));
#4677=CARTESIAN_POINT('',(12.6179514065385,-18.1439508914948,-1.69));
#4678=CARTESIAN_POINT('Origin',(12.6179514065385,-18.1439508914948,-0.896250000000002));
#4679=CARTESIAN_POINT('',(12.6179514065385,-24.2939508914948,-1.69));
#4680=CARTESIAN_POINT('Ctrl Pts',(13.4117014065385,-20.5439511060715,-0.896250000000001));
#4681=CARTESIAN_POINT('Ctrl Pts',(13.4117014065385,-21.5439511060715,-0.896250000000001));
#4682=CARTESIAN_POINT('Ctrl Pts',(12.4117014065385,-21.5439511060715,-0.896250000000001));
#4683=CARTESIAN_POINT('Ctrl Pts',(13.4117014065385,-20.5439511060715,-1.69));
#4684=CARTESIAN_POINT('Ctrl Pts',(13.4117014065385,-21.5439511060715,-1.69));
#4685=CARTESIAN_POINT('Ctrl Pts',(12.4117014065385,-21.5439511060715,-1.69));
#4686=CARTESIAN_POINT('Ctrl Pts',(12.6179514065385,-20.5439511060715,-1.69));
#4687=CARTESIAN_POINT('Ctrl Pts',(12.6179514065385,-20.7502011060715,-1.69));
#4688=CARTESIAN_POINT('Ctrl Pts',(12.4117014065385,-20.7502011060715,-1.69));
#4689=CARTESIAN_POINT('',(12.4117014065385,-20.7502011060715,-1.69));
#4690=CARTESIAN_POINT('',(12.4117014065385,-21.5439511060715,-0.896250000000001));
#4691=CARTESIAN_POINT('Origin',(12.4117014065385,-20.7502011060715,-0.896250000000002));
#4692=CARTESIAN_POINT('Origin',(12.4117014065385,-20.5439511060715,-0.896250000000002));
#4693=CARTESIAN_POINT('Origin',(12.4117014065385,-20.5439511060715,-1.69));
#4694=CARTESIAN_POINT('Origin',(6.5617014065385,-20.7502011060715,-0.896250000000002));
#4695=CARTESIAN_POINT('',(11.3117011137307,-21.5439511060715,-0.896250000000001));
#4696=CARTESIAN_POINT('',(6.5617014065385,-21.5439511060715,-0.896250000000001));
#4697=CARTESIAN_POINT('',(10.9829190985971,-20.7502011060715,-1.69));
#4698=CARTESIAN_POINT('',(6.5617014065385,-20.7502011060715,-1.69));
#4699=CARTESIAN_POINT('Origin',(10.9829190985971,-20.7502011060715,-0.896250000000002));
#4700=CARTESIAN_POINT('Origin',(5.42543523301,-26.3076849716586,-0.896250000000001));
#4701=CARTESIAN_POINT('',(5.98670124057682,-26.8689509792254,-0.896250000000001));
#4702=CARTESIAN_POINT('',(5.42543523301,-26.3076849716586,-1.69));
#4703=CARTESIAN_POINT('Origin',(11.6117011137307,-23.8439511060715,-0.896250000000001));
#4704=CARTESIAN_POINT('',(11.6117011137307,-25.1377011060715,-1.69));
#4705=CARTESIAN_POINT('',(11.6117011137307,-24.3439511060715,-0.896250000000001));
#4706=CARTESIAN_POINT('Origin',(11.6117011137307,-25.1377011060715,-0.896250000000001));
#4707=CARTESIAN_POINT('Origin',(11.6117011137307,-23.8439511060715,-0.896250000000001));
#4708=CARTESIAN_POINT('Origin',(11.6117011137307,-23.8439511060715,-1.69));
#4709=CARTESIAN_POINT('Origin',(-6.5382984470576,-25.1377011060715,-0.896250000000001));
#4710=CARTESIAN_POINT('',(12.4117014065385,-25.1377011060715,-1.69));
#4711=CARTESIAN_POINT('',(12.4117014065385,-24.3439511060715,-0.896250000000001));
#4712=CARTESIAN_POINT('Origin',(12.4117014065385,-25.1377011060715,-0.896250000000001));
#4713=CARTESIAN_POINT('',(-6.5382984470576,-24.3439511060715,-0.896250000000001));
#4714=CARTESIAN_POINT('',(-6.5382984470576,-25.1377011060715,-1.69));
#4715=CARTESIAN_POINT('Ctrl Pts',(12.4117014065385,-24.3439511060715,-0.896250000000001));
#4716=CARTESIAN_POINT('Ctrl Pts',(13.4117014065385,-24.3439511060715,-0.896250000000001));
#4717=CARTESIAN_POINT('Ctrl Pts',(13.4117014065385,-25.3439511060715,-0.896250000000001));
#4718=CARTESIAN_POINT('Ctrl Pts',(12.4117014065385,-24.3439511060715,-1.69000000000003));
#4719=CARTESIAN_POINT('Ctrl Pts',(13.4117014065385,-24.3439511060715,-1.69000000000003));
#4720=CARTESIAN_POINT('Ctrl Pts',(13.4117014065385,-25.3439511060715,-1.69000000000003));
#4721=CARTESIAN_POINT('Ctrl Pts',(12.4117014065385,-25.1377011060715,-1.69));
#4722=CARTESIAN_POINT('Ctrl Pts',(12.6179514065385,-25.1377011060715,-1.69));
#4723=CARTESIAN_POINT('Ctrl Pts',(12.6179514065385,-25.3439511060715,-1.69));
#4724=CARTESIAN_POINT('',(12.6179514065385,-25.3439511060715,-1.69));
#4725=CARTESIAN_POINT('',(13.4117014065385,-25.3439511060715,-0.896250000000001));
#4726=CARTESIAN_POINT('Origin',(12.6179514065385,-25.3439511060715,-0.896250000000001));
#4727=CARTESIAN_POINT('Origin',(12.4117014065385,-25.3439511060715,-0.896250000000001));
#4728=CARTESIAN_POINT('Origin',(12.4117014065385,-25.3439511060715,-1.69));
#4729=CARTESIAN_POINT('Origin',(12.6179514065385,-24.2939508914948,-0.896250000000001));
#4730=CARTESIAN_POINT('',(13.4117014065385,-24.2939508914948,-0.896250000000001));
#4731=CARTESIAN_POINT('',(12.6179514065385,-24.2939508914948,-1.69));
#4732=CARTESIAN_POINT('Origin',(-6.7382985934615,-45.4502008914948,-0.896249999999998));
#4733=CARTESIAN_POINT('',(-10.0882985934615,-45.4502008914948,-1.69));
#4734=CARTESIAN_POINT('',(-6.7382985934615,-45.4502008914948,-1.69));
#4735=CARTESIAN_POINT('',(-10.0882985934615,-46.2439508914948,-0.896249999999998));
#4736=CARTESIAN_POINT('Origin',(-10.0882985934615,-45.4502008914948,-0.896249999999998));
#4737=CARTESIAN_POINT('',(-6.7382985934615,-46.2439508914948,-0.896249999999998));
#4738=CARTESIAN_POINT('Ctrl Pts',(-10.0882985934615,-46.2439508914948,-0.896249999999998));
#4739=CARTESIAN_POINT('Ctrl Pts',(-11.0882985934615,-46.2439508914948,-0.896249999999998));
#4740=CARTESIAN_POINT('Ctrl Pts',(-11.0882985934615,-45.2439508914948,-0.896249999999998));
#4741=CARTESIAN_POINT('Ctrl Pts',(-10.0882985934615,-46.2439508914948,-1.69));
#4742=CARTESIAN_POINT('Ctrl Pts',(-11.0882985934615,-46.2439508914948,-1.69));
#4743=CARTESIAN_POINT('Ctrl Pts',(-11.0882985934615,-45.2439508914948,-1.69));
#4744=CARTESIAN_POINT('Ctrl Pts',(-10.0882985934615,-45.4502008914948,-1.69));
#4745=CARTESIAN_POINT('Ctrl Pts',(-10.2945485934615,-45.4502008914948,-1.69));
#4746=CARTESIAN_POINT('Ctrl Pts',(-10.2945485934615,-45.2439508914948,-1.69));
#4747=CARTESIAN_POINT('',(-10.2945485934615,-45.2439508914948,-1.69));
#4748=CARTESIAN_POINT('',(-11.0882985934615,-45.2439508914948,-0.896249999999998));
#4749=CARTESIAN_POINT('Origin',(-10.2945485934615,-45.2439508914948,-0.896249999999998));
#4750=CARTESIAN_POINT('Origin',(-10.0882985934615,-45.2439508914948,-0.896249999999998));
#4751=CARTESIAN_POINT('Origin',(-10.0882985934615,-45.2439508914948,-1.69));
#4752=CARTESIAN_POINT('Origin',(-10.2945485934615,-38.4439508914948,-0.896249999999999));
#4753=CARTESIAN_POINT('',(-10.4882987573742,-44.4439510777593,-1.66599017465882));
#4754=CARTESIAN_POINT('',(-11.0882985934615,-44.4439510777593,-0.896249999999999));
#4755=CARTESIAN_POINT('Origin',(-10.2945485934615,-44.4439510777593,-0.896249999999999));
#4756=CARTESIAN_POINT('',(-11.0882985934615,-38.4439508914948,-0.896249999999999));
#4757=CARTESIAN_POINT('',(-10.2945485934615,-44.4439510777593,-1.69));
#4758=CARTESIAN_POINT('',(-10.2945485934615,-38.4439508914948,-1.69));
#4759=CARTESIAN_POINT('Origin',(-10.2945485934615,-44.4439510777593,-0.896249999999999));
#4760=CARTESIAN_POINT('Origin',(-10.2945485934615,-38.4439508914948,-0.896249999999999));
#4761=CARTESIAN_POINT('',(-10.9781967439521,-44.0439508914947,-1.29956658635719));
#4762=CARTESIAN_POINT('Ctrl Pts',(-10.4882987573743,-44.4439510777593,-1.6659901746588));
#4763=CARTESIAN_POINT('Ctrl Pts',(-10.5593622322746,-44.4439510777593,-1.64810289221802));
#4764=CARTESIAN_POINT('Ctrl Pts',(-10.6305795343099,-44.428154166849,-1.61898673460339));
#4765=CARTESIAN_POINT('Ctrl Pts',(-10.7556159048341,-44.3720141451892,-1.54639003565177));
#4766=CARTESIAN_POINT('Ctrl Pts',(-10.8095887200434,-44.3318374454584,-1.50304585168172));
#4767=CARTESIAN_POINT('Ctrl Pts',(-10.8910925465229,-44.2457826592376,-1.42283168956874));
#4768=CARTESIAN_POINT('Ctrl Pts',(-10.9258112126305,-44.1940117853019,-1.37934077401359));
#4769=CARTESIAN_POINT('Ctrl Pts',(-10.9620103947859,-44.1069975468798,-1.3263561788431));
#4770=CARTESIAN_POINT('Ctrl Pts',(-10.9715371074913,-44.076425926692,-1.31085019428556));
#4771=CARTESIAN_POINT('Ctrl Pts',(-10.9781354812343,-44.0442506628254,-1.29967041391484));
#4772=CARTESIAN_POINT('Ctrl Pts',(-10.978166145505,-44.0441007929497,-1.29961845273823));
#4773=CARTESIAN_POINT('Ctrl Pts',(-10.978196743952,-44.0439508914947,-1.29956658635729));
#4774=CARTESIAN_POINT('',(-11.0882985934615,-44.0439508914947,-0.896249999999999));
#4775=CARTESIAN_POINT('Origin',(-10.2945485934615,-44.0439508914947,-0.896249999999999));
#4776=CARTESIAN_POINT('',(-11.0882985934615,-38.4439508914948,-0.896249999999999));
#4777=CARTESIAN_POINT('Origin',(-5.402032419933,-26.3076849716586,-0.896250000000001));
#4778=CARTESIAN_POINT('',(-11.2882983006537,-21.5439511060715,-0.896250000000001));
#4779=CARTESIAN_POINT('',(-11.0882983006537,-21.7439511060715,-0.896250000000001));
#4780=CARTESIAN_POINT('',(-5.96329842749983,-26.8689509792254,-0.896250000000001));
#4781=CARTESIAN_POINT('',(-10.2945485934615,-21.4151687981301,-1.69));
#4782=CARTESIAN_POINT('Origin',(-10.2945485934615,-21.4151687981301,-0.896250000000001));
#4783=CARTESIAN_POINT('',(-10.9595162855201,-20.7502011060715,-1.69));
#4784=CARTESIAN_POINT('',(-5.402032419933,-26.3076849716586,-1.69));
#4785=CARTESIAN_POINT('Origin',(-10.9595162855201,-20.7502011060715,-0.896250000000001));
#4786=CARTESIAN_POINT('Origin',(-11.5882985934615,-44.0439508914947,-0.896249999999999));
#4787=CARTESIAN_POINT('',(-11.3564145988384,-43.6009725477378,-0.896249999999999));
#4788=CARTESIAN_POINT('',(-10.9882987573743,-42.8977444270236,-1.69));
#4789=CARTESIAN_POINT('Origin',(-10.9882987573743,-42.8977444270236,-0.896249999999999));
#4790=CARTESIAN_POINT('',(-11.5882985934615,-42.7502008914947,-1.69));
#4791=CARTESIAN_POINT('Origin',(-11.5882985934615,-44.0439508914947,-1.69));
#4792=CARTESIAN_POINT('',(-11.5882985934615,-43.5439508914948,-0.896249999999999));
#4793=CARTESIAN_POINT('Origin',(-11.5882985934615,-42.7502008914947,-0.896249999999999));
#4794=CARTESIAN_POINT('Origin',(-11.5882985934615,-44.0439508914947,-0.896249999999999));
#4795=CARTESIAN_POINT('Origin',(-5.53829859346151,-42.7502008914948,-0.896249999999999));
#4796=CARTESIAN_POINT('',(-12.3882985934615,-42.7502008914948,-1.69));
#4797=CARTESIAN_POINT('',(-12.3882985934615,-43.5439508914948,-0.896249999999999));
#4798=CARTESIAN_POINT('Origin',(-12.3882985934615,-42.7502008914948,-0.896249999999999));
#4799=CARTESIAN_POINT('',(-5.53829859346151,-43.5439508914948,-0.896249999999999));
#4800=CARTESIAN_POINT('',(-5.53829859346151,-42.7502008914948,-1.69));
#4801=CARTESIAN_POINT('Ctrl Pts',(-12.3882985934615,-43.5439508914948,-0.896249999999998));
#4802=CARTESIAN_POINT('Ctrl Pts',(-13.3882985934615,-43.5439508914948,-0.896249999999998));
#4803=CARTESIAN_POINT('Ctrl Pts',(-13.3882985934615,-42.5439508914948,-0.896249999999999));
#4804=CARTESIAN_POINT('Ctrl Pts',(-12.3882985934615,-43.5439508914948,-1.69000000000001));
#4805=CARTESIAN_POINT('Ctrl Pts',(-13.3882985934615,-43.5439508914948,-1.69000000000001));
#4806=CARTESIAN_POINT('Ctrl Pts',(-13.3882985934615,-42.5439508914948,-1.69000000000001));
#4807=CARTESIAN_POINT('Ctrl Pts',(-12.3882985934615,-42.7502008914948,-1.69));
#4808=CARTESIAN_POINT('Ctrl Pts',(-12.5945485934615,-42.7502008914948,-1.69));
#4809=CARTESIAN_POINT('Ctrl Pts',(-12.5945485934615,-42.5439508914948,-1.69));
#4810=CARTESIAN_POINT('',(-12.5945485934615,-42.5439508914948,-1.69));
#4811=CARTESIAN_POINT('',(-13.3882985934615,-42.5439508914948,-0.896249999999999));
#4812=CARTESIAN_POINT('Origin',(-12.5945485934615,-42.5439508914948,-0.896249999999999));
#4813=CARTESIAN_POINT('Origin',(-12.3882985934615,-42.5439508914948,-0.896249999999999));
#4814=CARTESIAN_POINT('Origin',(-12.3882985934615,-42.5439508914948,-1.69));
#4815=CARTESIAN_POINT('Origin',(-12.5945485934615,-38.3939508914948,-0.896249999999999));
#4816=CARTESIAN_POINT('',(-12.5945485934615,-25.3439511060715,-1.69));
#4817=CARTESIAN_POINT('',(-13.3882985934615,-25.3439511060715,-0.896250000000001));
#4818=CARTESIAN_POINT('Origin',(-12.5945485934615,-25.3439511060715,-0.896250000000001));
#4819=CARTESIAN_POINT('',(-13.3882985934615,-38.3939508914948,-0.896249999999999));
#4820=CARTESIAN_POINT('',(-12.5945485934615,-38.3939508914948,-1.69));
#4821=CARTESIAN_POINT('Ctrl Pts',(-13.3882985934615,-25.3439511060715,-0.896250000000001));
#4822=CARTESIAN_POINT('Ctrl Pts',(-13.3882985934615,-24.3439511060715,-0.896250000000001));
#4823=CARTESIAN_POINT('Ctrl Pts',(-12.3882985934615,-24.3439511060715,-0.896250000000001));
#4824=CARTESIAN_POINT('Ctrl Pts',(-13.3882985934615,-25.3439511060715,-1.69000000000002));
#4825=CARTESIAN_POINT('Ctrl Pts',(-13.3882985934615,-24.3439511060715,-1.69000000000002));
#4826=CARTESIAN_POINT('Ctrl Pts',(-12.3882985934615,-24.3439511060715,-1.69000000000002));
#4827=CARTESIAN_POINT('Ctrl Pts',(-12.5945485934615,-25.3439511060715,-1.69));
#4828=CARTESIAN_POINT('Ctrl Pts',(-12.5945485934615,-25.1377011060715,-1.69));
#4829=CARTESIAN_POINT('Ctrl Pts',(-12.3882985934615,-25.1377011060715,-1.69));
#4830=CARTESIAN_POINT('',(-12.3882985934615,-25.1377011060715,-1.69));
#4831=CARTESIAN_POINT('',(-12.3882985934615,-24.3439511060715,-0.896250000000001));
#4832=CARTESIAN_POINT('Origin',(-12.3882985934615,-25.1377011060715,-0.896250000000001));
#4833=CARTESIAN_POINT('Origin',(-12.3882985934615,-25.3439511060715,-0.896250000000001));
#4834=CARTESIAN_POINT('Origin',(-12.3882985934615,-25.3439511060715,-1.69));
#4835=CARTESIAN_POINT('Origin',(-6.5382984470576,-25.1377011060715,-0.896250000000001));
#4836=CARTESIAN_POINT('',(-11.5882985934615,-25.1377011060715,-1.69));
#4837=CARTESIAN_POINT('',(-11.5882985934615,-24.3439511060715,-0.896250000000001));
#4838=CARTESIAN_POINT('Origin',(-11.5882985934615,-25.1377011060715,-0.896250000000001));
#4839=CARTESIAN_POINT('',(-6.5382984470576,-24.3439511060715,-0.896250000000001));
#4840=CARTESIAN_POINT('',(-6.5382984470576,-25.1377011060715,-1.69));
#4841=CARTESIAN_POINT('Origin',(-11.5882985934615,-23.8439511060715,-0.896250000000001));
#4842=CARTESIAN_POINT('',(-10.9882987573743,-24.9901575705426,-1.69));
#4843=CARTESIAN_POINT('',(-10.9882987573743,-24.943950779736,-1.68895308283787));
#4844=CARTESIAN_POINT('Ctrl Pts',(-10.9882987573743,-24.9901575705426,-1.69));
#4845=CARTESIAN_POINT('Ctrl Pts',(-10.9882987573743,-24.9749780671362,-1.69));
#4846=CARTESIAN_POINT('Ctrl Pts',(-10.9882987573743,-24.959555373277,-1.68965737774258));
#4847=CARTESIAN_POINT('Ctrl Pts',(-10.9882987573743,-24.943950779736,-1.68895308283787));
#4848=CARTESIAN_POINT('',(-10.4882987573743,-24.443950779736,-1.68895308617002));
#4849=CARTESIAN_POINT('Ctrl Pts',(-10.9882987573743,-24.943950779736,-1.68895308283787));
#4850=CARTESIAN_POINT('Ctrl Pts',(-10.9882987573743,-24.9104610025582,-1.68744156128721));
#4851=CARTESIAN_POINT('Ctrl Pts',(-10.9849386093735,-24.8769934713306,-1.68436793352417));
#4852=CARTESIAN_POINT('Ctrl Pts',(-10.9693285829115,-24.8004872688827,-1.67545096986788));
#4853=CARTESIAN_POINT('Ctrl Pts',(-10.9546567719089,-24.7581608698558,-1.66909295602887));
#4854=CARTESIAN_POINT('Ctrl Pts',(-10.918584281372,-24.6868807007892,-1.65975563227774));
#4855=CARTESIAN_POINT('Ctrl Pts',(-10.8993862257509,-24.6571028880087,-1.6563946431812));
#4856=CARTESIAN_POINT('Ctrl Pts',(-10.8659235871721,-24.615766241333,-1.65387208553339));
#4857=CARTESIAN_POINT('Ctrl Pts',(-10.8542286739151,-24.6027739169178,-1.65344225129802));
#4858=CARTESIAN_POINT('Ctrl Pts',(-10.8418521740699,-24.5903974152451,-1.65344225129802));
#4859=CARTESIAN_POINT('Ctrl Pts',(-10.8183456232634,-24.5668908609677,-1.65344225129802));
#4860=CARTESIAN_POINT('Ctrl Pts',(-10.7925932702936,-24.5458041075024,-1.65503031070608));
#4861=CARTESIAN_POINT('Ctrl Pts',(-10.7326238708849,-24.5060094536714,-1.66111850058012));
#4862=CARTESIAN_POINT('Ctrl Pts',(-10.698084116169,-24.4884439670764,-1.66597231655686));
#4863=CARTESIAN_POINT('Ctrl Pts',(-10.6128085269845,-24.4568916017019,-1.67772733665691));
#4864=CARTESIAN_POINT('Ctrl Pts',(-10.5607884767636,-24.4463757495849,-1.68461327852218));
#4865=CARTESIAN_POINT('Ctrl Pts',(-10.5011474824094,-24.4440744837255,-1.68831647339847));
#4866=CARTESIAN_POINT('Ctrl Pts',(-10.4947204548147,-24.443950779736,-1.68866325087268));
#4867=CARTESIAN_POINT('Ctrl Pts',(-10.4882987573743,-24.443950779736,-1.68895308617002));
#4868=CARTESIAN_POINT('',(-10.4420920439677,-24.443950779736,-1.69));
#4869=CARTESIAN_POINT('Ctrl Pts',(-10.4882987573724,-24.443950779736,-1.68895308617011));
#4870=CARTESIAN_POINT('Ctrl Pts',(-10.4726941903355,-24.443950779736,-1.68965737882309));
#4871=CARTESIAN_POINT('Ctrl Pts',(-10.4572715223891,-24.443950779736,-1.69));
#4872=CARTESIAN_POINT('Ctrl Pts',(-10.4420920439677,-24.443950779736,-1.69));
#4873=CARTESIAN_POINT('',(-10.2945485934615,-23.8439511060715,-1.69));
#4874=CARTESIAN_POINT('Origin',(-11.5882985934615,-23.8439511060715,-1.69));
#4875=CARTESIAN_POINT('',(-11.0882985934615,-23.8439511060715,-0.896250000000001));
#4876=CARTESIAN_POINT('Origin',(-10.2945485934615,-23.8439511060715,-0.896250000000001));
#4877=CARTESIAN_POINT('Origin',(-11.5882985934615,-23.8439511060715,-0.896250000000001));
#4878=CARTESIAN_POINT('Origin',(-11.5882985934615,-23.8439511060715,-1.69));
#4879=CARTESIAN_POINT('Origin',(-10.2945485934615,-38.4439508914948,-0.896249999999999));
#4880=CARTESIAN_POINT('',(-11.0882985934615,-38.4439508914948,-0.896249999999999));
#4881=CARTESIAN_POINT('',(-10.2945485934615,-38.4439508914948,-1.69));
#4882=CARTESIAN_POINT('Origin',(6.5617014065385,-20.7502011060715,-0.896250000000002));
#4883=CARTESIAN_POINT('',(-12.3882985934615,-20.7502011060715,-1.69));
#4884=CARTESIAN_POINT('',(6.5617014065385,-20.7502011060715,-1.69));
#4885=CARTESIAN_POINT('',(-12.3882985934615,-21.5439511060715,-0.896250000000001));
#4886=CARTESIAN_POINT('Origin',(-12.3882985934615,-20.7502011060715,-0.896250000000002));
#4887=CARTESIAN_POINT('',(6.5617014065385,-21.5439511060715,-0.896250000000001));
#4888=CARTESIAN_POINT('Ctrl Pts',(-12.3882985934615,-21.5439511060715,-0.896250000000001));
#4889=CARTESIAN_POINT('Ctrl Pts',(-13.3882985934615,-21.5439511060715,-0.896250000000001));
#4890=CARTESIAN_POINT('Ctrl Pts',(-13.3882985934615,-20.5439511060715,-0.896250000000001));
#4891=CARTESIAN_POINT('Ctrl Pts',(-12.3882985934615,-21.5439511060715,-1.69000000000002));
#4892=CARTESIAN_POINT('Ctrl Pts',(-13.3882985934615,-21.5439511060715,-1.69000000000002));
#4893=CARTESIAN_POINT('Ctrl Pts',(-13.3882985934615,-20.5439511060715,-1.69000000000002));
#4894=CARTESIAN_POINT('Ctrl Pts',(-12.3882985934615,-20.7502011060715,-1.69));
#4895=CARTESIAN_POINT('Ctrl Pts',(-12.5945485934615,-20.7502011060715,-1.69));
#4896=CARTESIAN_POINT('Ctrl Pts',(-12.5945485934615,-20.5439511060715,-1.69));
#4897=CARTESIAN_POINT('',(-12.5945485934615,-20.5439511060715,-1.69));
#4898=CARTESIAN_POINT('',(-13.3882985934615,-20.5439511060715,-0.896250000000002));
#4899=CARTESIAN_POINT('Origin',(-12.5945485934615,-20.5439511060715,-0.896250000000002));
#4900=CARTESIAN_POINT('Origin',(-12.3882985934615,-20.5439511060715,-0.896250000000002));
#4901=CARTESIAN_POINT('Origin',(-12.3882985934615,-20.5439511060715,-1.69));
#4902=CARTESIAN_POINT('Origin',(-12.5945485934615,-38.3939508914948,-0.896249999999999));
#4903=CARTESIAN_POINT('',(-12.5945485934615,-18.1439508914948,-1.69));
#4904=CARTESIAN_POINT('',(-13.3882985934615,-18.1439508914948,-0.896250000000002));
#4905=CARTESIAN_POINT('Origin',(-12.5945485934615,-18.1439508914948,-0.896250000000002));
#4906=CARTESIAN_POINT('',(-13.3882985934615,-38.3939508914948,-0.896249999999999));
#4907=CARTESIAN_POINT('',(-12.5945485934615,-38.3939508914948,-1.69));
#4908=CARTESIAN_POINT('Origin',(-11.5882985934615,-44.0439508914947,-0.896249999999999));
#4909=CARTESIAN_POINT('',(-10.9882987573743,-43.9439510782072,-1.29645562336705));
#4910=CARTESIAN_POINT('Ctrl Pts',(-10.9882987573743,-43.9439510782072,-1.29645562336705));
#4911=CARTESIAN_POINT('Ctrl Pts',(-10.9882987573743,-43.8359060939059,-1.32687923977587));
#4912=CARTESIAN_POINT('Ctrl Pts',(-10.9882987573743,-43.7305972835287,-1.39597346442128));
#4913=CARTESIAN_POINT('Ctrl Pts',(-10.9882987573743,-43.5591672703513,-1.49477956099286));
#4914=CARTESIAN_POINT('Ctrl Pts',(-10.9882987573743,-43.4658611198111,-1.54517004563965));
#4915=CARTESIAN_POINT('Ctrl Pts',(-10.9882987573743,-43.2398262936879,-1.6434900085673));
#4916=CARTESIAN_POINT('Ctrl Pts',(-10.9882987573743,-43.0558672961154,-1.69));
#4917=CARTESIAN_POINT('Ctrl Pts',(-10.9882987573743,-42.8977444270236,-1.69));
#4918=CARTESIAN_POINT('Origin',(-11.5882985934615,-44.0439508914947,-0.896249999999999));
#4919=CARTESIAN_POINT('Ctrl Pts',(-10.9781967439521,-44.043950891494,-1.29956658635708));
#4920=CARTESIAN_POINT('Ctrl Pts',(-10.9790075496514,-44.0399787632997,-1.29819221734912));
#4921=CARTESIAN_POINT('Ctrl Pts',(-10.9797443513544,-44.0361234475745,-1.29699968578176));
#4922=CARTESIAN_POINT('Ctrl Pts',(-10.982945707168,-44.0183061024448,-1.292090470342));
#4923=CARTESIAN_POINT('Ctrl Pts',(-10.984903761755,-44.0039765634548,-1.2899796237986));
#4924=CARTESIAN_POINT('Ctrl Pts',(-10.9862453676024,-43.9892188738438,-1.2899796237986));
#4925=CARTESIAN_POINT('Ctrl Pts',(-10.9876497242163,-43.9737709246184,-1.2899796237986));
#4926=CARTESIAN_POINT('Ctrl Pts',(-10.9882987573611,-43.9587223974692,-1.29229627296713));
#4927=CARTESIAN_POINT('Ctrl Pts',(-10.9882987573743,-43.9439510782072,-1.29645562336705));
#4928=CARTESIAN_POINT('Origin',(0.0117014065384963,-31.3439508914948,-1.69));
#4929=CARTESIAN_POINT('',(-10.9882987573743,-37.893950984627,-1.69));
#4930=CARTESIAN_POINT('Origin',(0.0117014065384963,-31.3439508914948,-1.69));
#4931=CARTESIAN_POINT('',(7.11170140653851,-18.1439508914948,-1.69));
#4932=CARTESIAN_POINT('',(-1.48829860836266,-24.443950779736,-1.69));
#4933=CARTESIAN_POINT('',(-5.48829867541788,-24.443950779736,-1.69));
#4934=CARTESIAN_POINT('',(-0.98829860836266,-24.943950779736,-1.69));
#4935=CARTESIAN_POINT('Origin',(-1.48829860836266,-24.943950779736,-1.69));
#4936=CARTESIAN_POINT('',(-0.988298608362677,-43.9439510777593,-1.69));
#4937=CARTESIAN_POINT('',(-0.988298608362662,-27.8939508356154,-1.69));
#4938=CARTESIAN_POINT('',(-1.48829860836268,-44.4439510777593,-1.69));
#4939=CARTESIAN_POINT('Origin',(-1.48829860836268,-43.9439510777593,-1.69));
#4940=CARTESIAN_POINT('',(-0.488298600912096,-44.4439510777593,-1.69));
#4941=CARTESIAN_POINT('Origin',(13.4117014065385,-17.2439508914948,-2.49));
#4942=CARTESIAN_POINT('',(13.4117014065385,-20.5439511060715,3.51));
#4943=CARTESIAN_POINT('',(13.4117014065385,-20.5439511060715,-2.09));
#4944=CARTESIAN_POINT('',(13.4117014065385,-20.1439508914948,3.51));
#4945=CARTESIAN_POINT('',(13.4117014065385,-18.5439508914948,3.51));
#4946=CARTESIAN_POINT('',(13.4117014065385,-18.1439508914948,1.51));
#4947=CARTESIAN_POINT('',(13.4117014065385,-17.4189508914948,0.785));
#4948=CARTESIAN_POINT('',(13.4117014065385,-18.1439508914948,-2.49));
#4949=CARTESIAN_POINT('Origin',(12.4117014065385,-20.5439511060715,-2.09));
#4950=CARTESIAN_POINT('',(12.4117014065385,-21.5439511060715,3.51));
#4951=CARTESIAN_POINT('',(12.4117014065385,-21.5439511060715,-2.09));
#4952=CARTESIAN_POINT('Origin',(12.4117014065385,-20.5439511060715,3.51));
#4953=CARTESIAN_POINT('Origin',(13.1117014065385,-21.5439511060715,-1.69));
#4954=CARTESIAN_POINT('',(11.3117011137307,-21.5439511060715,3.51));
#4955=CARTESIAN_POINT('',(11.3117011137307,-21.5439511060715,-1.69));
#4956=CARTESIAN_POINT('',(13.4617014065385,-21.5439511060715,3.51));
#4957=CARTESIAN_POINT('Origin',(11.2117011137307,-21.6439511060715,-1.69));
#4958=CARTESIAN_POINT('',(11.1117011137307,-21.7439511060715,3.51));
#4959=CARTESIAN_POINT('',(11.1117011137307,-21.7439511060715,-1.69));
#4960=CARTESIAN_POINT('',(12.3117012405768,-20.5439509792254,3.51));
#4961=CARTESIAN_POINT('Origin',(11.1117011137307,-21.5439511060715,-1.69));
#4962=CARTESIAN_POINT('',(11.1117011137307,-23.8439511060715,0.36));
#4963=CARTESIAN_POINT('',(11.1117011137307,-23.8439511060715,-1.69));
#4964=CARTESIAN_POINT('',(11.1117011137307,-22.3439511060715,0.36));
#4965=CARTESIAN_POINT('',(11.1117011137307,-27.7439510524273,0.360000000000001));
#4966=CARTESIAN_POINT('',(11.1117011137307,-22.3439511060715,3.51));
#4967=CARTESIAN_POINT('',(11.1117011137307,-22.3439511060715,-1.69));
#4968=CARTESIAN_POINT('',(11.1117011137307,-20.6939509987831,3.51));
#4969=CARTESIAN_POINT('Origin',(11.6117011137307,-23.8439511060715,-1.69));
#4970=CARTESIAN_POINT('',(11.6117011137307,-24.3439511060715,0.36));
#4971=CARTESIAN_POINT('',(11.6117011137307,-24.3439511060715,-1.69));
#4972=CARTESIAN_POINT('Origin',(11.6117011137307,-23.8439511060715,0.360000000000001));
#4973=CARTESIAN_POINT('Origin',(-13.0882983006537,-24.3439511060715,-1.69));
#4974=CARTESIAN_POINT('',(12.4117014065385,-24.3439511060715,0.36));
#4975=CARTESIAN_POINT('',(12.4117014065385,-24.3439511060715,-2.09));
#4976=CARTESIAN_POINT('',(-6.53829852025955,-24.3439511060715,0.360000000000001));
#4977=CARTESIAN_POINT('Origin',(12.4117014065385,-25.3439511060715,-2.09));
#4978=CARTESIAN_POINT('',(13.4117014065385,-25.3439511060715,0.360000000000001));
#4979=CARTESIAN_POINT('',(13.4117014065385,-25.3439511060715,-2.09));
#4980=CARTESIAN_POINT('Origin',(12.4117014065385,-25.3439511060715,0.360000000000001));
#4981=CARTESIAN_POINT('Origin',(13.4117014065385,-17.2439508914948,-2.49));
#4982=CARTESIAN_POINT('',(13.4117014065385,-45.7439508914948,2.41));
#4983=CARTESIAN_POINT('',(13.4117014065385,-45.7439508914948,3.11));
#4984=CARTESIAN_POINT('',(13.4117014065385,-22.8439511060715,2.40999999999999));
#4985=CARTESIAN_POINT('',(13.4117014065385,-47.6439508914947,2.40999999999999));
#4986=CARTESIAN_POINT('',(13.4117014065385,-22.8439511060715,0.360000000000001));
#4987=CARTESIAN_POINT('',(13.4117014065385,-22.8439511060715,-2.09));
#4988=CARTESIAN_POINT('',(13.4117014065385,-40.7939509451389,0.360000000000003));
#4989=CARTESIAN_POINT('Origin',(12.9117014065385,-45.7439508914948,-2.49));
#4990=CARTESIAN_POINT('',(12.9117014065385,-46.2439508914948,2.41));
#4991=CARTESIAN_POINT('',(12.9117014065385,-46.2439508914948,3.11));
#4992=CARTESIAN_POINT('Origin',(12.9117014065385,-45.7439508914948,2.41));
#4993=CARTESIAN_POINT('Origin',(-13.4882985934615,-46.2439508914948,3.51));
#4994=CARTESIAN_POINT('',(-10.0882985934615,-46.2439508914948,0.360000000000003));
#4995=CARTESIAN_POINT('',(-10.0882985934615,-46.2439508914948,-2.09));
#4996=CARTESIAN_POINT('',(-12.8882985934615,-46.2439508914948,0.360000000000003));
#4997=CARTESIAN_POINT('',(6.71170133333653,-46.2439508914948,0.360000000000003));
#4998=CARTESIAN_POINT('',(-12.8882985934615,-46.2439508914948,2.41));
#4999=CARTESIAN_POINT('',(-12.8882985934615,-46.2439508914948,3.11));
#5000=CARTESIAN_POINT('',(-14.3882985934615,-46.2439508914948,2.41));
#5001=CARTESIAN_POINT('',(7.0117014065385,-46.2439508914948,2.41));
#5002=CARTESIAN_POINT('',(-14.3882985934615,-46.2439508914948,3.51));
#5003=CARTESIAN_POINT('',(-14.3882985934615,-46.2439508914948,0.510000000000001));
#5004=CARTESIAN_POINT('',(14.4117014065385,-46.2439508914948,3.51));
#5005=CARTESIAN_POINT('',(0.1617014065385,-46.2439508914948,3.51));
#5006=CARTESIAN_POINT('',(14.4117014065385,-46.2439508914948,2.41));
#5007=CARTESIAN_POINT('',(14.4117014065385,-46.2439508914948,0.510000000000001));
#5008=CARTESIAN_POINT('',(7.2117014065385,-46.2439508914948,2.41));
#5009=CARTESIAN_POINT('Origin',(-10.0882985934615,-45.2439508914948,-2.09));
#5010=CARTESIAN_POINT('',(-11.0882985934615,-45.2439508914948,0.360000000000003));
#5011=CARTESIAN_POINT('',(-11.0882985934615,-45.2439508914948,-2.09));
#5012=CARTESIAN_POINT('Origin',(-10.0882985934615,-45.2439508914948,0.360000000000003));
#5013=CARTESIAN_POINT('Origin',(-11.0882985934615,-45.5439508914947,-1.69));
#5014=CARTESIAN_POINT('',(-11.0882985934615,-44.0439508914947,0.360000000000003));
#5015=CARTESIAN_POINT('',(-11.0882985934615,-44.0439508914947,-1.69));
#5016=CARTESIAN_POINT('',(-11.0882985934615,-39.7439509451389,0.360000000000002));
#5017=CARTESIAN_POINT('Origin',(-11.5882985934615,-44.0439508914947,-1.69));
#5018=CARTESIAN_POINT('',(-11.5882985934615,-43.5439508914948,0.360000000000003));
#5019=CARTESIAN_POINT('',(-11.5882985934615,-43.5439508914948,-1.69));
#5020=CARTESIAN_POINT('Origin',(-11.5882985934615,-44.0439508914947,0.360000000000003));
#5021=CARTESIAN_POINT('Origin',(-11.1882983006537,-21.6439511060715,-1.69));
#5022=CARTESIAN_POINT('',(-11.2882983006537,-21.5439511060715,3.51));
#5023=CARTESIAN_POINT('',(-11.2882983006537,-21.5439511060715,-1.69));
#5024=CARTESIAN_POINT('',(-11.088298301108,-21.7439511049746,3.51));
#5025=CARTESIAN_POINT('',(-5.38829842749981,-27.4439509792253,3.51));
#5026=CARTESIAN_POINT('',(-11.0882983006537,-21.7439511060715,-1.69));
#5027=CARTESIAN_POINT('Origin',(-10.4882987573743,-24.943950779736,-1.69));
#5028=CARTESIAN_POINT('',(-10.9882987573743,-24.943950779736,-2.19));
#5029=CARTESIAN_POINT('',(-10.9882987573743,-24.943950779736,-1.69));
#5030=CARTESIAN_POINT('',(-10.4882987573743,-24.443950779736,-2.19));
#5031=CARTESIAN_POINT('Origin',(-10.4882987573743,-24.943950779736,-2.19));
#5032=CARTESIAN_POINT('',(-10.4882987573743,-24.443950779736,-1.69));
#5033=CARTESIAN_POINT('Origin',(-10.4882987573743,-43.9439510777593,-1.69));
#5034=CARTESIAN_POINT('',(-10.4882987573743,-44.4439510777593,-2.19));
#5035=CARTESIAN_POINT('',(-10.4882987573743,-44.4439510777593,-1.69));
#5036=CARTESIAN_POINT('',(-10.9882987573743,-43.9439510777593,-2.19));
#5037=CARTESIAN_POINT('Origin',(-10.4882987573743,-43.9439510777593,-2.19));
#5038=CARTESIAN_POINT('',(-10.9882987573743,-43.9439510777593,-1.99));
#5039=CARTESIAN_POINT('Origin',(-0.988298608362677,-44.4439510777593,-1.69));
#5040=CARTESIAN_POINT('',(-1.48829860836268,-44.4439510777593,-2.19));
#5041=CARTESIAN_POINT('',(-1.48829860836268,-44.4439510777593,-1.99));
#5042=CARTESIAN_POINT('',(-3.48829864561558,-44.4439510777593,-2.19));
#5043=CARTESIAN_POINT('Origin',(-13.3882985934615,-45.4439508914948,-2.49));
#5044=CARTESIAN_POINT('',(-13.3882985934615,-25.3439511060715,0.360000000000001));
#5045=CARTESIAN_POINT('',(-13.3882985934615,-25.3439511060715,-2.09));
#5046=CARTESIAN_POINT('',(-13.3882985934615,-22.8439511060715,0.360000000000001));
#5047=CARTESIAN_POINT('',(-13.3882985934615,-40.7939509451389,0.360000000000003));
#5048=CARTESIAN_POINT('',(-13.3882985934615,-22.8439511060715,2.41));
#5049=CARTESIAN_POINT('',(-13.3882985934615,-22.8439511060715,0.134999999999994));
#5050=CARTESIAN_POINT('',(-13.3882985934615,-45.7439508914948,2.41));
#5051=CARTESIAN_POINT('',(-13.3882985934615,-46.5439508914948,2.41));
#5052=CARTESIAN_POINT('',(-13.3882985934615,-45.7439508914948,0.360000000000003));
#5053=CARTESIAN_POINT('',(-13.3882985934615,-45.7439508914948,3.11));
#5054=CARTESIAN_POINT('',(-13.3882985934615,-42.5439508914948,0.360000000000003));
#5055=CARTESIAN_POINT('',(-13.3882985934615,-39.6939509451389,0.360000000000002));
#5056=CARTESIAN_POINT('',(-13.3882985934615,-42.5439508914948,-2.09));
#5057=CARTESIAN_POINT('Origin',(14.3054514065385,-43.4502008914948,0.510000000000001));
#5058=CARTESIAN_POINT('',(13.7317014065385,-43.9986988404426,3.51));
#5059=CARTESIAN_POINT('',(13.5117014065385,-43.4502008914948,3.29));
#5060=CARTESIAN_POINT('Origin',(14.3054514065385,-43.4502008914948,4.08375));
#5061=CARTESIAN_POINT('',(13.5117014065385,-43.4502008914948,3.11));
#5062=CARTESIAN_POINT('',(13.5117014065385,-43.4502008914948,0.510000000000001));
#5063=CARTESIAN_POINT('',(14.0117014065385,-44.1875949516824,3.10999999999998));
#5064=CARTESIAN_POINT('Origin',(14.3054514065385,-43.4502008914948,3.11));
#5065=CARTESIAN_POINT('',(14.0117014065385,-44.1875949516824,2.40999999999998));
#5066=CARTESIAN_POINT('',(14.0117014065385,-44.1875949516824,0.51));
#5067=CARTESIAN_POINT('',(14.3054514065385,-44.2439508914948,2.41));
#5068=CARTESIAN_POINT('Origin',(14.3054514065385,-43.4502008914948,2.41));
#5069=CARTESIAN_POINT('',(14.3054514065385,-44.2439508914948,3.51));
#5070=CARTESIAN_POINT('',(14.3054514065385,-44.2439508914948,0.510000000000001));
#5071=CARTESIAN_POINT('Origin',(14.3054514065385,-43.4502008914948,3.51));
#5072=CARTESIAN_POINT('Origin',(-13.9882985934614,-47.6439508914947,3.11));
#5073=CARTESIAN_POINT('',(13.5117014065385,-25.1377011060715,3.11));
#5074=CARTESIAN_POINT('',(13.5117014065385,-32.4439508914948,3.11));
#5075=CARTESIAN_POINT('',(14.0117014065385,-24.4003070458839,3.10999999999998));
#5076=CARTESIAN_POINT('Origin',(14.3054514065385,-25.1377011060715,3.11));
#5077=CARTESIAN_POINT('',(14.0117014065385,-47.6439508914947,3.10999999999998));
#5078=CARTESIAN_POINT('Origin',(13.5117014065385,-17.2439508914948,-2.49));
#5079=CARTESIAN_POINT('',(13.5117014065385,-25.1377011060715,3.29));
#5080=CARTESIAN_POINT('',(13.5117014065385,-18.5439508914948,3.29));
#5081=CARTESIAN_POINT('',(13.5117014065385,-25.1377011060715,0.510000000000001));
#5082=CARTESIAN_POINT('Origin',(13.6217014065385,-18.5439508914948,3.4));
#5083=CARTESIAN_POINT('',(13.7317014065385,-24.5892031571237,3.51));
#5084=CARTESIAN_POINT('',(13.7317014065385,-18.5439508914948,3.51));
#5085=CARTESIAN_POINT('Origin',(14.3054514065385,-25.1377011060715,4.08375));
#5086=CARTESIAN_POINT('Origin',(13.8117014065385,-19.8439508914948,3.51));
#5087=CARTESIAN_POINT('',(14.4117014065385,-44.2439508914948,3.51));
#5088=CARTESIAN_POINT('',(13.6617014065385,-44.2439508914948,3.51));
#5089=CARTESIAN_POINT('',(14.4117014065385,-24.3439511060715,3.51));
#5090=CARTESIAN_POINT('',(14.4117014065385,-33.0439508914948,3.51));
#5091=CARTESIAN_POINT('',(14.3054514065385,-24.3439511060715,3.51));
#5092=CARTESIAN_POINT('',(14.1117014065385,-24.3439511060715,3.51));
#5093=CARTESIAN_POINT('Origin',(14.3054514065385,-25.1377011060715,3.51));
#5094=CARTESIAN_POINT('Origin',(14.3054514065385,-25.1377011060715,0.510000000000001));
#5095=CARTESIAN_POINT('',(14.3054514065385,-24.3439511060715,2.41));
#5096=CARTESIAN_POINT('',(14.3054514065385,-24.3439511060715,0.510000000000001));
#5097=CARTESIAN_POINT('',(14.0117014065385,-24.4003070458839,2.40999999999998));
#5098=CARTESIAN_POINT('Origin',(14.3054514065385,-25.1377011060715,2.41));
#5099=CARTESIAN_POINT('',(14.0117014065385,-24.4003070458839,0.51));
#5100=CARTESIAN_POINT('Origin',(14.4117014065385,-24.3439511060715,3.51));
#5101=CARTESIAN_POINT('',(14.4117014065385,-24.3439511060715,2.41));
#5102=CARTESIAN_POINT('',(14.4117014065385,-24.3439511060715,0.510000000000001));
#5103=CARTESIAN_POINT('',(7.2117014065385,-24.3439511060715,2.41));
#5104=CARTESIAN_POINT('Origin',(-14.2820485934615,-43.4502008914948,0.510000000000001));
#5105=CARTESIAN_POINT('',(-13.9882985934614,-44.1875949516824,3.11));
#5106=CARTESIAN_POINT('',(-13.4882985934615,-43.4502008914948,3.11));
#5107=CARTESIAN_POINT('Origin',(-14.2820485934615,-43.4502008914948,3.11));
#5108=CARTESIAN_POINT('',(-13.4882985934615,-43.4502008914948,3.29));
#5109=CARTESIAN_POINT('',(-13.4882985934615,-43.4502008914948,0.510000000000001));
#5110=CARTESIAN_POINT('',(-13.7082985934615,-43.9986988404426,3.51));
#5111=CARTESIAN_POINT('Origin',(-14.2820485934615,-43.4502008914948,4.08374999999999));
#5112=CARTESIAN_POINT('',(-14.2820485934615,-44.2439508914948,3.51));
#5113=CARTESIAN_POINT('Origin',(-14.2820485934615,-43.4502008914948,3.51));
#5114=CARTESIAN_POINT('',(-14.2820485934615,-44.2439508914948,2.41));
#5115=CARTESIAN_POINT('',(-14.2820485934615,-44.2439508914948,0.510000000000001));
#5116=CARTESIAN_POINT('',(-13.9882985934614,-44.1875949516824,2.41));
#5117=CARTESIAN_POINT('Origin',(-14.2820485934615,-43.4502008914948,2.41));
#5118=CARTESIAN_POINT('',(-13.9882985934614,-44.1875949516824,0.510000000000001));
#5119=CARTESIAN_POINT('Origin',(-13.5982985934615,-32.6439508914948,3.4));
#5120=CARTESIAN_POINT('',(-13.4882985934615,-25.1377011060715,3.29));
#5121=CARTESIAN_POINT('',(-13.4882985934615,-32.6439508914948,3.29));
#5122=CARTESIAN_POINT('',(-13.7082985934615,-24.5892031571237,3.51));
#5123=CARTESIAN_POINT('Origin',(-14.2820485934615,-25.1377011060715,4.08374999999998));
#5124=CARTESIAN_POINT('',(-13.7082985934615,-32.6439508914948,3.51));
#5125=CARTESIAN_POINT('Origin',(-13.4882985934615,-45.4439508914948,-2.49));
#5126=CARTESIAN_POINT('',(-13.4882985934615,-25.1377011060715,3.11));
#5127=CARTESIAN_POINT('',(-13.4882985934615,-46.5439508914948,3.11));
#5128=CARTESIAN_POINT('',(-13.4882985934615,-25.1377011060715,0.510000000000001));
#5129=CARTESIAN_POINT('Origin',(-13.9882985934614,-47.6439508914947,3.11));
#5130=CARTESIAN_POINT('',(-13.9882985934614,-24.4003070458839,3.11));
#5131=CARTESIAN_POINT('',(-13.9882985934614,-47.6439508914947,3.11));
#5132=CARTESIAN_POINT('Origin',(-14.2820485934615,-25.1377011060715,3.11));
#5133=CARTESIAN_POINT('Origin',(-13.9882985934614,-47.6439508914947,2.41));
#5134=CARTESIAN_POINT('',(-13.9882985934614,-24.4003070458839,2.41));
#5135=CARTESIAN_POINT('',(-13.9882985934614,-47.6439508914947,2.41));
#5136=CARTESIAN_POINT('',(-13.9882985934614,-24.4003070458839,0.510000000000001));
#5137=CARTESIAN_POINT('Origin',(-14.2820485934615,-25.1377011060715,0.510000000000001));
#5138=CARTESIAN_POINT('',(-14.2820485934615,-24.3439511060715,2.41));
#5139=CARTESIAN_POINT('Origin',(-14.2820485934615,-25.1377011060715,2.41));
#5140=CARTESIAN_POINT('',(-14.2820485934615,-24.3439511060715,3.51));
#5141=CARTESIAN_POINT('',(-14.2820485934615,-24.3439511060715,0.510000000000001));
#5142=CARTESIAN_POINT('Origin',(-14.2820485934615,-25.1377011060715,3.51));
#5143=CARTESIAN_POINT('Origin',(-0.188298593461512,-47.3939508914947,3.26));
#5144=CARTESIAN_POINT('',(-14.3882985934615,-47.1439508914947,3.51));
#5145=CARTESIAN_POINT('',(-14.3882985934615,-47.6439508914947,3.01));
#5146=CARTESIAN_POINT('',(-14.3882985934615,-41.2939508914947,9.36));
#5147=CARTESIAN_POINT('',(14.4117014065385,-47.6439508914947,3.01));
#5148=CARTESIAN_POINT('',(-0.188298593461513,-47.6439508914947,3.01));
#5149=CARTESIAN_POINT('',(14.4117014065385,-47.1439508914947,3.51));
#5150=CARTESIAN_POINT('',(14.4117014065385,-48.5439508914948,2.10999999999998));
#5151=CARTESIAN_POINT('',(-0.188298593461512,-47.1439508914947,3.51));
#5152=CARTESIAN_POINT('Origin',(14.4117014065385,-46.2439508914948,-2.49));
#5153=CARTESIAN_POINT('',(14.4117014065385,-47.6439508914947,-0.989999999999996));
#5154=CARTESIAN_POINT('',(14.4117014065385,-47.6439508914947,3.11));
#5155=CARTESIAN_POINT('',(14.4117014065385,-18.1439508914948,-0.99));
#5156=CARTESIAN_POINT('',(14.4117014065385,-38.9939508914948,-0.989999999999997));
#5157=CARTESIAN_POINT('',(14.4117014065385,-18.1439508914948,1.51));
#5158=CARTESIAN_POINT('',(14.4117014065385,-18.1439508914948,-2.49));
#5159=CARTESIAN_POINT('',(14.4117014065385,-20.1439508914948,3.51));
#5160=CARTESIAN_POINT('',(14.4117014065385,-24.6689508914948,8.035));
#5161=CARTESIAN_POINT('',(14.4117014065385,-22.3439511060715,3.51));
#5162=CARTESIAN_POINT('',(14.4117014065385,-33.0439508914948,3.51));
#5163=CARTESIAN_POINT('',(14.4117014065385,-22.3439511060715,2.41));
#5164=CARTESIAN_POINT('',(14.4117014065385,-22.3439511060715,0.510000000000001));
#5165=CARTESIAN_POINT('',(14.4117014065385,-40.268950945139,2.41));
#5166=CARTESIAN_POINT('',(14.4117014065385,-44.2439508914948,2.41));
#5167=CARTESIAN_POINT('',(14.4117014065385,-44.2439508914948,0.510000000000001));
#5168=CARTESIAN_POINT('',(14.4117014065385,-40.268950945139,2.41));
#5169=CARTESIAN_POINT('',(14.4117014065385,-33.0439508914948,3.51));
#5170=CARTESIAN_POINT('Origin',(-14.1882985934615,-47.6439508914947,-2.49));
#5171=CARTESIAN_POINT('',(-14.3882985934615,-47.6439508914947,-0.989999999999996));
#5172=CARTESIAN_POINT('',(-14.3882985934615,-47.6439508914947,3.11));
#5173=CARTESIAN_POINT('',(-12.9632985934615,-47.6439508914947,-2.48812382665786));
#5174=CARTESIAN_POINT('Origin',(-12.8882985934615,-47.6439508914947,-0.989999999999996));
#5175=CARTESIAN_POINT('',(-12.6300054409963,-47.6439508914947,-2.63874921777191));
#5176=CARTESIAN_POINT('Origin',(-12.9882985934615,-47.6439508914947,-2.98749843554382));
#5177=CARTESIAN_POINT('',(-12.271712288531,-47.6439508914947,-2.79));
#5178=CARTESIAN_POINT('Origin',(-12.271712288531,-47.6439508914947,-2.29));
#5179=CARTESIAN_POINT('',(12.295115101608,-47.6439508914947,-2.79));
#5180=CARTESIAN_POINT('',(-7.08829859346151,-47.6439508914947,-2.79));
#5181=CARTESIAN_POINT('',(12.6534082540732,-47.6439508914947,-2.63874921777191));
#5182=CARTESIAN_POINT('Origin',(12.295115101608,-47.6439508914947,-2.29));
#5183=CARTESIAN_POINT('',(12.9867014065385,-47.6439508914947,-2.48812382665786));
#5184=CARTESIAN_POINT('Origin',(13.0117014065385,-47.6439508914947,-2.98749843554382));
#5185=CARTESIAN_POINT('Origin',(12.9117014065385,-47.6439508914947,-0.989999999999996));
#5186=CARTESIAN_POINT('Origin',(-14.3882985934615,-44.2439508914948,3.51));
#5187=CARTESIAN_POINT('',(-14.3882985934615,-44.2439508914948,3.51));
#5188=CARTESIAN_POINT('',(-0.288298593461511,-44.2439508914948,3.51));
#5189=CARTESIAN_POINT('',(-14.3882985934615,-44.2439508914948,2.41));
#5190=CARTESIAN_POINT('',(-14.3882985934615,-44.2439508914948,0.510000000000001));
#5191=CARTESIAN_POINT('',(-7.18829859346151,-44.2439508914948,2.41));
#5192=CARTESIAN_POINT('Origin',(13.5117014065385,-44.2439508914948,3.51));
#5193=CARTESIAN_POINT('',(6.7617014065385,-44.2439508914948,2.41));
#5194=CARTESIAN_POINT('Origin',(0.0117014065385013,-46.6939508914948,2.41));
#5195=CARTESIAN_POINT('',(14.0117014065385,-47.6439508914947,2.40999999999998));
#5196=CARTESIAN_POINT('',(12.9117014065385,-22.3439511060715,2.41));
#5197=CARTESIAN_POINT('',(6.5117014065385,-22.3439511060715,2.41));
#5198=CARTESIAN_POINT('Origin',(12.9117014065385,-22.8439511060715,2.41));
#5199=CARTESIAN_POINT('Origin',(0.0117014065385013,-46.6939508914948,2.41));
#5200=CARTESIAN_POINT('Origin',(-12.8882985934615,-45.7439508914948,2.41));
#5201=CARTESIAN_POINT('',(-12.8882985934615,-22.3439511060715,2.41));
#5202=CARTESIAN_POINT('Origin',(-12.8882985934615,-22.8439511060715,2.41));
#5203=CARTESIAN_POINT('',(-14.3882985934615,-22.3439511060715,2.41));
#5204=CARTESIAN_POINT('',(-6.68829859346145,-22.3439511060715,2.41));
#5205=CARTESIAN_POINT('',(-14.3882985934615,-24.3439511060715,2.41));
#5206=CARTESIAN_POINT('',(-14.3882985934615,-25.7689509451389,2.41));
#5207=CARTESIAN_POINT('',(-6.73829859346149,-24.3439511060715,2.41));
#5208=CARTESIAN_POINT('',(-14.3882985934615,-25.7689509451389,2.41));
#5209=CARTESIAN_POINT('Origin',(-13.4882985934615,-24.3439511060715,3.51));
#5210=CARTESIAN_POINT('',(-14.3882985934615,-24.3439511060715,3.51));
#5211=CARTESIAN_POINT('',(-14.3882985934615,-24.3439511060715,0.510000000000001));
#5212=CARTESIAN_POINT('',(0.161701406538508,-24.3439511060715,3.51));
#5213=CARTESIAN_POINT('Origin',(13.8117014065385,-19.8439508914948,3.51));
#5214=CARTESIAN_POINT('',(-14.3882985934615,-18.5439508914947,3.51));
#5215=CARTESIAN_POINT('Origin',(13.8117014065385,-19.8439508914948,3.51));
#5216=CARTESIAN_POINT('',(-14.3882985934615,-18.5439508914947,3.51));
#5217=CARTESIAN_POINT('Origin',(13.8117014065385,-19.8439508914948,3.51));
#5218=CARTESIAN_POINT('',(-14.3882985934615,-22.3439511060715,3.51));
#5219=CARTESIAN_POINT('',(-11.0882983010533,-22.3439511060715,3.51));
#5220=CARTESIAN_POINT('',(0.3617015529424,-22.3439511060715,3.51));
#5221=CARTESIAN_POINT('',(-11.0882983006537,-21.0939509987831,3.51));
#5222=CARTESIAN_POINT('',(-12.3882985934615,-21.5439511060715,3.51));
#5223=CARTESIAN_POINT('',(1.61170155294241,-21.5439511060715,3.51));
#5224=CARTESIAN_POINT('',(-13.3882985934615,-20.5439511060715,3.51));
#5225=CARTESIAN_POINT('Origin',(-12.3882985934615,-20.5439511060715,3.51));
#5226=CARTESIAN_POINT('',(-13.3882985934615,-20.1439508914948,3.51));
#5227=CARTESIAN_POINT('',(-13.3882985934615,-32.6439508914948,3.51));
#5228=CARTESIAN_POINT('',(-14.3882985934615,-20.1439508914948,3.51));
#5229=CARTESIAN_POINT('',(13.9117014065385,-20.1439508914948,3.51));
#5230=CARTESIAN_POINT('',(-14.3882985934615,-18.5439508914947,3.51));
#5231=CARTESIAN_POINT('Origin',(13.8117014065385,-19.8439508914948,3.51));
#5232=CARTESIAN_POINT('',(13.4117014065385,-22.3439511060715,3.51));
#5233=CARTESIAN_POINT('',(13.9117014065385,-20.1439508914948,3.51));
#5234=CARTESIAN_POINT('Origin',(14.0117014065385,-47.6439508914947,3.10999999999998));
#5235=CARTESIAN_POINT('Origin',(0.0117014065385446,-22.3439511060715,2.75999999999999));
#5236=CARTESIAN_POINT('',(-14.3882985934615,-22.3439511060715,0.510000000000001));
#5237=CARTESIAN_POINT('',(-12.8882985934615,-22.3439511060715,0.36));
#5238=CARTESIAN_POINT('',(-12.8882985934615,-22.3439511060715,0.134999999999994));
#5239=CARTESIAN_POINT('',(-11.0882984472564,-22.3439511060715,0.36));
#5240=CARTESIAN_POINT('',(-6.53829852025955,-22.3439511060715,0.36));
#5241=CARTESIAN_POINT('',(-11.0882983006537,-22.3439511060715,-1.69));
#5242=CARTESIAN_POINT('Origin',(-12.8882985934615,-22.8439511060715,0.134999999999994));
#5243=CARTESIAN_POINT('Origin',(-12.8882985934615,-22.8439511060715,0.360000000000001));
#5244=CARTESIAN_POINT('Origin',(12.9117014065385,-22.8439511060715,-2.09));
#5245=CARTESIAN_POINT('',(12.9117014065385,-22.3439511060715,0.36));
#5246=CARTESIAN_POINT('Origin',(12.9117014065385,-22.8439511060715,0.360000000000001));
#5247=CARTESIAN_POINT('',(12.9117014065385,-22.3439511060715,-2.09));
#5248=CARTESIAN_POINT('Origin',(0.0117012601345846,-33.9439509987831,0.360000000000002));
#5249=CARTESIAN_POINT('',(-6.53829852025955,-22.3439511060715,0.36));
#5250=CARTESIAN_POINT('Origin',(0.0117014065385446,-22.3439511060715,2.75999999999999));
#5251=CARTESIAN_POINT('Origin',(0.0117012601345846,-33.9439509987831,0.360000000000002));
#5252=CARTESIAN_POINT('',(-12.3882985934615,-24.3439511060715,0.36));
#5253=CARTESIAN_POINT('Origin',(-12.3882985934615,-25.3439511060715,0.360000000000001));
#5254=CARTESIAN_POINT('',(-11.5882985934615,-24.3439511060715,0.36));
#5255=CARTESIAN_POINT('',(-6.53829852025955,-24.3439511060715,0.360000000000001));
#5256=CARTESIAN_POINT('',(-11.0882985934615,-23.8439511060715,0.36));
#5257=CARTESIAN_POINT('Origin',(-11.5882985934615,-23.8439511060715,0.360000000000001));
#5258=CARTESIAN_POINT('',(-11.0882985934615,-39.7439509451389,0.360000000000002));
#5259=CARTESIAN_POINT('Origin',(-14.3882985934615,-17.2439508914947,-2.49));
#5260=CARTESIAN_POINT('',(-14.3882985934615,-18.1439508914948,1.51));
#5261=CARTESIAN_POINT('',(-14.3882985934615,-17.4189508914948,0.784999999999977));
#5262=CARTESIAN_POINT('',(-14.3882985934615,-18.1439508914948,-0.99));
#5263=CARTESIAN_POINT('',(-14.3882985934615,-18.1439508914948,-2.49));
#5264=CARTESIAN_POINT('',(-14.3882985934615,-24.4939508914948,-0.989999999999999));
#5265=CARTESIAN_POINT('Origin',(-12.271712288531,-24.4939508914948,-2.29));
#5266=CARTESIAN_POINT('',(-12.6300054409963,-46.2439508914948,-2.63874921777191));
#5267=CARTESIAN_POINT('',(-12.271712288531,-46.2439508914948,-2.79));
#5268=CARTESIAN_POINT('Origin',(-12.271712288531,-46.2439508914948,-2.29));
#5269=CARTESIAN_POINT('',(-12.271712288531,-24.4939508914948,-2.79));
#5270=CARTESIAN_POINT('',(-12.6300054409963,-24.4939508914948,-2.63874921777191));
#5271=CARTESIAN_POINT('Origin',(-12.9882985934615,-24.4939508914948,-2.98749843554382));
#5272=CARTESIAN_POINT('',(-12.9632985934615,-46.2439508914948,-2.48812382665786));
#5273=CARTESIAN_POINT('',(-12.9632985934615,-24.4939508914948,-2.48812382665786));
#5274=CARTESIAN_POINT('Origin',(-12.9882985934615,-46.2439508914948,-2.98749843554382));
#5275=CARTESIAN_POINT('Origin',(12.295115101608,-38.9939508914948,-2.29));
#5276=CARTESIAN_POINT('',(12.295115101608,-46.2439508914948,-2.79));
#5277=CARTESIAN_POINT('',(12.6534082540732,-46.2439508914948,-2.63874921777191));
#5278=CARTESIAN_POINT('Origin',(12.295115101608,-46.2439508914948,-2.29));
#5279=CARTESIAN_POINT('',(12.6534082540732,-38.9939508914948,-2.63874921777191));
#5280=CARTESIAN_POINT('',(12.295115101608,-38.9939508914948,-2.79));
#5281=CARTESIAN_POINT('Origin',(13.0117014065385,-38.9939508914948,-2.98749843554382));
#5282=CARTESIAN_POINT('',(12.9867014065385,-46.2439508914948,-2.48812382665786));
#5283=CARTESIAN_POINT('Origin',(13.0117014065385,-46.2439508914948,-2.98749843554382));
#5284=CARTESIAN_POINT('',(12.9867014065385,-38.9939508914948,-2.48812382665786));
#5285=CARTESIAN_POINT('Origin',(0.0117014065384824,-46.5439508914948,-2.79));
#5286=CARTESIAN_POINT('',(-6.23829859346152,-46.2439508914948,-2.79));
#5287=CARTESIAN_POINT('Origin',(14.0117014065385,-19.1439508914948,2.51));
#5288=CARTESIAN_POINT('',(14.0117014065385,-18.1439508914948,1.51));
#5289=CARTESIAN_POINT('Origin',(-12.4882985934615,-46.2439508914948,-2.49));
#5290=CARTESIAN_POINT('',(-12.8882985934615,-46.2439508914948,-2.49));
#5291=CARTESIAN_POINT('Origin',(-12.8882985934615,-46.2439508914948,-0.989999999999996));
#5292=CARTESIAN_POINT('',(12.9117014065385,-46.2439508914948,-2.49));
#5293=CARTESIAN_POINT('',(-6.23829859346151,-46.2439508914948,-2.49));
#5294=CARTESIAN_POINT('Origin',(12.9117014065385,-46.2439508914948,-0.989999999999996));
#5295=CARTESIAN_POINT('Origin',(0.0117014065384914,-31.7439508914948,-2.49));
#5296=CARTESIAN_POINT('',(-12.8882985934615,-18.1439508914948,-2.49));
#5297=CARTESIAN_POINT('',(-12.8882985934615,-24.4939508914948,-2.49));
#5298=CARTESIAN_POINT('',(12.9117014065385,-18.1439508914948,-2.49));
#5299=CARTESIAN_POINT('',(7.1117014065385,-18.1439508914948,-2.49));
#5300=CARTESIAN_POINT('',(12.9117014065385,-38.9939508914948,-2.49));
#5301=CARTESIAN_POINT('Origin',(12.9117014065385,-38.9939508914948,-0.989999999999997));
#5302=CARTESIAN_POINT('Origin',(12.9117014065385,-18.1439508914948,-0.99));
#5303=CARTESIAN_POINT('Origin',(-12.8882985934615,-24.4939508914948,-0.989999999999999));
#5304=CARTESIAN_POINT('Origin',(-12.8882985934615,-18.1439508914947,-0.99));
#5305=CARTESIAN_POINT('Origin',(14.2117014065385,-18.1439508914948,-2.49));
#5306=CARTESIAN_POINT('',(-13.3882985934615,-18.1439508914948,1.51));
#5307=CARTESIAN_POINT('',(14.0117014065385,-18.1439508914948,1.51));
#5308=CARTESIAN_POINT('',(-13.3882985934615,-18.1439508914948,-2.49));
#5309=CARTESIAN_POINT('Origin',(14.0117014065385,-19.1439508914948,2.51));
#5310=CARTESIAN_POINT('',(-13.3882985934615,-24.4689508914948,7.83500000000001));
#5311=CARTESIAN_POINT('Origin',(-13.3882985934615,-45.4439508914948,-2.49));
#5312=CARTESIAN_POINT('',(-13.3882985934615,-20.5439511060715,-2.09));
#5313=CARTESIAN_POINT('Origin',(13.1117014065385,-21.5439511060715,-1.69));
#5314=CARTESIAN_POINT('',(-12.3882985934615,-21.5439511060715,-2.09));
#5315=CARTESIAN_POINT('Origin',(-11.0882985934615,-45.5439508914947,-1.69));
#5316=CARTESIAN_POINT('',(-11.0882985934615,-23.8439511060715,-1.69));
#5317=CARTESIAN_POINT('Origin',(-5.98829868286847,-34.4439509287477,-2.19));
#5318=CARTESIAN_POINT('',(-0.988298608362676,-43.9439510777593,-2.19));
#5319=CARTESIAN_POINT('Origin',(-1.48829860836268,-43.9439510777593,-2.19));
#5320=CARTESIAN_POINT('',(-0.988298608362659,-24.943950779736,-2.19));
#5321=CARTESIAN_POINT('',(-0.988298608362664,-29.4439508542419,-2.19));
#5322=CARTESIAN_POINT('',(-1.48829860836266,-24.443950779736,-2.19));
#5323=CARTESIAN_POINT('Origin',(-1.48829860836266,-24.943950779736,-2.19));
#5324=CARTESIAN_POINT('',(-8.48829872012137,-24.443950779736,-2.19));
#5325=CARTESIAN_POINT('',(-10.9882987573743,-39.4439510032535,-2.19));
#5326=CARTESIAN_POINT('Origin',(-12.8882985934615,-45.7439508914948,-2.49));
#5327=CARTESIAN_POINT('Origin',(-12.8882985934615,-45.7439508914948,0.360000000000003));
#5328=CARTESIAN_POINT('Origin',(0.0117012601345846,-33.9439509987831,0.360000000000002));
#5329=CARTESIAN_POINT('',(-12.3882985934615,-43.5439508914948,0.360000000000003));
#5330=CARTESIAN_POINT('',(-5.53829866666347,-43.5439508914948,0.360000000000003));
#5331=CARTESIAN_POINT('Origin',(-12.3882985934615,-42.5439508914948,0.360000000000003));
#5332=CARTESIAN_POINT('Origin',(-11.5882985934615,-23.8439511060715,-1.69));
#5333=CARTESIAN_POINT('',(-11.5882985934615,-24.3439511060715,-1.69));
#5334=CARTESIAN_POINT('Origin',(-13.0882983006537,-24.3439511060715,-1.69));
#5335=CARTESIAN_POINT('',(-12.3882985934615,-24.3439511060715,-2.09));
#5336=CARTESIAN_POINT('Origin',(-11.0882985934615,-43.5439508914948,-1.69));
#5337=CARTESIAN_POINT('',(-12.3882985934615,-43.5439508914948,-2.09));
#5338=CARTESIAN_POINT('Origin',(-1.48829860836268,-43.9439510777593,-1.69));
#5339=CARTESIAN_POINT('',(-0.988298608362677,-43.9439510777593,-1.69));
#5340=CARTESIAN_POINT('Origin',(-0.988298608362659,-24.443950779736,-1.69));
#5341=CARTESIAN_POINT('',(-0.988298608362659,-24.943950779736,-1.99));
#5342=CARTESIAN_POINT('Origin',(-1.48829860836266,-24.943950779736,-1.69));
#5343=CARTESIAN_POINT('',(-1.48829860836266,-24.443950779736,-1.99));
#5344=CARTESIAN_POINT('Origin',(-10.9882987573743,-44.4439510777593,-1.69));
#5345=CARTESIAN_POINT('Origin',(-12.3882985934615,-42.5439508914948,-2.09));
#5346=CARTESIAN_POINT('Origin',(-12.3882985934615,-25.3439511060715,-2.09));
#5347=CARTESIAN_POINT('Origin',(-12.3882985934615,-20.5439511060715,-2.09));
#5348=CARTESIAN_POINT('Origin',(-10.9882987573743,-24.443950779736,-1.69));
#5349=CARTESIAN_POINT('',(0.,0.,0.));
#5350=CARTESIAN_POINT('Origin',(14.1937499999999,8.7494591957767,0.0099999999999853));
#5351=CARTESIAN_POINT('',(13.6323170731706,8.18836015712854,0.00999999999999904));
#5352=CARTESIAN_POINT('',(13.3999999999999,8.7494591957767,0.00999999999999904));
#5353=CARTESIAN_POINT('Origin',(14.1937499999999,8.7494591957767,0.00999999999999904));
#5354=CARTESIAN_POINT('',(13.4,8.7494591957767,0.51));
#5355=CARTESIAN_POINT('',(13.3999999999999,8.7494591957767,0.0099999999999853));
#5356=CARTESIAN_POINT('',(13.6323170731706,8.18836015712854,0.51));
#5357=CARTESIAN_POINT('Origin',(14.1937499999999,8.7494591957767,0.51));
#5358=CARTESIAN_POINT('',(13.6323170731706,8.18836015712854,0.0099999999999853));
#5359=CARTESIAN_POINT('Origin',(13.4,-9.55,-0.490000000000001));
#5360=CARTESIAN_POINT('',(13.4,-4.36995430195103,0.00999999999999904));
#5361=CARTESIAN_POINT('',(13.4,-3.79999999999996,0.00999999999999904));
#5362=CARTESIAN_POINT('',(13.4,-4.36995430195103,0.51));
#5363=CARTESIAN_POINT('',(13.4,-4.36995430195103,0.159999999999993));
#5364=CARTESIAN_POINT('',(13.4,-6.90846033642126,0.51));
#5365=CARTESIAN_POINT('',(13.4,-3.57499999999999,0.51));
#5366=CARTESIAN_POINT('',(13.4,-6.90846033642126,-0.49));
#5367=CARTESIAN_POINT('',(13.4,-6.90846033642126,-0.490000000000001));
#5368=CARTESIAN_POINT('',(13.3999999999999,11.6062500000001,-0.49));
#5369=CARTESIAN_POINT('',(13.4,-3.57499999999999,-0.49));
#5370=CARTESIAN_POINT('',(13.4,11.6062500000001,0.509999999999985));
#5371=CARTESIAN_POINT('',(13.3999999999999,11.6062500000001,-0.490000000000001));
#5372=CARTESIAN_POINT('',(13.4,7.00312500000006,0.51));
#5373=CARTESIAN_POINT('Origin',(14.19375,-4.36995430195103,0.159999999999993));
#5374=CARTESIAN_POINT('',(13.6323170731707,-3.80885526330287,0.00999999999999904));
#5375=CARTESIAN_POINT('Origin',(14.19375,-4.36995430195103,0.00999999999999904));
#5376=CARTESIAN_POINT('',(13.6323170731707,-3.80885526330287,0.51));
#5377=CARTESIAN_POINT('',(13.6323170731707,-3.80885526330287,0.159999999999993));
#5378=CARTESIAN_POINT('Origin',(14.19375,-4.36995430195103,0.51));
#5379=CARTESIAN_POINT('Origin',(13.1062499999999,-3.28310104598688,0.159999999999993));
#5380=CARTESIAN_POINT('',(13.8499999999999,-3.28310104598688,0.00999999999999904));
#5381=CARTESIAN_POINT('Origin',(13.1062499999999,-3.28310104598688,0.00999999999999904));
#5382=CARTESIAN_POINT('',(13.8499999999999,-3.28310104598688,0.31));
#5383=CARTESIAN_POINT('',(13.8499999999999,-3.28310104598688,0.159999999999993));
#5384=CARTESIAN_POINT('',(13.6499999999999,-3.79054562424149,0.51));
#5385=CARTESIAN_POINT('Origin',(13.1062499999999,-3.28310104598688,1.05375));
#5386=CARTESIAN_POINT('Origin',(13.1062499999999,-3.28310104598688,0.51));
#5387=CARTESIAN_POINT('Origin',(-14.19375,8.74945919577669,0.0099999999999853));
#5388=CARTESIAN_POINT('',(-13.4,8.74945919577669,0.00999999999999904));
#5389=CARTESIAN_POINT('',(-13.6323170731708,8.18836015712852,0.00999999999999904));
#5390=CARTESIAN_POINT('Origin',(-14.19375,8.74945919577669,0.00999999999999904));
#5391=CARTESIAN_POINT('',(-13.6323170731708,8.18836015712852,0.51));
#5392=CARTESIAN_POINT('',(-13.6323170731708,8.18836015712852,0.0099999999999853));
#5393=CARTESIAN_POINT('',(-13.4000000000001,8.74945919577669,0.51));
#5394=CARTESIAN_POINT('Origin',(-14.19375,8.74945919577669,0.51));
#5395=CARTESIAN_POINT('',(-13.4,8.74945919577669,0.0099999999999853));
#5396=CARTESIAN_POINT('Origin',(-13.10625,7.66260593981253,0.0099999999999853));
#5397=CARTESIAN_POINT('',(-13.85,7.66260593981253,0.00999999999999904));
#5398=CARTESIAN_POINT('Origin',(-13.10625,7.66260593981253,0.00999999999999904));
#5399=CARTESIAN_POINT('',(-13.85,7.66260593981253,0.31));
#5400=CARTESIAN_POINT('',(-13.85,7.66260593981253,0.0099999999999853));
#5401=CARTESIAN_POINT('',(-13.65,8.17005051806714,0.51));
#5402=CARTESIAN_POINT('Origin',(-13.10625,7.66260593981253,1.05375));
#5403=CARTESIAN_POINT('Origin',(-13.10625,7.66260593981253,0.51));
#5404=CARTESIAN_POINT('Origin',(-13.05625,-3.33224266709143,0.159999999999993));
#5405=CARTESIAN_POINT('',(-13.85,-3.33224266709143,0.31));
#5406=CARTESIAN_POINT('',(-13.85,-3.33224266709143,0.00999999999999904));
#5407=CARTESIAN_POINT('',(-13.85,-3.33224266709143,0.159999999999993));
#5408=CARTESIAN_POINT('',(-13.625,-3.88592353185016,0.00999999999999904));
#5409=CARTESIAN_POINT('Origin',(-13.05625,-3.33224266709143,0.00999999999999904));
#5410=CARTESIAN_POINT('',(-13.625,-3.88592353185016,0.51));
#5411=CARTESIAN_POINT('',(-13.625,-3.88592353185016,0.159999999999993));
#5412=CARTESIAN_POINT('',(-13.65,-3.85902535473407,0.51));
#5413=CARTESIAN_POINT('Origin',(-13.05625,-3.33224266709143,0.51));
#5414=CARTESIAN_POINT('Ctrl Pts',(-13.65,-3.85902535473407,0.51));
#5415=CARTESIAN_POINT('Ctrl Pts',(-13.7065380356205,-3.79529991455325,0.453461964379512));
#5416=CARTESIAN_POINT('Ctrl Pts',(-13.7559900525918,-3.71889581506794,0.404009947408245));
#5417=CARTESIAN_POINT('Ctrl Pts',(-13.8125201210511,-3.57947954353475,0.347479878948947));
#5418=CARTESIAN_POINT('Ctrl Pts',(-13.8283966258028,-3.52507849181137,0.331603374197215));
#5419=CARTESIAN_POINT('Ctrl Pts',(-13.8460318984622,-3.42348153913465,0.313968101537797));
#5420=CARTESIAN_POINT('Ctrl Pts',(-13.85,-3.3780696754197,0.31));
#5421=CARTESIAN_POINT('Ctrl Pts',(-13.85,-3.33224266709143,0.31));
#5422=CARTESIAN_POINT('Origin',(-13.75,-3.55,0.41));
#5423=CARTESIAN_POINT('',(-13.65,-3.55,0.51));
#5424=CARTESIAN_POINT('',(-13.85,-3.55,0.31));
#5425=CARTESIAN_POINT('Origin',(-14.1937500000001,-4.43960439660888,0.159999999999993));
#5426=CARTESIAN_POINT('',(-13.4000000000001,-4.43960439660888,0.00999999999999904));
#5427=CARTESIAN_POINT('Origin',(-14.1937500000001,-4.43960439660888,0.00999999999999904));
#5428=CARTESIAN_POINT('',(-13.4000000000001,-4.43960439660888,0.51));
#5429=CARTESIAN_POINT('',(-13.4000000000001,-4.43960439660888,0.159999999999993));
#5430=CARTESIAN_POINT('Origin',(-14.1937500000001,-4.43960439660888,0.51));
#5431=CARTESIAN_POINT('Origin',(-5.09705125328885E-14,1.95000000000006,
0.00999999999999904));
#5432=CARTESIAN_POINT('',(-13.85,-3.77499999999998,0.00999999999999904));
#5433=CARTESIAN_POINT('',(-13.4000000000001,-3.79999999999997,0.00999999999999904));
#5434=CARTESIAN_POINT('Origin',(13.7499999999999,-3.54999999999999,0.41));
#5435=CARTESIAN_POINT('',(13.8499999999999,7.66260593981254,0.31));
#5436=CARTESIAN_POINT('',(13.6499999999999,8.17005051806715,0.51));
#5437=CARTESIAN_POINT('Origin',(13.1062499999999,7.66260593981254,1.05375));
#5438=CARTESIAN_POINT('',(13.6499999999999,-3.54999999999999,0.51));
#5439=CARTESIAN_POINT('',(13.8499999999999,-3.54999999999999,0.31));
#5440=CARTESIAN_POINT('Origin',(-2.22044604925031E-15,2.4,0.51));
#5441=CARTESIAN_POINT('',(-13.4000000000001,-6.90846033642127,0.51));
#5442=CARTESIAN_POINT('',(-13.4000000000001,-3.575,0.51));
#5443=CARTESIAN_POINT('',(-14.1937500000001,-7.70221033642127,0.51));
#5444=CARTESIAN_POINT('Origin',(-14.1937500000001,-6.90846033642127,0.51));
#5445=CARTESIAN_POINT('',(-14.4000000000001,-7.70221033642127,0.51));
#5446=CARTESIAN_POINT('',(-13.5250000000001,-7.70221033642127,0.51));
#5447=CARTESIAN_POINT('',(-14.4000000000001,-9.5,0.51));
#5448=CARTESIAN_POINT('',(-14.4000000000001,-2.67610516821063,0.51));
#5449=CARTESIAN_POINT('',(-12.736700231394,-9.50000000000001,0.51));
#5450=CARTESIAN_POINT('',(7.1,-9.5,0.51));
#5451=CARTESIAN_POINT('',(-12.9367014065387,-9.0999997854232,0.51));
#5452=CARTESIAN_POINT('Origin',(-12.4367000729585,-9.09999845185019,0.51));
#5453=CARTESIAN_POINT('',(-12.9367014065387,-8.00000000000001,0.51));
#5454=CARTESIAN_POINT('',(-12.9367014065387,-2.8,0.51));
#5455=CARTESIAN_POINT('',(-11.4367014065387,-8.00000000000001,0.51));
#5456=CARTESIAN_POINT('',(-5.71835070326934,-8.00000000000001,0.51));
#5457=CARTESIAN_POINT('',(-11.4367014065387,-9.50000000000001,0.51));
#5458=CARTESIAN_POINT('',(-11.4367014065387,-3.55,0.51));
#5459=CARTESIAN_POINT('',(-11.0882983006537,-9.50000000000001,0.51));
#5460=CARTESIAN_POINT('',(7.1,-9.5,0.51));
#5461=CARTESIAN_POINT('',(-11.0882983006537,-8.99999999999998,0.51));
#5462=CARTESIAN_POINT('',(-11.0882983006537,-3.04999999999999,0.51));
#5463=CARTESIAN_POINT('',(-10.5882983006537,-8.49999999999998,0.51));
#5464=CARTESIAN_POINT('Origin',(-10.5882983006537,-8.99999999999998,0.51));
#5465=CARTESIAN_POINT('',(-10.0000001490116,-8.49999999999998,0.51));
#5466=CARTESIAN_POINT('',(5.55585055686535,-8.49999999999999,0.51));
#5467=CARTESIAN_POINT('',(-10.0000001490116,1.74999995529652,0.51));
#5468=CARTESIAN_POINT('',(-10.0000001490116,-3.04999999999999,0.51));
#5469=CARTESIAN_POINT('',(-9.50000014901161,2.24999995529652,0.51));
#5470=CARTESIAN_POINT('Origin',(-9.50000014901161,1.74999995529652,0.51));
#5471=CARTESIAN_POINT('',(9.50000014901151,2.24999995529653,0.51));
#5472=CARTESIAN_POINT('',(5.00000007450571,2.24999995529652,0.51));
#5473=CARTESIAN_POINT('',(10.0000001490115,1.74999995529653,0.51));
#5474=CARTESIAN_POINT('Origin',(9.50000014901151,1.74999995529653,0.51));
#5475=CARTESIAN_POINT('',(10.0000001490115,-8.49999999999998,0.51));
#5476=CARTESIAN_POINT('',(10.0000001490115,-3.04999999999998,0.51));
#5477=CARTESIAN_POINT('',(10.5882983006536,-8.49999999999997,0.51));
#5478=CARTESIAN_POINT('',(-5.55585055686545,-8.49999999999999,0.51));
#5479=CARTESIAN_POINT('',(11.0882983006536,-8.99999999999997,0.51));
#5480=CARTESIAN_POINT('Origin',(10.5882983006536,-8.99999999999997,0.51));
#5481=CARTESIAN_POINT('',(11.0882983006536,-9.5,0.51));
#5482=CARTESIAN_POINT('',(11.0882983006536,-3.04999999999998,0.51));
#5483=CARTESIAN_POINT('',(11.4132975266056,-9.49999999999999,0.51));
#5484=CARTESIAN_POINT('',(-7.1000000000001,-9.50000000000001,0.51));
#5485=CARTESIAN_POINT('',(11.4132975266056,-7.99999999999999,0.51));
#5486=CARTESIAN_POINT('',(11.4132975266056,-2.8,0.51));
#5487=CARTESIAN_POINT('',(12.9132975266056,-7.99999999999999,0.51));
#5488=CARTESIAN_POINT('',(6.45664876330277,-7.99999999999999,0.51));
#5489=CARTESIAN_POINT('',(12.9132975266056,-9.0999997854232,0.51));
#5490=CARTESIAN_POINT('',(12.9132975266056,-3.34999989271161,0.51));
#5491=CARTESIAN_POINT('',(12.7132974183123,-9.49999999999999,0.51));
#5492=CARTESIAN_POINT('Origin',(12.4132972598885,-9.0999984518502,0.51));
#5493=CARTESIAN_POINT('',(14.4,-9.49999999999999,0.51));
#5494=CARTESIAN_POINT('',(-7.1000000000001,-9.50000000000001,0.51));
#5495=CARTESIAN_POINT('',(14.4,-7.70221033642126,0.51));
#5496=CARTESIAN_POINT('',(14.4,-2.67610516821062,0.51));
#5497=CARTESIAN_POINT('',(14.19375,-7.70221033642126,0.51));
#5498=CARTESIAN_POINT('',(13.525,-7.70221033642126,0.51));
#5499=CARTESIAN_POINT('Origin',(14.19375,-6.90846033642126,0.51));
#5500=CARTESIAN_POINT('Origin',(13.1062499999999,7.66260593981254,0.51));
#5501=CARTESIAN_POINT('',(14.1937499999999,12.4000000000001,0.51));
#5502=CARTESIAN_POINT('Origin',(14.1937499999999,11.6062500000001,0.51));
#5503=CARTESIAN_POINT('',(14.4,12.4000000000001,0.51));
#5504=CARTESIAN_POINT('',(14.0249999999999,12.4000000000001,0.51));
#5505=CARTESIAN_POINT('',(14.4,14.2,0.51));
#5506=CARTESIAN_POINT('',(14.4,8.27500000000003,0.51));
#5507=CARTESIAN_POINT('',(-14.4000000000001,14.2,0.51));
#5508=CARTESIAN_POINT('',(13.2749999999999,14.2,0.51));
#5509=CARTESIAN_POINT('',(-14.4000000000001,12.4000000000001,0.51));
#5510=CARTESIAN_POINT('',(-14.4000000000001,8.27500000000002,0.51));
#5511=CARTESIAN_POINT('',(-14.19375,12.4000000000001,0.51));
#5512=CARTESIAN_POINT('',(-14.0250000000001,12.4000000000001,0.51));
#5513=CARTESIAN_POINT('',(-13.4000000000001,11.6062500000001,0.509999999999985));
#5514=CARTESIAN_POINT('Origin',(-14.19375,11.6062500000001,0.51));
#5515=CARTESIAN_POINT('',(-13.4000000000001,5.40000000000005,0.51));
#5516=CARTESIAN_POINT('',(-12.4367014065385,13.4000002145768,0.51));
#5517=CARTESIAN_POINT('',(-11.4367014065316,13.4000002145768,0.510000000000003));
#5518=CARTESIAN_POINT('',(-5.7183507032658,13.4000002145768,0.51));
#5519=CARTESIAN_POINT('',(-11.4367014065316,11.9000002145768,0.510000000000003));
#5520=CARTESIAN_POINT('',(-11.4367014065316,7.1500001072884,0.51));
#5521=CARTESIAN_POINT('',(-12.9367014065316,11.9000002145768,0.510000000000003));
#5522=CARTESIAN_POINT('',(-6.4683507032658,11.9000002145768,0.51));
#5523=CARTESIAN_POINT('',(-12.9367014065316,12.9000002145768,0.51));
#5524=CARTESIAN_POINT('',(-12.9367014065316,7.65000010728841,0.51));
#5525=CARTESIAN_POINT('Origin',(-12.4367000729585,12.8999988810038,0.51));
#5526=CARTESIAN_POINT('',(12.9132985934617,11.900000214577,0.51));
#5527=CARTESIAN_POINT('',(11.4132985934617,11.900000214577,0.51));
#5528=CARTESIAN_POINT('',(5.70664929673084,11.900000214577,0.51));
#5529=CARTESIAN_POINT('',(11.4132985934617,13.400000214577,0.51));
#5530=CARTESIAN_POINT('',(11.4132985934617,7.90000010728851,0.51));
#5531=CARTESIAN_POINT('',(12.4132985934615,13.400000214577,0.51));
#5532=CARTESIAN_POINT('',(6.20664929673073,13.400000214577,0.51));
#5533=CARTESIAN_POINT('',(12.9132985934617,12.9000002145768,0.51));
#5534=CARTESIAN_POINT('Origin',(12.4132972598885,12.8999988810038,0.51));
#5535=CARTESIAN_POINT('',(12.9132985934617,7.15000010728851,0.51));
#5536=CARTESIAN_POINT('Origin',(13.1062499999999,7.66260593981254,0.0099999999999853));
#5537=CARTESIAN_POINT('',(13.8499999999999,7.66260593981254,0.00999999999999904));
#5538=CARTESIAN_POINT('',(13.8499999999999,7.66260593981254,0.0099999999999853));
#5539=CARTESIAN_POINT('Origin',(13.1062499999999,7.66260593981254,0.00999999999999904));
#5540=CARTESIAN_POINT('Origin',(13.8499999999999,-9.5,0.31));
#5541=CARTESIAN_POINT('',(13.8499999999999,-3.77499999999996,0.00999999999999904));
#5542=CARTESIAN_POINT('Origin',(-5.09705125328885E-14,1.95000000000006,
0.00999999999999904));
#5543=CARTESIAN_POINT('Origin',(-13.4000000000001,-9.55,-0.490000000000001));
#5544=CARTESIAN_POINT('',(-13.4,11.6062500000001,-0.49));
#5545=CARTESIAN_POINT('',(-13.4,11.6062500000001,-0.490000000000001));
#5546=CARTESIAN_POINT('',(-13.4000000000001,-6.90846033642127,-0.49));
#5547=CARTESIAN_POINT('',(-13.4000000000001,-3.575,-0.49));
#5548=CARTESIAN_POINT('',(-13.4000000000001,-6.90846033642127,-0.490000000000001));
#5549=CARTESIAN_POINT('Origin',(-11.4367014065316,13.4000002145768,0.510000000000003));
#5550=CARTESIAN_POINT('',(-12.4367014065385,13.4000002145768,1.95));
#5551=CARTESIAN_POINT('',(-12.4367014065385,13.4000002145768,0.51));
#5552=CARTESIAN_POINT('',(-11.4367014065316,13.4000002145768,1.95));
#5553=CARTESIAN_POINT('',(-12.9367014065316,13.4000002145768,1.95));
#5554=CARTESIAN_POINT('',(-11.4367014065316,13.4000002145768,0.510000000000003));
#5555=CARTESIAN_POINT('Origin',(-11.4367014065316,11.9000002145768,0.510000000000003));
#5556=CARTESIAN_POINT('',(-11.4367014065316,11.9000002145768,1.95));
#5557=CARTESIAN_POINT('',(-11.4367014065316,13.4000002145768,1.95));
#5558=CARTESIAN_POINT('',(-11.4367014065316,11.9000002145768,0.510000000000003));
#5559=CARTESIAN_POINT('Origin',(-12.9367014065316,11.9000002145768,0.510000000000003));
#5560=CARTESIAN_POINT('',(-12.9367014065316,11.9000002145768,1.95));
#5561=CARTESIAN_POINT('',(-11.4367014065316,11.9000002145768,1.95));
#5562=CARTESIAN_POINT('',(-12.9367014065316,11.9000002145768,0.510000000000003));
#5563=CARTESIAN_POINT('Origin',(-12.9367014065316,12.9000002145768,0.510000000000001));
#5564=CARTESIAN_POINT('',(-12.9367014065316,12.9000002145768,1.95));
#5565=CARTESIAN_POINT('',(-12.9367014065316,11.9000002145768,1.95));
#5566=CARTESIAN_POINT('',(-12.9367014065316,12.9000002145768,0.51));
#5567=CARTESIAN_POINT('Origin',(-12.4367000729585,12.8999988810038,0.51));
#5568=CARTESIAN_POINT('Origin',(-12.4367000729585,12.8999988810038,1.95));
#5569=CARTESIAN_POINT('Origin',(-12.1867014065316,12.6500002145768,1.95));
#5570=CARTESIAN_POINT('Origin',(-11.4367014065387,-8.00000000000001,0.51));
#5571=CARTESIAN_POINT('',(-12.9367014065387,-8.00000000000001,1.95));
#5572=CARTESIAN_POINT('',(-12.9367014065387,-8.00000000000001,0.51));
#5573=CARTESIAN_POINT('',(-11.4367014065387,-8.00000000000001,1.95));
#5574=CARTESIAN_POINT('',(-11.4367014065387,-8.00000000000001,1.95));
#5575=CARTESIAN_POINT('',(-11.4367014065387,-8.00000000000001,0.51));
#5576=CARTESIAN_POINT('Origin',(-11.4367014065387,-9.50000000000001,0.51));
#5577=CARTESIAN_POINT('',(-11.4367014065387,-9.50000000000001,1.95));
#5578=CARTESIAN_POINT('',(-11.4367014065387,-9.50000000000001,1.95));
#5579=CARTESIAN_POINT('',(-11.4367014065387,-9.50000000000001,0.51));
#5580=CARTESIAN_POINT('Origin',(-12.4367000729585,-9.09999845185019,0.51));
#5581=CARTESIAN_POINT('',(-12.736700231394,-9.50000000000001,1.95));
#5582=CARTESIAN_POINT('',(-12.736700231394,-9.50000000000001,0.51));
#5583=CARTESIAN_POINT('',(-12.9367014065387,-9.0999997854232,1.95));
#5584=CARTESIAN_POINT('Origin',(-12.4367000729585,-9.09999845185019,1.95));
#5585=CARTESIAN_POINT('',(-12.9367014065387,-9.0999997854232,0.51));
#5586=CARTESIAN_POINT('Origin',(-12.9367014065387,-8.00000000000001,0.51));
#5587=CARTESIAN_POINT('',(-12.9367014065387,-8.00000000000001,1.95));
#5588=CARTESIAN_POINT('Origin',(-12.1867014065387,-8.75,1.95));
#5589=CARTESIAN_POINT('',(-12.9367014065387,-9.50000000000001,1.95));
#5590=CARTESIAN_POINT('Origin',(11.4132985934617,11.900000214577,0.51));
#5591=CARTESIAN_POINT('',(12.9132985934617,11.900000214577,1.95));
#5592=CARTESIAN_POINT('',(12.9132985934617,11.900000214577,0.51));
#5593=CARTESIAN_POINT('',(11.4132985934617,11.900000214577,1.95));
#5594=CARTESIAN_POINT('',(11.4132985934617,11.900000214577,1.95));
#5595=CARTESIAN_POINT('',(11.4132985934617,11.900000214577,0.51));
#5596=CARTESIAN_POINT('Origin',(11.4132985934617,13.400000214577,0.51));
#5597=CARTESIAN_POINT('',(11.4132985934617,13.400000214577,1.95));
#5598=CARTESIAN_POINT('',(11.4132985934617,13.400000214577,1.95));
#5599=CARTESIAN_POINT('',(11.4132985934617,13.400000214577,0.51));
#5600=CARTESIAN_POINT('Origin',(12.4132985934615,13.400000214577,0.51));
#5601=CARTESIAN_POINT('',(12.4132985934615,13.400000214577,1.95));
#5602=CARTESIAN_POINT('',(12.9132985934617,13.400000214577,1.95));
#5603=CARTESIAN_POINT('',(12.4132985934615,13.400000214577,0.51));
#5604=CARTESIAN_POINT('Origin',(12.4132972598885,12.8999988810038,0.51));
#5605=CARTESIAN_POINT('',(12.9132985934617,12.9000002145768,1.95));
#5606=CARTESIAN_POINT('Origin',(12.4132972598885,12.8999988810038,1.95));
#5607=CARTESIAN_POINT('',(12.9132985934617,12.9000002145768,0.51));
#5608=CARTESIAN_POINT('Origin',(12.9132985934617,11.900000214577,0.51));
#5609=CARTESIAN_POINT('',(12.9132985934617,11.900000214577,1.95));
#5610=CARTESIAN_POINT('Origin',(12.1632985934617,12.650000214577,1.95));
#5611=CARTESIAN_POINT('Origin',(11.4132975266056,-7.99999999999999,0.51));
#5612=CARTESIAN_POINT('',(11.4132975266056,-9.49999999999999,1.95));
#5613=CARTESIAN_POINT('',(11.4132975266056,-9.49999999999999,0.51));
#5614=CARTESIAN_POINT('',(11.4132975266056,-7.99999999999999,1.95));
#5615=CARTESIAN_POINT('',(11.4132975266056,-9.49999999999999,1.95));
#5616=CARTESIAN_POINT('',(11.4132975266056,-7.99999999999999,0.51));
#5617=CARTESIAN_POINT('Origin',(12.9132975266056,-7.99999999999999,0.51));
#5618=CARTESIAN_POINT('',(12.9132975266056,-7.99999999999999,1.95));
#5619=CARTESIAN_POINT('',(11.4132975266056,-7.99999999999999,1.95));
#5620=CARTESIAN_POINT('',(12.9132975266056,-7.99999999999999,0.51));
#5621=CARTESIAN_POINT('Origin',(12.9132975266056,-9.0999997854232,0.51));
#5622=CARTESIAN_POINT('',(12.9132975266056,-9.0999997854232,1.95));
#5623=CARTESIAN_POINT('',(12.9132975266056,-7.99999999999999,1.95));
#5624=CARTESIAN_POINT('',(12.9132975266056,-9.0999997854232,0.51));
#5625=CARTESIAN_POINT('Origin',(12.4132972598885,-9.0999984518502,0.51));
#5626=CARTESIAN_POINT('',(12.7132974183123,-9.49999999999999,1.95));
#5627=CARTESIAN_POINT('Origin',(12.4132972598885,-9.0999984518502,1.95));
#5628=CARTESIAN_POINT('',(12.7132974183123,-9.49999999999999,0.51));
#5629=CARTESIAN_POINT('Origin',(12.1632980600335,-8.75,1.95));
#5630=CARTESIAN_POINT('',(12.9132975266056,-9.49999999999999,1.95));
#5631=CARTESIAN_POINT('Origin',(-14.2000000000001,-9.50000000000001,0.31));
#5632=CARTESIAN_POINT('',(11.0882983006536,-9.5,-0.49));
#5633=CARTESIAN_POINT('',(14.4,-9.49999999999999,-0.490000000000001));
#5634=CARTESIAN_POINT('',(12.9,-9.5,-0.490000000000001));
#5635=CARTESIAN_POINT('',(14.4,-9.49999999999999,-0.490000000000001));
#5636=CARTESIAN_POINT('',(11.0882983006536,-9.5,-0.090000000000003));
#5637=CARTESIAN_POINT('Origin',(10.5882983006536,-8.99999999999997,-0.490000000000007));
#5638=CARTESIAN_POINT('',(11.0882983006536,-8.99999999999997,-0.49));
#5639=CARTESIAN_POINT('',(10.5882983006536,-8.49999999999997,-0.49));
#5640=CARTESIAN_POINT('Origin',(10.5882983006536,-8.99999999999997,-0.49));
#5641=CARTESIAN_POINT('',(11.0882983006536,-8.99999999999997,0.31));
#5642=CARTESIAN_POINT('',(10.5882983006536,-8.49999999999997,0.31));
#5643=CARTESIAN_POINT('Origin',(11.0882983006536,-8.49999999999998,-0.490000000000006));
#5644=CARTESIAN_POINT('',(11.0882983006536,-3.04999999999998,-0.49));
#5645=CARTESIAN_POINT('Origin',(10.0000001490115,-8.25000004470347,0.31));
#5646=CARTESIAN_POINT('',(10.0000001490115,-8.49999999999998,-0.0900000000000004));
#5647=CARTESIAN_POINT('',(10.0000001490115,1.74999995529653,-0.0900000000000004));
#5648=CARTESIAN_POINT('',(10.0000001490115,-8.31250001117585,-0.0900000000000004));
#5649=CARTESIAN_POINT('',(10.0000001490115,-8.49999999999998,0.00999999999999644));
#5650=CARTESIAN_POINT('',(10.0000001490115,1.74999995529653,0.31));
#5651=CARTESIAN_POINT('Origin',(9.50000014901151,1.74999995529653,0.31));
#5652=CARTESIAN_POINT('',(9.50000014901151,2.24999995529653,-0.0900000000000004));
#5653=CARTESIAN_POINT('Origin',(9.50000014901151,1.74999995529653,-0.0900000000000004));
#5654=CARTESIAN_POINT('',(9.50000014901151,2.24999995529653,0.31));
#5655=CARTESIAN_POINT('Origin',(14.4,14.2,-0.490000000000002));
#5656=CARTESIAN_POINT('',(14.4,12.4000000000001,-0.490000000000001));
#5657=CARTESIAN_POINT('',(14.4,12.4000000000001,-0.490000000000001));
#5658=CARTESIAN_POINT('',(14.4,14.2,-0.490000000000001));
#5659=CARTESIAN_POINT('',(14.4,12.3000000000001,-0.490000000000001));
#5660=CARTESIAN_POINT('',(14.4,14.2,-0.490000000000001));
#5661=CARTESIAN_POINT('Origin',(14.4,-7.70221033642126,-0.49));
#5662=CARTESIAN_POINT('',(14.4,-7.70221033642126,-0.49));
#5663=CARTESIAN_POINT('',(14.4,-9.59999978542318,-0.49));
#5664=CARTESIAN_POINT('',(14.4,-7.70221033642126,-0.49));
#5665=CARTESIAN_POINT('Origin',(13.4,-7.70221033642126,-0.490000000000001));
#5666=CARTESIAN_POINT('',(14.19375,-7.70221033642126,-0.490000000000001));
#5667=CARTESIAN_POINT('',(14.19375,-7.70221033642126,-0.490000000000001));
#5668=CARTESIAN_POINT('',(14.4,-7.70221033642126,-0.49));
#5669=CARTESIAN_POINT('Origin',(14.19375,-6.90846033642126,-0.490000000000001));
#5670=CARTESIAN_POINT('Origin',(14.19375,-6.90846033642126,-0.49));
#5671=CARTESIAN_POINT('Origin',(14.4,12.4000000000001,-0.490000000000001));
#5672=CARTESIAN_POINT('',(14.1937499999999,12.4000000000001,-0.490000000000001));
#5673=CARTESIAN_POINT('',(14.1937499999999,12.4000000000001,-0.490000000000001));
#5674=CARTESIAN_POINT('',(14.4,12.4000000000001,-0.490000000000001));
#5675=CARTESIAN_POINT('Origin',(14.1937499999999,11.6062500000001,-0.490000000000001));
#5676=CARTESIAN_POINT('Origin',(14.1937499999999,11.6062500000001,-0.49));
#5677=CARTESIAN_POINT('Origin',(14.2,-9.5,0.31));
#5678=CARTESIAN_POINT('',(-11.0882983006537,-9.50000000000001,-0.49));
#5679=CARTESIAN_POINT('',(-14.4000000000001,-9.5,-0.490000000000001));
#5680=CARTESIAN_POINT('',(-12.9000000000001,-9.50000000000001,-0.490000000000001));
#5681=CARTESIAN_POINT('',(-11.0882983006537,-9.50000000000001,-0.090000000000003));
#5682=CARTESIAN_POINT('',(-14.4000000000001,-9.5,-0.490000000000001));
#5683=CARTESIAN_POINT('Origin',(-10.5882983006537,-8.99999999999998,-0.490000000000007));
#5684=CARTESIAN_POINT('',(-11.0882983006537,-8.99999999999998,-0.49));
#5685=CARTESIAN_POINT('',(-10.5882983006537,-8.49999999999998,-0.49));
#5686=CARTESIAN_POINT('Origin',(-10.5882983006537,-8.99999999999998,-0.49));
#5687=CARTESIAN_POINT('',(-10.5882983006537,-8.49999999999998,0.31));
#5688=CARTESIAN_POINT('',(-11.0882983006537,-8.99999999999998,0.31));
#5689=CARTESIAN_POINT('Origin',(-11.0882983006537,-8.49999999999999,-0.490000000000006));
#5690=CARTESIAN_POINT('',(-11.0882983006537,-3.04999999999999,-0.49));
#5691=CARTESIAN_POINT('Origin',(-10.0000001490116,-8.25000004470348,0.31));
#5692=CARTESIAN_POINT('',(-10.0000001490116,-8.49999999999998,-0.0900000000000004));
#5693=CARTESIAN_POINT('',(-10.0000001490116,1.74999995529652,-0.0900000000000004));
#5694=CARTESIAN_POINT('',(-10.0000001490116,-8.31250001117586,-0.0900000000000004));
#5695=CARTESIAN_POINT('',(-10.0000001490116,1.74999995529652,0.31));
#5696=CARTESIAN_POINT('',(-10.0000001490116,-8.49999999999999,0.00999999999999644));
#5697=CARTESIAN_POINT('Origin',(-9.50000014901161,1.74999995529652,0.31));
#5698=CARTESIAN_POINT('',(-9.50000014901161,2.24999995529652,-0.0900000000000004));
#5699=CARTESIAN_POINT('Origin',(-9.50000014901161,1.74999995529652,-0.0900000000000004));
#5700=CARTESIAN_POINT('',(-9.50000014901161,2.24999995529652,0.31));
#5701=CARTESIAN_POINT('Origin',(-10.0000001490116,2.24999995529652,0.31));
#5702=CARTESIAN_POINT('',(10.0000001490115,2.24999995529653,-0.0900000000000004));
#5703=CARTESIAN_POINT('Origin',(-13.85,-9.50000000000001,0.31));
#5704=CARTESIAN_POINT('Origin',(-3.33066907387547E-14,14.2,0.26));
#5705=CARTESIAN_POINT('',(-14.4000000000001,14.2,-0.490000000000001));
#5706=CARTESIAN_POINT('',(-1.77635683940025E-14,14.2,-0.49));
#5707=CARTESIAN_POINT('',(-14.4000000000001,14.2,-0.490000000000001));
#5708=CARTESIAN_POINT('Origin',(-14.4000000000001,14.2,-0.490000000000002));
#5709=CARTESIAN_POINT('',(-14.4000000000001,12.4000000000001,-0.490000000000001));
#5710=CARTESIAN_POINT('',(-14.4000000000001,12.3000000000001,-0.490000000000001));
#5711=CARTESIAN_POINT('',(-14.4000000000001,12.4000000000001,-0.490000000000001));
#5712=CARTESIAN_POINT('Origin',(-14.4000000000001,-7.70221033642127,-0.49));
#5713=CARTESIAN_POINT('',(-14.4000000000001,-7.70221033642127,-0.49));
#5714=CARTESIAN_POINT('',(-14.4000000000001,-7.70221033642127,-0.49));
#5715=CARTESIAN_POINT('',(-14.4000000000001,-9.59999978542319,-0.49));
#5716=CARTESIAN_POINT('Origin',(-13.4000000000001,-7.70221033642127,-0.490000000000001));
#5717=CARTESIAN_POINT('',(-14.1937500000001,-7.70221033642127,-0.490000000000001));
#5718=CARTESIAN_POINT('',(-14.1937500000001,-7.70221033642127,-0.490000000000001));
#5719=CARTESIAN_POINT('',(-14.4000000000001,-7.70221033642127,-0.49));
#5720=CARTESIAN_POINT('Origin',(-14.1937500000001,-6.90846033642127,-0.490000000000001));
#5721=CARTESIAN_POINT('Origin',(-14.1937500000001,-6.90846033642127,-0.49));
#5722=CARTESIAN_POINT('Origin',(-14.4000000000001,12.4000000000001,-0.490000000000001));
#5723=CARTESIAN_POINT('',(-14.19375,12.4000000000001,-0.490000000000001));
#5724=CARTESIAN_POINT('',(-14.19375,12.4000000000001,-0.490000000000001));
#5725=CARTESIAN_POINT('',(-14.4000000000001,12.4000000000001,-0.490000000000001));
#5726=CARTESIAN_POINT('Origin',(-14.19375,11.6062500000001,-0.490000000000001));
#5727=CARTESIAN_POINT('Origin',(-14.19375,11.6062500000001,-0.49));
#5728=CARTESIAN_POINT('Origin',(9.20972208953033E-31,-3.00000004470348,
-0.0900000000000004));
#5729=CARTESIAN_POINT('',(-5.55585055686545,-8.5,-0.0900000000000004));
#5730=CARTESIAN_POINT('Origin',(11.1117011137307,-8.5,-0.490000000000007));
#5731=CARTESIAN_POINT('',(-5.55585055686545,-8.49999999999999,-0.49));
#5732=CARTESIAN_POINT('Origin',(-2.22044604925031E-15,2.4,-0.49));
#5733=CARTESIAN_POINT('',(4.49943901581484E-15,33.,-3.87501762225021E-15));
#5734=CARTESIAN_POINT('',(0.0193888321519573,1.05604910850528,3.01999999999999));
#5735=UNCERTAINTY_MEASURE_WITH_UNIT(LENGTH_MEASURE(0.01),#5743,
'DISTANCE_ACCURACY_VALUE',
'Maximum model space distance between geometric entities at asserted c
onnectivities');
#5736=UNCERTAINTY_MEASURE_WITH_UNIT(LENGTH_MEASURE(0.01),#5743,
'DISTANCE_ACCURACY_VALUE',
'Maximum model space distance between geometric entities at asserted c
onnectivities');
#5737=UNCERTAINTY_MEASURE_WITH_UNIT(LENGTH_MEASURE(0.01),#5743,
'DISTANCE_ACCURACY_VALUE',
'Maximum model space distance between geometric entities at asserted c
onnectivities');
#5738=UNCERTAINTY_MEASURE_WITH_UNIT(LENGTH_MEASURE(0.01),#5743,
'DISTANCE_ACCURACY_VALUE',
'Maximum model space distance between geometric entities at asserted c
onnectivities');
#5739=(
GEOMETRIC_REPRESENTATION_CONTEXT(3)
GLOBAL_UNCERTAINTY_ASSIGNED_CONTEXT((#5735))
GLOBAL_UNIT_ASSIGNED_CONTEXT((#5743,#5745,#5746))
REPRESENTATION_CONTEXT('','3D')
);
#5740=(
GEOMETRIC_REPRESENTATION_CONTEXT(3)
GLOBAL_UNCERTAINTY_ASSIGNED_CONTEXT((#5736))
GLOBAL_UNIT_ASSIGNED_CONTEXT((#5743,#5745,#5746))
REPRESENTATION_CONTEXT('','3D')
);
#5741=(
GEOMETRIC_REPRESENTATION_CONTEXT(3)
GLOBAL_UNCERTAINTY_ASSIGNED_CONTEXT((#5737))
GLOBAL_UNIT_ASSIGNED_CONTEXT((#5743,#5745,#5746))
REPRESENTATION_CONTEXT('','3D')
);
#5742=(
GEOMETRIC_REPRESENTATION_CONTEXT(3)
GLOBAL_UNCERTAINTY_ASSIGNED_CONTEXT((#5738))
GLOBAL_UNIT_ASSIGNED_CONTEXT((#5743,#5745,#5746))
REPRESENTATION_CONTEXT('','3D')
);
#5743=(
LENGTH_UNIT()
NAMED_UNIT(*)
SI_UNIT(.MILLI.,.METRE.)
);
#5744=(
LENGTH_UNIT()
NAMED_UNIT(*)
SI_UNIT($,.METRE.)
);
#5745=(
NAMED_UNIT(*)
PLANE_ANGLE_UNIT()
SI_UNIT($,.RADIAN.)
);
#5746=(
NAMED_UNIT(*)
SI_UNIT($,.STERADIAN.)
SOLID_ANGLE_UNIT()
);
#5747=SHAPE_DEFINITION_REPRESENTATION(#5750,#5755);
#5748=SHAPE_DEFINITION_REPRESENTATION(#5751,#5756);
#5749=SHAPE_DEFINITION_REPRESENTATION(#5752,#5757);
#5750=PRODUCT_DEFINITION_SHAPE('',$,#5759);
#5751=PRODUCT_DEFINITION_SHAPE('',$,#5760);
#5752=PRODUCT_DEFINITION_SHAPE('',$,#5761);
#5753=PRODUCT_DEFINITION_SHAPE($,$,#17);
#5754=PRODUCT_DEFINITION_SHAPE($,$,#18);
#5755=SHAPE_REPRESENTATION('',(#3336,#3653,#3654),#5739);
#5756=SHAPE_REPRESENTATION('',(#3337),#5740);
#5757=SHAPE_REPRESENTATION('',(#3543),#5741);
#5758=PRODUCT_DEFINITION_CONTEXT('part definition',#5769,'design');
#5759=PRODUCT_DEFINITION('2026-08-14-05-11-35-876','TFCCartV2',#5762,#5758);
#5760=PRODUCT_DEFINITION('2026-08-14-05-11-35-885','TopShell',#5763,#5758);
#5761=PRODUCT_DEFINITION('2026-08-14-05-11-35-886','BottomShell',#5764,
#5758);
#5762=PRODUCT_DEFINITION_FORMATION('',$,#5771);
#5763=PRODUCT_DEFINITION_FORMATION('',$,#5772);
#5764=PRODUCT_DEFINITION_FORMATION('',$,#5773);
#5765=PRODUCT_RELATED_PRODUCT_CATEGORY('TFCCartV2','TFCCartV2',(#5771));
#5766=PRODUCT_RELATED_PRODUCT_CATEGORY('TopShell','TopShell',(#5772));
#5767=PRODUCT_RELATED_PRODUCT_CATEGORY('BottomShell','BottomShell',(#5773));
#5768=APPLICATION_PROTOCOL_DEFINITION('international standard',
'automotive_design',2009,#5769);
#5769=APPLICATION_CONTEXT(
'Core Data for Automotive Mechanical Design Process');
#5770=PRODUCT_CONTEXT('part definition',#5769,'mechanical');
#5771=PRODUCT('2026-08-14-05-11-35-876','TFCCartV2',$,(#5770));
#5772=PRODUCT('2026-08-14-05-11-35-885','TopShell',$,(#5770));
#5773=PRODUCT('2026-08-14-05-11-35-886','BottomShell',$,(#5770));
#5774=PRESENTATION_STYLE_ASSIGNMENT((#5776));
#5775=PRESENTATION_STYLE_ASSIGNMENT((#5777));
#5776=SURFACE_STYLE_USAGE(.BOTH.,#5778);
#5777=SURFACE_STYLE_USAGE(.BOTH.,#5779);
#5778=SURFACE_SIDE_STYLE('',(#5780));
#5779=SURFACE_SIDE_STYLE('',(#5781));
#5780=SURFACE_STYLE_FILL_AREA(#5782);
#5781=SURFACE_STYLE_FILL_AREA(#5783);
#5782=FILL_AREA_STYLE('Steel - Satin',(#5784));
#5783=FILL_AREA_STYLE('Opaque(160,160,160)',(#5785));
#5784=FILL_AREA_STYLE_COLOUR('Steel - Satin',#5786);
#5785=FILL_AREA_STYLE_COLOUR('Opaque(160,160,160)',#5787);
#5786=COLOUR_RGB('Steel - Satin',0.627450980392157,0.627450980392157,0.627450980392157);
#5787=COLOUR_RGB('Opaque(160,160,160)',0.627450980392157,0.627450980392157,
0.627450980392157);
ENDSEC;
END-ISO-10303-21;
